ISO-10303-21;
HEADER;
FILE_DESCRIPTION(('KiCad electronic assembly'),'2;1');
FILE_NAME('HackPad1.step','2026-09-05T00:59:56',('Pcbnew'),('Kicad'),
  'Open CASCADE STEP processor 7.7','KiCad to STEP converter','Unknown'
  );
FILE_SCHEMA(('AUTOMOTIVE_DESIGN { 1 0 10303 214 1 1 1 1 }'));
ENDSEC;
DATA;
#1 = APPLICATION_PROTOCOL_DEFINITION('international standard',
  'automotive_design',2000,#2);
#2 = APPLICATION_CONTEXT(
  'core data for automotive mechanical design processes');
#3 = SHAPE_DEFINITION_REPRESENTATION(#4,#10);
#4 = PRODUCT_DEFINITION_SHAPE('','',#5);
#5 = PRODUCT_DEFINITION('design','',#6,#9);
#6 = PRODUCT_DEFINITION_FORMATION('','',#7);
#7 = PRODUCT('HackPad1 1','HackPad1 1','',(#8));
#8 = PRODUCT_CONTEXT('',#2,'mechanical');
#9 = PRODUCT_DEFINITION_CONTEXT('part definition',#2,'design');
#10 = SHAPE_REPRESENTATION('',(#11,#15,#19,#23,#27,#31,#35,#39,#43,#47,
    #51,#55,#59),#63);
#11 = AXIS2_PLACEMENT_3D('',#12,#13,#14);
#12 = CARTESIAN_POINT('',(0.,0.,0.));
#13 = DIRECTION('',(0.,0.,1.));
#14 = DIRECTION('',(1.,0.,-0.));
#15 = AXIS2_PLACEMENT_3D('',#16,#17,#18);
#16 = CARTESIAN_POINT('',(131.06,-96.25,1.65));
#17 = DIRECTION('',(0.,0.,1.));
#18 = DIRECTION('',(-1.,1.224646799147E-16,0.));
#19 = AXIS2_PLACEMENT_3D('',#20,#21,#22);
#20 = CARTESIAN_POINT('',(123.69,-62.,1.65));
#21 = DIRECTION('',(0.,0.,1.));
#22 = DIRECTION('',(1.,0.,0.));
#23 = AXIS2_PLACEMENT_3D('',#24,#25,#26);
#24 = CARTESIAN_POINT('',(137.92,-62.,1.65));
#25 = DIRECTION('',(0.,0.,1.));
#26 = DIRECTION('',(1.,0.,0.));
#27 = AXIS2_PLACEMENT_3D('',#28,#29,#30);
#28 = CARTESIAN_POINT('',(152.67,-96.75,1.65));
#29 = DIRECTION('',(0.,0.,1.));
#30 = DIRECTION('',(1.,0.,0.));
#31 = AXIS2_PLACEMENT_3D('',#32,#33,#34);
#32 = CARTESIAN_POINT('',(137.67,-96.5,1.65));
#33 = DIRECTION('',(0.,0.,1.));
#34 = DIRECTION('',(1.,0.,0.));
#35 = AXIS2_PLACEMENT_3D('',#36,#37,#38);
#36 = CARTESIAN_POINT('',(132.525,-49.95,1.65));
#37 = DIRECTION('',(0.,0.,1.));
#38 = DIRECTION('',(1.,0.,0.));
#39 = AXIS2_PLACEMENT_3D('',#40,#41,#42);
#40 = CARTESIAN_POINT('',(152.67,-62.,1.65));
#41 = DIRECTION('',(0.,0.,1.));
#42 = DIRECTION('',(1.,0.,0.));
#43 = AXIS2_PLACEMENT_3D('',#44,#45,#46);
#44 = CARTESIAN_POINT('',(157.5,-56.5,-5.E-02));
#45 = DIRECTION('',(1.499759782662E-32,1.224646799147E-16,-1.));
#46 = DIRECTION('',(-1.,1.224646799147E-16,0.));
#47 = AXIS2_PLACEMENT_3D('',#48,#49,#50);
#48 = CARTESIAN_POINT('',(125.,-56.5,-5.E-02));
#49 = DIRECTION('',(1.499759782662E-32,1.224646799147E-16,-1.));
#50 = DIRECTION('',(-1.,1.224646799147E-16,0.));
#51 = AXIS2_PLACEMENT_3D('',#52,#53,#54);
#52 = CARTESIAN_POINT('',(126.3,-101.85,-5.E-02));
#53 = DIRECTION('',(1.499759782662E-32,1.224646799147E-16,-1.));
#54 = DIRECTION('',(-1.,1.224646799147E-16,0.));
#55 = AXIS2_PLACEMENT_3D('',#56,#57,#58);
#56 = CARTESIAN_POINT('',(158.5,-101.75,-5.E-02));
#57 = DIRECTION('',(1.499759782662E-32,1.224646799147E-16,-1.));
#58 = DIRECTION('',(-1.,1.224646799147E-16,0.));
#59 = AXIS2_PLACEMENT_3D('',#60,#61,#62);
#60 = CARTESIAN_POINT('',(0.,0.,0.));
#61 = DIRECTION('',(0.,0.,1.));
#62 = DIRECTION('',(1.,0.,-0.));
#63 = ( GEOMETRIC_REPRESENTATION_CONTEXT(3) 
GLOBAL_UNCERTAINTY_ASSIGNED_CONTEXT((#67)) GLOBAL_UNIT_ASSIGNED_CONTEXT(
(#64,#65,#66)) REPRESENTATION_CONTEXT('Context #1',
  '3D Context with UNIT and UNCERTAINTY') );
#64 = ( LENGTH_UNIT() NAMED_UNIT(*) SI_UNIT(.MILLI.,.METRE.) );
#65 = ( NAMED_UNIT(*) PLANE_ANGLE_UNIT() SI_UNIT($,.RADIAN.) );
#66 = ( NAMED_UNIT(*) SI_UNIT($,.STERADIAN.) SOLID_ANGLE_UNIT() );
#67 = UNCERTAINTY_MEASURE_WITH_UNIT(LENGTH_MEASURE(2.E-06),#64,
  'distance_accuracy_value','confusion accuracy');
#68 = PRODUCT_RELATED_PRODUCT_CATEGORY('part',$,(#7));
#69 = SHAPE_DEFINITION_REPRESENTATION(#70,#76);
#70 = PRODUCT_DEFINITION_SHAPE('','',#71);
#71 = PRODUCT_DEFINITION('design','',#72,#75);
#72 = PRODUCT_DEFINITION_FORMATION('','',#73);
#73 = PRODUCT('D_DO-35_SOD27_P7.62mm_Horizontal',
  'D_DO-35_SOD27_P7.62mm_Horizontal','',(#74));
#74 = PRODUCT_CONTEXT('',#2,'mechanical');
#75 = PRODUCT_DEFINITION_CONTEXT('part definition',#2,'design');
#76 = SHAPE_REPRESENTATION('',(#11,#77),#81);
#77 = AXIS2_PLACEMENT_3D('',#78,#79,#80);
#78 = CARTESIAN_POINT('',(0.,0.,0.));
#79 = DIRECTION('',(0.,0.,1.));
#80 = DIRECTION('',(1.,0.,-0.));
#81 = ( GEOMETRIC_REPRESENTATION_CONTEXT(3) 
GLOBAL_UNCERTAINTY_ASSIGNED_CONTEXT((#85)) GLOBAL_UNIT_ASSIGNED_CONTEXT(
(#82,#83,#84)) REPRESENTATION_CONTEXT('Context #1',
  '3D Context with UNIT and UNCERTAINTY') );
#82 = ( LENGTH_UNIT() NAMED_UNIT(*) SI_UNIT(.MILLI.,.METRE.) );
#83 = ( NAMED_UNIT(*) PLANE_ANGLE_UNIT() SI_UNIT($,.RADIAN.) );
#84 = ( NAMED_UNIT(*) SI_UNIT($,.STERADIAN.) SOLID_ANGLE_UNIT() );
#85 = UNCERTAINTY_MEASURE_WITH_UNIT(LENGTH_MEASURE(1.E-07),#82,
  'distance_accuracy_value','confusion accuracy');
#86 = CONTEXT_DEPENDENT_SHAPE_REPRESENTATION(#87,#89);
#87 = ( REPRESENTATION_RELATIONSHIP('','',#76,#10) 
REPRESENTATION_RELATIONSHIP_WITH_TRANSFORMATION(#88) 
SHAPE_REPRESENTATION_RELATIONSHIP() );
#88 = ITEM_DEFINED_TRANSFORMATION('','',#11,#15);
#89 = PRODUCT_DEFINITION_SHAPE('Placement','Placement of an item',#90);
#90 = NEXT_ASSEMBLY_USAGE_OCCURRENCE('2','D2','',#5,#71,$);
#91 = PRODUCT_RELATED_PRODUCT_CATEGORY('part',$,(#73));
#92 = SHAPE_DEFINITION_REPRESENTATION(#93,#99);
#93 = PRODUCT_DEFINITION_SHAPE('','',#94);
#94 = PRODUCT_DEFINITION('design','',#95,#98);
#95 = PRODUCT_DEFINITION_FORMATION('','',#96);
#96 = PRODUCT('D_DO-35_SOD27_P7.62mm_Horizontal',
  'D_DO-35_SOD27_P7.62mm_Horizontal','',(#97));
#97 = PRODUCT_CONTEXT('',#2,'mechanical');
#98 = PRODUCT_DEFINITION_CONTEXT('part definition',#2,'design');
#99 = SHAPE_REPRESENTATION('',(#11,#100,#255),#450);
#100 = MANIFOLD_SOLID_BREP('',#101);
#101 = CLOSED_SHELL('',(#102,#135,#161,#186,#212,#237,#246));
#102 = ADVANCED_FACE('',(#103),#130,.T.);
#103 = FACE_BOUND('',#104,.T.);
#104 = EDGE_LOOP('',(#105,#115,#122,#123));
#105 = ORIENTED_EDGE('',*,*,#106,.T.);
#106 = EDGE_CURVE('',#107,#109,#111,.T.);
#107 = VERTEX_POINT('',#108);
#108 = CARTESIAN_POINT('',(0.25,0.,-2.5));
#109 = VERTEX_POINT('',#110);
#110 = CARTESIAN_POINT('',(0.25,1.E-15,1.));
#111 = LINE('',#112,#113);
#112 = CARTESIAN_POINT('',(0.25,6.7E-16,1.));
#113 = VECTOR('',#114,1.);
#114 = DIRECTION('',(0.,2.2E-16,1.));
#115 = ORIENTED_EDGE('',*,*,#116,.F.);
#116 = EDGE_CURVE('',#109,#109,#117,.T.);
#117 = CIRCLE('',#118,0.25);
#118 = AXIS2_PLACEMENT_3D('',#119,#120,#121);
#119 = CARTESIAN_POINT('',(0.,6.7E-16,1.));
#120 = DIRECTION('',(-0.,2.2E-16,1.));
#121 = DIRECTION('',(1.,0.,0.));
#122 = ORIENTED_EDGE('',*,*,#106,.F.);
#123 = ORIENTED_EDGE('',*,*,#124,.T.);
#124 = EDGE_CURVE('',#107,#107,#125,.T.);
#125 = CIRCLE('',#126,0.25);
#126 = AXIS2_PLACEMENT_3D('',#127,#128,#129);
#127 = CARTESIAN_POINT('',(0.,-1.1E-16,-2.5));
#128 = DIRECTION('',(-0.,2.2E-16,1.));
#129 = DIRECTION('',(1.,0.,0.));
#130 = CYLINDRICAL_SURFACE('',#131,0.25);
#131 = AXIS2_PLACEMENT_3D('',#132,#133,#134);
#132 = CARTESIAN_POINT('',(0.,6.7E-16,1.));
#133 = DIRECTION('',(0.,2.2E-16,1.));
#134 = DIRECTION('',(1.,0.,-0.));
#135 = ADVANCED_FACE('',(#136),#156,.T.);
#136 = FACE_BOUND('',#137,.T.);
#137 = EDGE_LOOP('',(#138,#147,#154,#155));
#138 = ORIENTED_EDGE('',*,*,#139,.T.);
#139 = EDGE_CURVE('',#109,#140,#142,.T.);
#140 = VERTEX_POINT('',#141);
#141 = CARTESIAN_POINT('',(0.5,1.E-15,1.25));
#142 = CIRCLE('',#143,0.25);
#143 = AXIS2_PLACEMENT_3D('',#144,#145,#146);
#144 = CARTESIAN_POINT('',(0.5,7.6E-16,1.));
#145 = DIRECTION('',(0.,1.,-2.2E-16));
#146 = DIRECTION('',(1.,0.,0.));
#147 = ORIENTED_EDGE('',*,*,#148,.T.);
#148 = EDGE_CURVE('',#140,#140,#149,.T.);
#149 = CIRCLE('',#150,0.25);
#150 = AXIS2_PLACEMENT_3D('',#151,#152,#153);
#151 = CARTESIAN_POINT('',(0.5,7.8E-16,1.5));
#152 = DIRECTION('',(-1.,0.,-1.8E-16));
#153 = DIRECTION('',(-1.8E-16,2.2E-16,1.));
#154 = ORIENTED_EDGE('',*,*,#139,.F.);
#155 = ORIENTED_EDGE('',*,*,#116,.T.);
#156 = TOROIDAL_SURFACE('',#157,0.5,0.25);
#157 = AXIS2_PLACEMENT_3D('',#158,#159,#160);
#158 = CARTESIAN_POINT('',(0.5,6.7E-16,1.));
#159 = DIRECTION('',(0.,1.,-2.2E-16));
#160 = DIRECTION('',(1.,0.,0.));
#161 = ADVANCED_FACE('',(#162),#181,.T.);
#162 = FACE_BOUND('',#163,.T.);
#163 = EDGE_LOOP('',(#164,#172,#179,#180));
#164 = ORIENTED_EDGE('',*,*,#165,.T.);
#165 = EDGE_CURVE('',#140,#166,#168,.T.);
#166 = VERTEX_POINT('',#167);
#167 = CARTESIAN_POINT('',(7.12,1.E-15,1.25));
#168 = LINE('',#169,#170);
#169 = CARTESIAN_POINT('',(0.5,7.2E-16,1.25));
#170 = VECTOR('',#171,1.);
#171 = DIRECTION('',(1.,0.,0.));
#172 = ORIENTED_EDGE('',*,*,#173,.F.);
#173 = EDGE_CURVE('',#166,#166,#174,.T.);
#174 = CIRCLE('',#175,0.25);
#175 = AXIS2_PLACEMENT_3D('',#176,#177,#178);
#176 = CARTESIAN_POINT('',(7.12,7.8E-16,1.5));
#177 = DIRECTION('',(1.,0.,0.));
#178 = DIRECTION('',(0.,-2.2E-16,-1.));
#179 = ORIENTED_EDGE('',*,*,#165,.F.);
#180 = ORIENTED_EDGE('',*,*,#148,.F.);
#181 = CYLINDRICAL_SURFACE('',#182,0.25);
#182 = AXIS2_PLACEMENT_3D('',#183,#184,#185);
#183 = CARTESIAN_POINT('',(0.5,7.8E-16,1.5));
#184 = DIRECTION('',(1.,0.,0.));
#185 = DIRECTION('',(0.,-2.2E-16,-1.));
#186 = ADVANCED_FACE('',(#187),#207,.T.);
#187 = FACE_BOUND('',#188,.T.);
#188 = EDGE_LOOP('',(#189,#198,#205,#206));
#189 = ORIENTED_EDGE('',*,*,#190,.T.);
#190 = EDGE_CURVE('',#166,#191,#193,.T.);
#191 = VERTEX_POINT('',#192);
#192 = CARTESIAN_POINT('',(7.37,1.E-15,1.));
#193 = CIRCLE('',#194,0.25);
#194 = AXIS2_PLACEMENT_3D('',#195,#196,#197);
#195 = CARTESIAN_POINT('',(7.12,7.6E-16,1.));
#196 = DIRECTION('',(0.,1.,-2.2E-16));
#197 = DIRECTION('',(1.,0.,0.));
#198 = ORIENTED_EDGE('',*,*,#199,.T.);
#199 = EDGE_CURVE('',#191,#191,#200,.T.);
#200 = CIRCLE('',#201,0.25);
#201 = AXIS2_PLACEMENT_3D('',#202,#203,#204);
#202 = CARTESIAN_POINT('',(7.62,6.7E-16,1.));
#203 = DIRECTION('',(-2.4E-16,2.2E-16,1.));
#204 = DIRECTION('',(1.,0.,2.4E-16));
#205 = ORIENTED_EDGE('',*,*,#190,.F.);
#206 = ORIENTED_EDGE('',*,*,#173,.T.);
#207 = TOROIDAL_SURFACE('',#208,0.5,0.25);
#208 = AXIS2_PLACEMENT_3D('',#209,#210,#211);
#209 = CARTESIAN_POINT('',(7.12,6.7E-16,1.));
#210 = DIRECTION('',(0.,1.,-2.2E-16));
#211 = DIRECTION('',(1.,0.,0.));
#212 = ADVANCED_FACE('',(#213),#232,.T.);
#213 = FACE_BOUND('',#214,.T.);
#214 = EDGE_LOOP('',(#215,#223,#230,#231));
#215 = ORIENTED_EDGE('',*,*,#216,.T.);
#216 = EDGE_CURVE('',#191,#217,#219,.T.);
#217 = VERTEX_POINT('',#218);
#218 = CARTESIAN_POINT('',(7.37,0.,-2.5));
#219 = LINE('',#220,#221);
#220 = CARTESIAN_POINT('',(7.37,6.7E-16,1.));
#221 = VECTOR('',#222,1.);
#222 = DIRECTION('',(0.,-2.2E-16,-1.));
#223 = ORIENTED_EDGE('',*,*,#224,.F.);
#224 = EDGE_CURVE('',#217,#217,#225,.T.);
#225 = CIRCLE('',#226,0.25);
#226 = AXIS2_PLACEMENT_3D('',#227,#228,#229);
#227 = CARTESIAN_POINT('',(7.62,-1.1E-16,-2.5));
#228 = DIRECTION('',(-0.,-2.2E-16,-1.));
#229 = DIRECTION('',(-1.,0.,0.));
#230 = ORIENTED_EDGE('',*,*,#216,.F.);
#231 = ORIENTED_EDGE('',*,*,#199,.F.);
#232 = CYLINDRICAL_SURFACE('',#233,0.25);
#233 = AXIS2_PLACEMENT_3D('',#234,#235,#236);
#234 = CARTESIAN_POINT('',(7.62,6.7E-16,1.));
#235 = DIRECTION('',(0.,-2.2E-16,-1.));
#236 = DIRECTION('',(-1.,-0.,0.));
#237 = ADVANCED_FACE('',(#238),#241,.T.);
#238 = FACE_BOUND('',#239,.F.);
#239 = EDGE_LOOP('',(#240));
#240 = ORIENTED_EDGE('',*,*,#124,.T.);
#241 = PLANE('',#242);
#242 = AXIS2_PLACEMENT_3D('',#243,#244,#245);
#243 = CARTESIAN_POINT('',(0.25,-1.1E-16,-2.5));
#244 = DIRECTION('',(0.,0.,-1.));
#245 = DIRECTION('',(-1.,0.,0.));
#246 = ADVANCED_FACE('',(#247),#250,.F.);
#247 = FACE_BOUND('',#248,.T.);
#248 = EDGE_LOOP('',(#249));
#249 = ORIENTED_EDGE('',*,*,#224,.T.);
#250 = PLANE('',#251);
#251 = AXIS2_PLACEMENT_3D('',#252,#253,#254);
#252 = CARTESIAN_POINT('',(7.37,-1.1E-16,-2.5));
#253 = DIRECTION('',(0.,0.,1.));
#254 = DIRECTION('',(1.,0.,-0.));
#255 = MANIFOLD_SOLID_BREP('',#256);
#256 = CLOSED_SHELL('',(#257,#290,#310,#330,#355,#380,#406,#432,#441));
#257 = ADVANCED_FACE('',(#258),#285,.T.);
#258 = FACE_BOUND('',#259,.T.);
#259 = EDGE_LOOP('',(#260,#269,#277,#284));
#260 = ORIENTED_EDGE('',*,*,#261,.T.);
#261 = EDGE_CURVE('',#262,#262,#264,.T.);
#262 = VERTEX_POINT('',#263);
#263 = CARTESIAN_POINT('',(2.41,3.557331958362E-15,2.51));
#264 = CIRCLE('',#265,1.01);
#265 = AXIS2_PLACEMENT_3D('',#266,#267,#268);
#266 = CARTESIAN_POINT('',(2.41,6.630669073875E-16,1.5));
#267 = DIRECTION('',(1.,0.,-0.));
#268 = DIRECTION('',(0.,9.92044604925E-16,1.));
#269 = ORIENTED_EDGE('',*,*,#270,.T.);
#270 = EDGE_CURVE('',#262,#271,#273,.T.);
#271 = VERTEX_POINT('',#272);
#272 = CARTESIAN_POINT('',(3.41,3.557331958362E-15,2.51));
#273 = LINE('',#274,#275);
#274 = CARTESIAN_POINT('',(2.41,5.573319583618E-16,2.51));
#275 = VECTOR('',#276,1.);
#276 = DIRECTION('',(1.,0.,0.));
#277 = ORIENTED_EDGE('',*,*,#278,.F.);
#278 = EDGE_CURVE('',#271,#271,#279,.T.);
#279 = CIRCLE('',#280,1.01);
#280 = AXIS2_PLACEMENT_3D('',#281,#282,#283);
#281 = CARTESIAN_POINT('',(3.41,6.630669073875E-16,1.5));
#282 = DIRECTION('',(1.,0.,-0.));
#283 = DIRECTION('',(0.,9.92044604925E-16,1.));
#284 = ORIENTED_EDGE('',*,*,#270,.F.);
#285 = CYLINDRICAL_SURFACE('',#286,1.01);
#286 = AXIS2_PLACEMENT_3D('',#287,#288,#289);
#287 = CARTESIAN_POINT('',(2.41,6.630669073875E-16,1.5));
#288 = DIRECTION('',(1.,0.,0.));
#289 = DIRECTION('',(-0.,9.92044604925E-16,1.));
#290 = ADVANCED_FACE('',(#291,#294),#305,.F.);
#291 = FACE_BOUND('',#292,.T.);
#292 = EDGE_LOOP('',(#293));
#293 = ORIENTED_EDGE('',*,*,#261,.F.);
#294 = FACE_BOUND('',#295,.T.);
#295 = EDGE_LOOP('',(#296));
#296 = ORIENTED_EDGE('',*,*,#297,.T.);
#297 = EDGE_CURVE('',#298,#298,#300,.T.);
#298 = VERTEX_POINT('',#299);
#299 = CARTESIAN_POINT('',(2.41,5.551115123126E-16,2.5));
#300 = CIRCLE('',#301,1.);
#301 = AXIS2_PLACEMENT_3D('',#302,#303,#304);
#302 = CARTESIAN_POINT('',(2.41,6.630669073875E-16,1.5));
#303 = DIRECTION('',(1.,0.,-0.));
#304 = DIRECTION('',(0.,1.002044604925E-15,1.));
#305 = PLANE('',#306);
#306 = AXIS2_PLACEMENT_3D('',#307,#308,#309);
#307 = CARTESIAN_POINT('',(2.41,6.630669073875E-16,1.5));
#308 = DIRECTION('',(1.,0.,0.));
#309 = DIRECTION('',(-0.,1.002044604925E-15,1.));
#310 = ADVANCED_FACE('',(#311,#314),#325,.T.);
#311 = FACE_BOUND('',#312,.T.);
#312 = EDGE_LOOP('',(#313));
#313 = ORIENTED_EDGE('',*,*,#278,.T.);
#314 = FACE_BOUND('',#315,.T.);
#315 = EDGE_LOOP('',(#316));
#316 = ORIENTED_EDGE('',*,*,#317,.F.);
#317 = EDGE_CURVE('',#318,#318,#320,.T.);
#318 = VERTEX_POINT('',#319);
#319 = CARTESIAN_POINT('',(3.41,5.551115123126E-16,2.5));
#320 = CIRCLE('',#321,1.);
#321 = AXIS2_PLACEMENT_3D('',#322,#323,#324);
#322 = CARTESIAN_POINT('',(3.41,6.630669073875E-16,1.5));
#323 = DIRECTION('',(1.,0.,-0.));
#324 = DIRECTION('',(0.,1.002044604925E-15,1.));
#325 = PLANE('',#326);
#326 = AXIS2_PLACEMENT_3D('',#327,#328,#329);
#327 = CARTESIAN_POINT('',(3.41,6.630669073875E-16,1.5));
#328 = DIRECTION('',(1.,0.,0.));
#329 = DIRECTION('',(-0.,9.92044604925E-16,1.));
#330 = ADVANCED_FACE('',(#331),#350,.T.);
#331 = FACE_BOUND('',#332,.T.);
#332 = EDGE_LOOP('',(#333,#342,#348,#349));
#333 = ORIENTED_EDGE('',*,*,#334,.T.);
#334 = EDGE_CURVE('',#335,#335,#337,.T.);
#335 = VERTEX_POINT('',#336);
#336 = CARTESIAN_POINT('',(2.21,3.555111512313E-15,2.5));
#337 = CIRCLE('',#338,1.);
#338 = AXIS2_PLACEMENT_3D('',#339,#340,#341);
#339 = CARTESIAN_POINT('',(2.21,6.630669073875E-16,1.5));
#340 = DIRECTION('',(1.,0.,-0.));
#341 = DIRECTION('',(0.,1.002044604925E-15,1.));
#342 = ORIENTED_EDGE('',*,*,#343,.T.);
#343 = EDGE_CURVE('',#335,#298,#344,.T.);
#344 = LINE('',#345,#346);
#345 = CARTESIAN_POINT('',(1.81,5.551115123126E-16,2.5));
#346 = VECTOR('',#347,1.);
#347 = DIRECTION('',(1.,0.,0.));
#348 = ORIENTED_EDGE('',*,*,#297,.F.);
#349 = ORIENTED_EDGE('',*,*,#343,.F.);
#350 = CYLINDRICAL_SURFACE('',#351,1.);
#351 = AXIS2_PLACEMENT_3D('',#352,#353,#354);
#352 = CARTESIAN_POINT('',(1.81,6.630669073875E-16,1.5));
#353 = DIRECTION('',(1.,0.,0.));
#354 = DIRECTION('',(-0.,1.002044604925E-15,1.));
#355 = ADVANCED_FACE('',(#356),#375,.T.);
#356 = FACE_BOUND('',#357,.T.);
#357 = EDGE_LOOP('',(#358,#359,#367,#374));
#358 = ORIENTED_EDGE('',*,*,#317,.T.);
#359 = ORIENTED_EDGE('',*,*,#360,.T.);
#360 = EDGE_CURVE('',#318,#361,#363,.T.);
#361 = VERTEX_POINT('',#362);
#362 = CARTESIAN_POINT('',(5.41,3.555111512313E-15,2.5));
#363 = LINE('',#364,#365);
#364 = CARTESIAN_POINT('',(1.81,5.551115123126E-16,2.5));
#365 = VECTOR('',#366,1.);
#366 = DIRECTION('',(1.,0.,0.));
#367 = ORIENTED_EDGE('',*,*,#368,.F.);
#368 = EDGE_CURVE('',#361,#361,#369,.T.);
#369 = CIRCLE('',#370,1.);
#370 = AXIS2_PLACEMENT_3D('',#371,#372,#373);
#371 = CARTESIAN_POINT('',(5.41,6.630669073875E-16,1.5));
#372 = DIRECTION('',(1.,0.,-0.));
#373 = DIRECTION('',(0.,1.002044604925E-15,1.));
#374 = ORIENTED_EDGE('',*,*,#360,.F.);
#375 = CYLINDRICAL_SURFACE('',#376,1.);
#376 = AXIS2_PLACEMENT_3D('',#377,#378,#379);
#377 = CARTESIAN_POINT('',(1.81,6.630669073875E-16,1.5));
#378 = DIRECTION('',(1.,0.,0.));
#379 = DIRECTION('',(-0.,1.002044604925E-15,1.));
#380 = ADVANCED_FACE('',(#381),#401,.T.);
#381 = FACE_BOUND('',#382,.T.);
#382 = EDGE_LOOP('',(#383,#392,#399,#400));
#383 = ORIENTED_EDGE('',*,*,#384,.T.);
#384 = EDGE_CURVE('',#385,#385,#387,.T.);
#385 = VERTEX_POINT('',#386);
#386 = CARTESIAN_POINT('',(1.81,1.466293670343E-15,2.1));
#387 = CIRCLE('',#388,0.6);
#388 = AXIS2_PLACEMENT_3D('',#389,#390,#391);
#389 = CARTESIAN_POINT('',(1.81,6.630669073875E-16,1.5));
#390 = DIRECTION('',(1.,0.,-0.));
#391 = DIRECTION('',(0.,1.002044604925E-15,1.));
#392 = ORIENTED_EDGE('',*,*,#393,.F.);
#393 = EDGE_CURVE('',#335,#385,#394,.T.);
#394 = CIRCLE('',#395,0.4);
#395 = AXIS2_PLACEMENT_3D('',#396,#397,#398);
#396 = CARTESIAN_POINT('',(2.21,1.266293670343E-15,2.1));
#397 = DIRECTION('',(0.,-1.,1.002044604925E-15));
#398 = DIRECTION('',(0.,1.002044604925E-15,1.));
#399 = ORIENTED_EDGE('',*,*,#334,.F.);
#400 = ORIENTED_EDGE('',*,*,#393,.T.);
#401 = TOROIDAL_SURFACE('',#402,0.6,0.4);
#402 = AXIS2_PLACEMENT_3D('',#403,#404,#405);
#403 = CARTESIAN_POINT('',(2.21,6.630669073875E-16,1.5));
#404 = DIRECTION('',(-1.,0.,0.));
#405 = DIRECTION('',(0.,1.002044604925E-15,1.));
#406 = ADVANCED_FACE('',(#407),#427,.T.);
#407 = FACE_BOUND('',#408,.T.);
#408 = EDGE_LOOP('',(#409,#410,#419,#426));
#409 = ORIENTED_EDGE('',*,*,#368,.T.);
#410 = ORIENTED_EDGE('',*,*,#411,.F.);
#411 = EDGE_CURVE('',#412,#361,#414,.T.);
#412 = VERTEX_POINT('',#413);
#413 = CARTESIAN_POINT('',(5.81,1.466293670343E-15,2.1));
#414 = CIRCLE('',#415,0.4);
#415 = AXIS2_PLACEMENT_3D('',#416,#417,#418);
#416 = CARTESIAN_POINT('',(5.41,1.266293670343E-15,2.1));
#417 = DIRECTION('',(0.,-1.,1.002044604925E-15));
#418 = DIRECTION('',(0.,1.002044604925E-15,1.));
#419 = ORIENTED_EDGE('',*,*,#420,.F.);
#420 = EDGE_CURVE('',#412,#412,#421,.T.);
#421 = CIRCLE('',#422,0.6);
#422 = AXIS2_PLACEMENT_3D('',#423,#424,#425);
#423 = CARTESIAN_POINT('',(5.81,6.630669073875E-16,1.5));
#424 = DIRECTION('',(1.,0.,-0.));
#425 = DIRECTION('',(0.,1.002044604925E-15,1.));
#426 = ORIENTED_EDGE('',*,*,#411,.T.);
#427 = TOROIDAL_SURFACE('',#428,0.6,0.4);
#428 = AXIS2_PLACEMENT_3D('',#429,#430,#431);
#429 = CARTESIAN_POINT('',(5.41,6.630669073875E-16,1.5));
#430 = DIRECTION('',(-1.,0.,0.));
#431 = DIRECTION('',(0.,1.002044604925E-15,1.));
#432 = ADVANCED_FACE('',(#433),#436,.F.);
#433 = FACE_BOUND('',#434,.T.);
#434 = EDGE_LOOP('',(#435));
#435 = ORIENTED_EDGE('',*,*,#384,.F.);
#436 = PLANE('',#437);
#437 = AXIS2_PLACEMENT_3D('',#438,#439,#440);
#438 = CARTESIAN_POINT('',(1.81,6.630669073875E-16,1.5));
#439 = DIRECTION('',(1.,0.,0.));
#440 = DIRECTION('',(-0.,1.002044604925E-15,1.));
#441 = ADVANCED_FACE('',(#442),#445,.T.);
#442 = FACE_BOUND('',#443,.F.);
#443 = EDGE_LOOP('',(#444));
#444 = ORIENTED_EDGE('',*,*,#420,.F.);
#445 = PLANE('',#446);
#446 = AXIS2_PLACEMENT_3D('',#447,#448,#449);
#447 = CARTESIAN_POINT('',(5.81,6.630669073875E-16,1.5));
#448 = DIRECTION('',(1.,0.,0.));
#449 = DIRECTION('',(-0.,1.002044604925E-15,1.));
#450 = ( GEOMETRIC_REPRESENTATION_CONTEXT(3) 
GLOBAL_UNCERTAINTY_ASSIGNED_CONTEXT((#454)) GLOBAL_UNIT_ASSIGNED_CONTEXT
((#451,#452,#453)) REPRESENTATION_CONTEXT('Context #1',
  '3D Context with UNIT and UNCERTAINTY') );
#451 = ( LENGTH_UNIT() NAMED_UNIT(*) SI_UNIT(.MILLI.,.METRE.) );
#452 = ( NAMED_UNIT(*) PLANE_ANGLE_UNIT() SI_UNIT($,.RADIAN.) );
#453 = ( NAMED_UNIT(*) SI_UNIT($,.STERADIAN.) SOLID_ANGLE_UNIT() );
#454 = UNCERTAINTY_MEASURE_WITH_UNIT(LENGTH_MEASURE(1.E-07),#451,
  'distance_accuracy_value','confusion accuracy');
#455 = CONTEXT_DEPENDENT_SHAPE_REPRESENTATION(#456,#458);
#456 = ( REPRESENTATION_RELATIONSHIP('','',#99,#76) 
REPRESENTATION_RELATIONSHIP_WITH_TRANSFORMATION(#457) 
SHAPE_REPRESENTATION_RELATIONSHIP() );
#457 = ITEM_DEFINED_TRANSFORMATION('','',#11,#77);
#458 = PRODUCT_DEFINITION_SHAPE('Placement','Placement of an item',#459
  );
#459 = NEXT_ASSEMBLY_USAGE_OCCURRENCE('1','=>[0:1:1:3]','',#71,#94,$);
#460 = PRODUCT_RELATED_PRODUCT_CATEGORY('part',$,(#96));
#461 = CONTEXT_DEPENDENT_SHAPE_REPRESENTATION(#462,#464);
#462 = ( REPRESENTATION_RELATIONSHIP('','',#76,#10) 
REPRESENTATION_RELATIONSHIP_WITH_TRANSFORMATION(#463) 
SHAPE_REPRESENTATION_RELATIONSHIP() );
#463 = ITEM_DEFINED_TRANSFORMATION('','',#11,#19);
#464 = PRODUCT_DEFINITION_SHAPE('Placement','Placement of an item',#465
  );
#465 = NEXT_ASSEMBLY_USAGE_OCCURRENCE('3','D1','',#5,#71,$);
#466 = SHAPE_DEFINITION_REPRESENTATION(#467,#473);
#467 = PRODUCT_DEFINITION_SHAPE('','',#468);
#468 = PRODUCT_DEFINITION('design','',#469,#472);
#469 = PRODUCT_DEFINITION_FORMATION('','',#470);
#470 = PRODUCT('D_DO-35_SOD27_P10.16mm_Horizontal',
  'D_DO-35_SOD27_P10.16mm_Horizontal','',(#471));
#471 = PRODUCT_CONTEXT('',#2,'mechanical');
#472 = PRODUCT_DEFINITION_CONTEXT('part definition',#2,'design');
#473 = SHAPE_REPRESENTATION('',(#11,#474),#478);
#474 = AXIS2_PLACEMENT_3D('',#475,#476,#477);
#475 = CARTESIAN_POINT('',(0.,0.,0.));
#476 = DIRECTION('',(0.,0.,1.));
#477 = DIRECTION('',(1.,0.,-0.));
#478 = ( GEOMETRIC_REPRESENTATION_CONTEXT(3) 
GLOBAL_UNCERTAINTY_ASSIGNED_CONTEXT((#482)) GLOBAL_UNIT_ASSIGNED_CONTEXT
((#479,#480,#481)) REPRESENTATION_CONTEXT('Context #1',
  '3D Context with UNIT and UNCERTAINTY') );
#479 = ( LENGTH_UNIT() NAMED_UNIT(*) SI_UNIT(.MILLI.,.METRE.) );
#480 = ( NAMED_UNIT(*) PLANE_ANGLE_UNIT() SI_UNIT($,.RADIAN.) );
#481 = ( NAMED_UNIT(*) SI_UNIT($,.STERADIAN.) SOLID_ANGLE_UNIT() );
#482 = UNCERTAINTY_MEASURE_WITH_UNIT(LENGTH_MEASURE(1.E-07),#479,
  'distance_accuracy_value','confusion accuracy');
#483 = CONTEXT_DEPENDENT_SHAPE_REPRESENTATION(#484,#486);
#484 = ( REPRESENTATION_RELATIONSHIP('','',#473,#10) 
REPRESENTATION_RELATIONSHIP_WITH_TRANSFORMATION(#485) 
SHAPE_REPRESENTATION_RELATIONSHIP() );
#485 = ITEM_DEFINED_TRANSFORMATION('','',#11,#23);
#486 = PRODUCT_DEFINITION_SHAPE('Placement','Placement of an item',#487
  );
#487 = NEXT_ASSEMBLY_USAGE_OCCURRENCE('5','D4','',#5,#468,$);
#488 = PRODUCT_RELATED_PRODUCT_CATEGORY('part',$,(#470));
#489 = SHAPE_DEFINITION_REPRESENTATION(#490,#496);
#490 = PRODUCT_DEFINITION_SHAPE('','',#491);
#491 = PRODUCT_DEFINITION('design','',#492,#495);
#492 = PRODUCT_DEFINITION_FORMATION('','',#493);
#493 = PRODUCT('D_DO-35_SOD27_P10.16mm_Horizontal',
  'D_DO-35_SOD27_P10.16mm_Horizontal','',(#494));
#494 = PRODUCT_CONTEXT('',#2,'mechanical');
#495 = PRODUCT_DEFINITION_CONTEXT('part definition',#2,'design');
#496 = ADVANCED_BREP_SHAPE_REPRESENTATION('',(#11,#497),#884);
#497 = MANIFOLD_SOLID_BREP('',#498);
#498 = CLOSED_SHELL('',(#499,#532,#552,#572,#597,#622,#648,#674,#694,
    #714,#739,#764,#790,#816,#841,#866,#875));
#499 = ADVANCED_FACE('',(#500),#527,.T.);
#500 = FACE_BOUND('',#501,.T.);
#501 = EDGE_LOOP('',(#502,#511,#519,#526));
#502 = ORIENTED_EDGE('',*,*,#503,.T.);
#503 = EDGE_CURVE('',#504,#504,#506,.T.);
#504 = VERTEX_POINT('',#505);
#505 = CARTESIAN_POINT('',(3.68,1.671995875085E-15,2.51));
#506 = CIRCLE('',#507,1.01);
#507 = AXIS2_PLACEMENT_3D('',#508,#509,#510);
#508 = CARTESIAN_POINT('',(3.68,6.661338147751E-16,1.5));
#509 = DIRECTION('',(1.,0.,-0.));
#510 = DIRECTION('',(0.,9.959030300103E-16,1.));
#511 = ORIENTED_EDGE('',*,*,#512,.T.);
#512 = EDGE_CURVE('',#504,#513,#515,.T.);
#513 = VERTEX_POINT('',#514);
#514 = CARTESIAN_POINT('',(4.68,1.671995875085E-15,2.51));
#515 = LINE('',#516,#517);
#516 = CARTESIAN_POINT('',(3.68,1.671995875085E-15,2.51));
#517 = VECTOR('',#518,1.);
#518 = DIRECTION('',(1.,0.,0.));
#519 = ORIENTED_EDGE('',*,*,#520,.F.);
#520 = EDGE_CURVE('',#513,#513,#521,.T.);
#521 = CIRCLE('',#522,1.01);
#522 = AXIS2_PLACEMENT_3D('',#523,#524,#525);
#523 = CARTESIAN_POINT('',(4.68,6.661338147751E-16,1.5));
#524 = DIRECTION('',(1.,0.,-0.));
#525 = DIRECTION('',(0.,9.959030300103E-16,1.));
#526 = ORIENTED_EDGE('',*,*,#512,.F.);
#527 = CYLINDRICAL_SURFACE('',#528,1.01);
#528 = AXIS2_PLACEMENT_3D('',#529,#530,#531);
#529 = CARTESIAN_POINT('',(3.68,6.661338147751E-16,1.5));
#530 = DIRECTION('',(1.,0.,0.));
#531 = DIRECTION('',(-0.,9.959030300103E-16,1.));
#532 = ADVANCED_FACE('',(#533,#536),#547,.F.);
#533 = FACE_BOUND('',#534,.T.);
#534 = EDGE_LOOP('',(#535));
#535 = ORIENTED_EDGE('',*,*,#503,.F.);
#536 = FACE_BOUND('',#537,.T.);
#537 = EDGE_LOOP('',(#538));
#538 = ORIENTED_EDGE('',*,*,#539,.T.);
#539 = EDGE_CURVE('',#540,#540,#542,.T.);
#540 = VERTEX_POINT('',#541);
#541 = CARTESIAN_POINT('',(3.68,1.665334536938E-15,2.5));
#542 = CIRCLE('',#543,1.);
#543 = AXIS2_PLACEMENT_3D('',#544,#545,#546);
#544 = CARTESIAN_POINT('',(3.68,6.661338147751E-16,1.5));
#545 = DIRECTION('',(1.,0.,-0.));
#546 = DIRECTION('',(0.,9.992007221626E-16,1.));
#547 = PLANE('',#548);
#548 = AXIS2_PLACEMENT_3D('',#549,#550,#551);
#549 = CARTESIAN_POINT('',(3.68,6.661338147751E-16,1.5));
#550 = DIRECTION('',(1.,0.,0.));
#551 = DIRECTION('',(-0.,1.002565034358E-15,1.));
#552 = ADVANCED_FACE('',(#553,#556),#567,.T.);
#553 = FACE_BOUND('',#554,.T.);
#554 = EDGE_LOOP('',(#555));
#555 = ORIENTED_EDGE('',*,*,#520,.T.);
#556 = FACE_BOUND('',#557,.T.);
#557 = EDGE_LOOP('',(#558));
#558 = ORIENTED_EDGE('',*,*,#559,.F.);
#559 = EDGE_CURVE('',#560,#560,#562,.T.);
#560 = VERTEX_POINT('',#561);
#561 = CARTESIAN_POINT('',(4.68,1.665334536938E-15,2.5));
#562 = CIRCLE('',#563,1.);
#563 = AXIS2_PLACEMENT_3D('',#564,#565,#566);
#564 = CARTESIAN_POINT('',(4.68,6.661338147751E-16,1.5));
#565 = DIRECTION('',(1.,0.,-0.));
#566 = DIRECTION('',(0.,9.992007221626E-16,1.));
#567 = PLANE('',#568);
#568 = AXIS2_PLACEMENT_3D('',#569,#570,#571);
#569 = CARTESIAN_POINT('',(4.68,6.661338147751E-16,1.5));
#570 = DIRECTION('',(1.,0.,0.));
#571 = DIRECTION('',(-0.,9.959030300103E-16,1.));
#572 = ADVANCED_FACE('',(#573),#592,.T.);
#573 = FACE_BOUND('',#574,.T.);
#574 = EDGE_LOOP('',(#575,#584,#590,#591));
#575 = ORIENTED_EDGE('',*,*,#576,.T.);
#576 = EDGE_CURVE('',#577,#577,#579,.T.);
#577 = VERTEX_POINT('',#578);
#578 = CARTESIAN_POINT('',(3.48,1.665334536938E-15,2.5));
#579 = CIRCLE('',#580,1.);
#580 = AXIS2_PLACEMENT_3D('',#581,#582,#583);
#581 = CARTESIAN_POINT('',(3.48,6.661338147751E-16,1.5));
#582 = DIRECTION('',(1.,0.,-0.));
#583 = DIRECTION('',(0.,9.992007221626E-16,1.));
#584 = ORIENTED_EDGE('',*,*,#585,.T.);
#585 = EDGE_CURVE('',#577,#540,#586,.T.);
#586 = LINE('',#587,#588);
#587 = CARTESIAN_POINT('',(3.08,1.665334536938E-15,2.5));
#588 = VECTOR('',#589,1.);
#589 = DIRECTION('',(1.,0.,0.));
#590 = ORIENTED_EDGE('',*,*,#539,.F.);
#591 = ORIENTED_EDGE('',*,*,#585,.F.);
#592 = CYLINDRICAL_SURFACE('',#593,1.);
#593 = AXIS2_PLACEMENT_3D('',#594,#595,#596);
#594 = CARTESIAN_POINT('',(3.08,6.661338147751E-16,1.5));
#595 = DIRECTION('',(1.,0.,0.));
#596 = DIRECTION('',(-0.,9.992007221626E-16,1.));
#597 = ADVANCED_FACE('',(#598),#617,.T.);
#598 = FACE_BOUND('',#599,.T.);
#599 = EDGE_LOOP('',(#600,#601,#609,#616));
#600 = ORIENTED_EDGE('',*,*,#559,.T.);
#601 = ORIENTED_EDGE('',*,*,#602,.T.);
#602 = EDGE_CURVE('',#560,#603,#605,.T.);
#603 = VERTEX_POINT('',#604);
#604 = CARTESIAN_POINT('',(6.68,1.665334536938E-15,2.5));
#605 = LINE('',#606,#607);
#606 = CARTESIAN_POINT('',(3.08,1.665334536938E-15,2.5));
#607 = VECTOR('',#608,1.);
#608 = DIRECTION('',(1.,0.,0.));
#609 = ORIENTED_EDGE('',*,*,#610,.F.);
#610 = EDGE_CURVE('',#603,#603,#611,.T.);
#611 = CIRCLE('',#612,1.);
#612 = AXIS2_PLACEMENT_3D('',#613,#614,#615);
#613 = CARTESIAN_POINT('',(6.68,6.661338147751E-16,1.5));
#614 = DIRECTION('',(1.,0.,-0.));
#615 = DIRECTION('',(0.,9.992007221626E-16,1.));
#616 = ORIENTED_EDGE('',*,*,#602,.F.);
#617 = CYLINDRICAL_SURFACE('',#618,1.);
#618 = AXIS2_PLACEMENT_3D('',#619,#620,#621);
#619 = CARTESIAN_POINT('',(3.08,6.661338147751E-16,1.5));
#620 = DIRECTION('',(1.,0.,0.));
#621 = DIRECTION('',(-0.,9.992007221626E-16,1.));
#622 = ADVANCED_FACE('',(#623),#643,.T.);
#623 = FACE_BOUND('',#624,.T.);
#624 = EDGE_LOOP('',(#625,#634,#641,#642));
#625 = ORIENTED_EDGE('',*,*,#626,.T.);
#626 = EDGE_CURVE('',#627,#627,#629,.T.);
#627 = VERTEX_POINT('',#628);
#628 = CARTESIAN_POINT('',(3.08,1.265654248073E-15,2.1));
#629 = CIRCLE('',#630,0.6);
#630 = AXIS2_PLACEMENT_3D('',#631,#632,#633);
#631 = CARTESIAN_POINT('',(3.08,6.661338147751E-16,1.5));
#632 = DIRECTION('',(1.,0.,-0.));
#633 = DIRECTION('',(0.,9.992007221626E-16,1.));
#634 = ORIENTED_EDGE('',*,*,#635,.F.);
#635 = EDGE_CURVE('',#577,#627,#636,.T.);
#636 = CIRCLE('',#637,0.4);
#637 = AXIS2_PLACEMENT_3D('',#638,#639,#640);
#638 = CARTESIAN_POINT('',(3.48,1.265654248073E-15,2.1));
#639 = DIRECTION('',(0.,-1.,9.992007221626E-16));
#640 = DIRECTION('',(0.,9.992007221626E-16,1.));
#641 = ORIENTED_EDGE('',*,*,#576,.F.);
#642 = ORIENTED_EDGE('',*,*,#635,.T.);
#643 = TOROIDAL_SURFACE('',#644,0.6,0.4);
#644 = AXIS2_PLACEMENT_3D('',#645,#646,#647);
#645 = CARTESIAN_POINT('',(3.48,6.661338147751E-16,1.5));
#646 = DIRECTION('',(-1.,0.,0.));
#647 = DIRECTION('',(0.,9.992007221626E-16,1.));
#648 = ADVANCED_FACE('',(#649),#669,.T.);
#649 = FACE_BOUND('',#650,.T.);
#650 = EDGE_LOOP('',(#651,#652,#661,#668));
#651 = ORIENTED_EDGE('',*,*,#610,.T.);
#652 = ORIENTED_EDGE('',*,*,#653,.F.);
#653 = EDGE_CURVE('',#654,#603,#656,.T.);
#654 = VERTEX_POINT('',#655);
#655 = CARTESIAN_POINT('',(7.08,1.265654248073E-15,2.1));
#656 = CIRCLE('',#657,0.4);
#657 = AXIS2_PLACEMENT_3D('',#658,#659,#660);
#658 = CARTESIAN_POINT('',(6.68,1.265654248073E-15,2.1));
#659 = DIRECTION('',(0.,-1.,9.992007221626E-16));
#660 = DIRECTION('',(0.,9.992007221626E-16,1.));
#661 = ORIENTED_EDGE('',*,*,#662,.F.);
#662 = EDGE_CURVE('',#654,#654,#663,.T.);
#663 = CIRCLE('',#664,0.6);
#664 = AXIS2_PLACEMENT_3D('',#665,#666,#667);
#665 = CARTESIAN_POINT('',(7.08,6.661338147751E-16,1.5));
#666 = DIRECTION('',(1.,0.,-0.));
#667 = DIRECTION('',(0.,9.992007221626E-16,1.));
#668 = ORIENTED_EDGE('',*,*,#653,.T.);
#669 = TOROIDAL_SURFACE('',#670,0.6,0.4);
#670 = AXIS2_PLACEMENT_3D('',#671,#672,#673);
#671 = CARTESIAN_POINT('',(6.68,6.661338147751E-16,1.5));
#672 = DIRECTION('',(-1.,0.,0.));
#673 = DIRECTION('',(0.,9.992007221626E-16,1.));
#674 = ADVANCED_FACE('',(#675,#678),#689,.F.);
#675 = FACE_BOUND('',#676,.T.);
#676 = EDGE_LOOP('',(#677));
#677 = ORIENTED_EDGE('',*,*,#626,.F.);
#678 = FACE_BOUND('',#679,.T.);
#679 = EDGE_LOOP('',(#680));
#680 = ORIENTED_EDGE('',*,*,#681,.T.);
#681 = EDGE_CURVE('',#682,#682,#684,.T.);
#682 = VERTEX_POINT('',#683);
#683 = CARTESIAN_POINT('',(3.08,7.216449660064E-16,1.25));
#684 = CIRCLE('',#685,0.25);
#685 = AXIS2_PLACEMENT_3D('',#686,#687,#688);
#686 = CARTESIAN_POINT('',(3.08,7.771561172376E-16,1.5));
#687 = DIRECTION('',(1.,0.,0.));
#688 = DIRECTION('',(0.,-2.22044604925E-16,-1.));
#689 = PLANE('',#690);
#690 = AXIS2_PLACEMENT_3D('',#691,#692,#693);
#691 = CARTESIAN_POINT('',(3.08,6.661338147751E-16,1.5));
#692 = DIRECTION('',(1.,0.,0.));
#693 = DIRECTION('',(-0.,9.992007221626E-16,1.));
#694 = ADVANCED_FACE('',(#695,#698),#709,.T.);
#695 = FACE_BOUND('',#696,.F.);
#696 = EDGE_LOOP('',(#697));
#697 = ORIENTED_EDGE('',*,*,#662,.F.);
#698 = FACE_BOUND('',#699,.F.);
#699 = EDGE_LOOP('',(#700));
#700 = ORIENTED_EDGE('',*,*,#701,.T.);
#701 = EDGE_CURVE('',#702,#702,#704,.T.);
#702 = VERTEX_POINT('',#703);
#703 = CARTESIAN_POINT('',(7.08,7.216449660064E-16,1.25));
#704 = CIRCLE('',#705,0.25);
#705 = AXIS2_PLACEMENT_3D('',#706,#707,#708);
#706 = CARTESIAN_POINT('',(7.08,7.771561172376E-16,1.5));
#707 = DIRECTION('',(1.,0.,0.));
#708 = DIRECTION('',(0.,-2.22044604925E-16,-1.));
#709 = PLANE('',#710);
#710 = AXIS2_PLACEMENT_3D('',#711,#712,#713);
#711 = CARTESIAN_POINT('',(7.08,6.661338147751E-16,1.5));
#712 = DIRECTION('',(1.,0.,0.));
#713 = DIRECTION('',(-0.,9.992007221626E-16,1.));
#714 = ADVANCED_FACE('',(#715),#734,.T.);
#715 = FACE_BOUND('',#716,.T.);
#716 = EDGE_LOOP('',(#717,#726,#732,#733));
#717 = ORIENTED_EDGE('',*,*,#718,.F.);
#718 = EDGE_CURVE('',#719,#719,#721,.T.);
#719 = VERTEX_POINT('',#720);
#720 = CARTESIAN_POINT('',(0.5,7.216449660064E-16,1.25));
#721 = CIRCLE('',#722,0.25);
#722 = AXIS2_PLACEMENT_3D('',#723,#724,#725);
#723 = CARTESIAN_POINT('',(0.5,7.771561172376E-16,1.5));
#724 = DIRECTION('',(-1.,-4.078893220341E-32,-1.836970198721E-16));
#725 = DIRECTION('',(-1.836970198721E-16,2.22044604925E-16,1.));
#726 = ORIENTED_EDGE('',*,*,#727,.T.);
#727 = EDGE_CURVE('',#719,#682,#728,.T.);
#728 = LINE('',#729,#730);
#729 = CARTESIAN_POINT('',(0.5,7.216449660064E-16,1.25));
#730 = VECTOR('',#731,1.);
#731 = DIRECTION('',(1.,0.,0.));
#732 = ORIENTED_EDGE('',*,*,#681,.F.);
#733 = ORIENTED_EDGE('',*,*,#727,.F.);
#734 = CYLINDRICAL_SURFACE('',#735,0.25);
#735 = AXIS2_PLACEMENT_3D('',#736,#737,#738);
#736 = CARTESIAN_POINT('',(0.5,7.771561172376E-16,1.5));
#737 = DIRECTION('',(1.,0.,0.));
#738 = DIRECTION('',(0.,-2.22044604925E-16,-1.));
#739 = ADVANCED_FACE('',(#740),#759,.T.);
#740 = FACE_BOUND('',#741,.T.);
#741 = EDGE_LOOP('',(#742,#743,#751,#758));
#742 = ORIENTED_EDGE('',*,*,#701,.T.);
#743 = ORIENTED_EDGE('',*,*,#744,.T.);
#744 = EDGE_CURVE('',#702,#745,#747,.T.);
#745 = VERTEX_POINT('',#746);
#746 = CARTESIAN_POINT('',(9.66,7.216449660064E-16,1.25));
#747 = LINE('',#748,#749);
#748 = CARTESIAN_POINT('',(0.5,7.216449660064E-16,1.25));
#749 = VECTOR('',#750,1.);
#750 = DIRECTION('',(1.,0.,0.));
#751 = ORIENTED_EDGE('',*,*,#752,.F.);
#752 = EDGE_CURVE('',#745,#745,#753,.T.);
#753 = CIRCLE('',#754,0.25);
#754 = AXIS2_PLACEMENT_3D('',#755,#756,#757);
#755 = CARTESIAN_POINT('',(9.66,7.771561172376E-16,1.5));
#756 = DIRECTION('',(1.,0.,0.));
#757 = DIRECTION('',(0.,-2.22044604925E-16,-1.));
#758 = ORIENTED_EDGE('',*,*,#744,.F.);
#759 = CYLINDRICAL_SURFACE('',#760,0.25);
#760 = AXIS2_PLACEMENT_3D('',#761,#762,#763);
#761 = CARTESIAN_POINT('',(0.5,7.771561172376E-16,1.5));
#762 = DIRECTION('',(1.,0.,0.));
#763 = DIRECTION('',(0.,-2.22044604925E-16,-1.));
#764 = ADVANCED_FACE('',(#765),#785,.T.);
#765 = FACE_BOUND('',#766,.T.);
#766 = EDGE_LOOP('',(#767,#776,#777,#778));
#767 = ORIENTED_EDGE('',*,*,#768,.T.);
#768 = EDGE_CURVE('',#769,#719,#771,.T.);
#769 = VERTEX_POINT('',#770);
#770 = CARTESIAN_POINT('',(0.25,6.661338147751E-16,1.));
#771 = CIRCLE('',#772,0.25);
#772 = AXIS2_PLACEMENT_3D('',#773,#774,#775);
#773 = CARTESIAN_POINT('',(0.5,7.579823247111E-16,1.));
#774 = DIRECTION('',(0.,1.,-2.22044604925E-16));
#775 = DIRECTION('',(1.,0.,0.));
#776 = ORIENTED_EDGE('',*,*,#718,.T.);
#777 = ORIENTED_EDGE('',*,*,#768,.F.);
#778 = ORIENTED_EDGE('',*,*,#779,.T.);
#779 = EDGE_CURVE('',#769,#769,#780,.T.);
#780 = CIRCLE('',#781,0.25);
#781 = AXIS2_PLACEMENT_3D('',#782,#783,#784);
#782 = CARTESIAN_POINT('',(0.,6.661338147751E-16,1.));
#783 = DIRECTION('',(-0.,2.22044604925E-16,1.));
#784 = DIRECTION('',(1.,0.,0.));
#785 = TOROIDAL_SURFACE('',#786,0.5,0.25);
#786 = AXIS2_PLACEMENT_3D('',#787,#788,#789);
#787 = CARTESIAN_POINT('',(0.5,6.661338147751E-16,1.));
#788 = DIRECTION('',(0.,1.,-2.22044604925E-16));
#789 = DIRECTION('',(1.,0.,0.));
#790 = ADVANCED_FACE('',(#791),#811,.T.);
#791 = FACE_BOUND('',#792,.T.);
#792 = EDGE_LOOP('',(#793,#802,#809,#810));
#793 = ORIENTED_EDGE('',*,*,#794,.T.);
#794 = EDGE_CURVE('',#745,#795,#797,.T.);
#795 = VERTEX_POINT('',#796);
#796 = CARTESIAN_POINT('',(9.91,6.661338147751E-16,1.));
#797 = CIRCLE('',#798,0.25);
#798 = AXIS2_PLACEMENT_3D('',#799,#800,#801);
#799 = CARTESIAN_POINT('',(9.66,7.579823247111E-16,1.));
#800 = DIRECTION('',(0.,1.,-2.22044604925E-16));
#801 = DIRECTION('',(1.,0.,0.));
#802 = ORIENTED_EDGE('',*,*,#803,.T.);
#803 = EDGE_CURVE('',#795,#795,#804,.T.);
#804 = CIRCLE('',#805,0.25);
#805 = AXIS2_PLACEMENT_3D('',#806,#807,#808);
#806 = CARTESIAN_POINT('',(10.16,6.661338147751E-16,1.));
#807 = DIRECTION('',(-2.449293598295E-16,2.22044604925E-16,1.));
#808 = DIRECTION('',(1.,5.438524293788E-32,2.449293598295E-16));
#809 = ORIENTED_EDGE('',*,*,#794,.F.);
#810 = ORIENTED_EDGE('',*,*,#752,.T.);
#811 = TOROIDAL_SURFACE('',#812,0.5,0.25);
#812 = AXIS2_PLACEMENT_3D('',#813,#814,#815);
#813 = CARTESIAN_POINT('',(9.66,6.661338147751E-16,1.));
#814 = DIRECTION('',(0.,1.,-2.22044604925E-16));
#815 = DIRECTION('',(1.,0.,0.));
#816 = ADVANCED_FACE('',(#817),#836,.T.);
#817 = FACE_BOUND('',#818,.T.);
#818 = EDGE_LOOP('',(#819,#827,#828,#829));
#819 = ORIENTED_EDGE('',*,*,#820,.T.);
#820 = EDGE_CURVE('',#821,#769,#823,.T.);
#821 = VERTEX_POINT('',#822);
#822 = CARTESIAN_POINT('',(0.25,-1.722546424199E-16,-2.5));
#823 = LINE('',#824,#825);
#824 = CARTESIAN_POINT('',(0.25,6.661338147751E-16,1.));
#825 = VECTOR('',#826,1.);
#826 = DIRECTION('',(0.,2.22044604925E-16,1.));
#827 = ORIENTED_EDGE('',*,*,#779,.F.);
#828 = ORIENTED_EDGE('',*,*,#820,.F.);
#829 = ORIENTED_EDGE('',*,*,#830,.T.);
#830 = EDGE_CURVE('',#821,#821,#831,.T.);
#831 = CIRCLE('',#832,0.25);
#832 = AXIS2_PLACEMENT_3D('',#833,#834,#835);
#833 = CARTESIAN_POINT('',(0.,-1.110223024625E-16,-2.5));
#834 = DIRECTION('',(-0.,2.22044604925E-16,1.));
#835 = DIRECTION('',(1.,0.,0.));
#836 = CYLINDRICAL_SURFACE('',#837,0.25);
#837 = AXIS2_PLACEMENT_3D('',#838,#839,#840);
#838 = CARTESIAN_POINT('',(0.,6.661338147751E-16,1.));
#839 = DIRECTION('',(0.,2.22044604925E-16,1.));
#840 = DIRECTION('',(1.,0.,-0.));
#841 = ADVANCED_FACE('',(#842),#861,.T.);
#842 = FACE_BOUND('',#843,.T.);
#843 = EDGE_LOOP('',(#844,#852,#859,#860));
#844 = ORIENTED_EDGE('',*,*,#845,.T.);
#845 = EDGE_CURVE('',#795,#846,#848,.T.);
#846 = VERTEX_POINT('',#847);
#847 = CARTESIAN_POINT('',(9.91,-1.722546424199E-16,-2.5));
#848 = LINE('',#849,#850);
#849 = CARTESIAN_POINT('',(9.91,6.661338147751E-16,1.));
#850 = VECTOR('',#851,1.);
#851 = DIRECTION('',(0.,-2.22044604925E-16,-1.));
#852 = ORIENTED_EDGE('',*,*,#853,.F.);
#853 = EDGE_CURVE('',#846,#846,#854,.T.);
#854 = CIRCLE('',#855,0.25);
#855 = AXIS2_PLACEMENT_3D('',#856,#857,#858);
#856 = CARTESIAN_POINT('',(10.16,-1.110223024625E-16,-2.5));
#857 = DIRECTION('',(-0.,-2.22044604925E-16,-1.));
#858 = DIRECTION('',(-1.,0.,0.));
#859 = ORIENTED_EDGE('',*,*,#845,.F.);
#860 = ORIENTED_EDGE('',*,*,#803,.F.);
#861 = CYLINDRICAL_SURFACE('',#862,0.25);
#862 = AXIS2_PLACEMENT_3D('',#863,#864,#865);
#863 = CARTESIAN_POINT('',(10.16,6.661338147751E-16,1.));
#864 = DIRECTION('',(0.,-2.22044604925E-16,-1.));
#865 = DIRECTION('',(-1.,-0.,0.));
#866 = ADVANCED_FACE('',(#867),#870,.T.);
#867 = FACE_BOUND('',#868,.F.);
#868 = EDGE_LOOP('',(#869));
#869 = ORIENTED_EDGE('',*,*,#830,.T.);
#870 = PLANE('',#871);
#871 = AXIS2_PLACEMENT_3D('',#872,#873,#874);
#872 = CARTESIAN_POINT('',(0.25,-1.110223024625E-16,-2.5));
#873 = DIRECTION('',(0.,0.,-1.));
#874 = DIRECTION('',(-1.,0.,0.));
#875 = ADVANCED_FACE('',(#876),#879,.F.);
#876 = FACE_BOUND('',#877,.T.);
#877 = EDGE_LOOP('',(#878));
#878 = ORIENTED_EDGE('',*,*,#853,.T.);
#879 = PLANE('',#880);
#880 = AXIS2_PLACEMENT_3D('',#881,#882,#883);
#881 = CARTESIAN_POINT('',(9.91,-1.110223024625E-16,-2.5));
#882 = DIRECTION('',(0.,0.,1.));
#883 = DIRECTION('',(1.,0.,-0.));
#884 = ( GEOMETRIC_REPRESENTATION_CONTEXT(3) 
GLOBAL_UNCERTAINTY_ASSIGNED_CONTEXT((#888)) GLOBAL_UNIT_ASSIGNED_CONTEXT
((#885,#886,#887)) REPRESENTATION_CONTEXT('Context #1',
  '3D Context with UNIT and UNCERTAINTY') );
#885 = ( LENGTH_UNIT() NAMED_UNIT(*) SI_UNIT(.MILLI.,.METRE.) );
#886 = ( NAMED_UNIT(*) PLANE_ANGLE_UNIT() SI_UNIT($,.RADIAN.) );
#887 = ( NAMED_UNIT(*) SI_UNIT($,.STERADIAN.) SOLID_ANGLE_UNIT() );
#888 = UNCERTAINTY_MEASURE_WITH_UNIT(LENGTH_MEASURE(1.E-07),#885,
  'distance_accuracy_value','confusion accuracy');
#889 = CONTEXT_DEPENDENT_SHAPE_REPRESENTATION(#890,#892);
#890 = ( REPRESENTATION_RELATIONSHIP('','',#496,#473) 
REPRESENTATION_RELATIONSHIP_WITH_TRANSFORMATION(#891) 
SHAPE_REPRESENTATION_RELATIONSHIP() );
#891 = ITEM_DEFINED_TRANSFORMATION('','',#11,#474);
#892 = PRODUCT_DEFINITION_SHAPE('Placement','Placement of an item',#893
  );
#893 = NEXT_ASSEMBLY_USAGE_OCCURRENCE('4','=>[0:1:1:5]','',#468,#491,$);
#894 = PRODUCT_RELATED_PRODUCT_CATEGORY('part',$,(#493));
#895 = CONTEXT_DEPENDENT_SHAPE_REPRESENTATION(#896,#898);
#896 = ( REPRESENTATION_RELATIONSHIP('','',#473,#10) 
REPRESENTATION_RELATIONSHIP_WITH_TRANSFORMATION(#897) 
SHAPE_REPRESENTATION_RELATIONSHIP() );
#897 = ITEM_DEFINED_TRANSFORMATION('','',#11,#27);
#898 = PRODUCT_DEFINITION_SHAPE('Placement','Placement of an item',#899
  );
#899 = NEXT_ASSEMBLY_USAGE_OCCURRENCE('6','D8','',#5,#468,$);
#900 = CONTEXT_DEPENDENT_SHAPE_REPRESENTATION(#901,#903);
#901 = ( REPRESENTATION_RELATIONSHIP('','',#473,#10) 
REPRESENTATION_RELATIONSHIP_WITH_TRANSFORMATION(#902) 
SHAPE_REPRESENTATION_RELATIONSHIP() );
#902 = ITEM_DEFINED_TRANSFORMATION('','',#11,#31);
#903 = PRODUCT_DEFINITION_SHAPE('Placement','Placement of an item',#904
  );
#904 = NEXT_ASSEMBLY_USAGE_OCCURRENCE('7','D5','',#5,#468,$);
#905 = SHAPE_DEFINITION_REPRESENTATION(#906,#912);
#906 = PRODUCT_DEFINITION_SHAPE('','',#907);
#907 = PRODUCT_DEFINITION('design','',#908,#911);
#908 = PRODUCT_DEFINITION_FORMATION('','',#909);
#909 = PRODUCT('PinSocket_1x04_P2.54mm_Vertical',
  'PinSocket_1x04_P2.54mm_Vertical','',(#910));
#910 = PRODUCT_CONTEXT('',#2,'mechanical');
#911 = PRODUCT_DEFINITION_CONTEXT('part definition',#2,'design');
#912 = SHAPE_REPRESENTATION('',(#11,#913),#917);
#913 = AXIS2_PLACEMENT_3D('',#914,#915,#916);
#914 = CARTESIAN_POINT('',(0.,0.,0.));
#915 = DIRECTION('',(0.,0.,1.));
#916 = DIRECTION('',(1.,0.,-0.));
#917 = ( GEOMETRIC_REPRESENTATION_CONTEXT(3) 
GLOBAL_UNCERTAINTY_ASSIGNED_CONTEXT((#921)) GLOBAL_UNIT_ASSIGNED_CONTEXT
((#918,#919,#920)) REPRESENTATION_CONTEXT('Context #1',
  '3D Context with UNIT and UNCERTAINTY') );
#918 = ( LENGTH_UNIT() NAMED_UNIT(*) SI_UNIT(.MILLI.,.METRE.) );
#919 = ( NAMED_UNIT(*) PLANE_ANGLE_UNIT() SI_UNIT($,.RADIAN.) );
#920 = ( NAMED_UNIT(*) SI_UNIT($,.STERADIAN.) SOLID_ANGLE_UNIT() );
#921 = UNCERTAINTY_MEASURE_WITH_UNIT(LENGTH_MEASURE(1.E-07),#918,
  'distance_accuracy_value','confusion accuracy');
#922 = CONTEXT_DEPENDENT_SHAPE_REPRESENTATION(#923,#925);
#923 = ( REPRESENTATION_RELATIONSHIP('','',#912,#10) 
REPRESENTATION_RELATIONSHIP_WITH_TRANSFORMATION(#924) 
SHAPE_REPRESENTATION_RELATIONSHIP() );
#924 = ITEM_DEFINED_TRANSFORMATION('','',#11,#35);
#925 = PRODUCT_DEFINITION_SHAPE('Placement','Placement of an item',#926
  );
#926 = NEXT_ASSEMBLY_USAGE_OCCURRENCE('9','J1','',#5,#907,$);
#927 = PRODUCT_RELATED_PRODUCT_CATEGORY('part',$,(#909));
#928 = SHAPE_DEFINITION_REPRESENTATION(#929,#935);
#929 = PRODUCT_DEFINITION_SHAPE('','',#930);
#930 = PRODUCT_DEFINITION('design','',#931,#934);
#931 = PRODUCT_DEFINITION_FORMATION('','',#932);
#932 = PRODUCT('PinSocket_1x04_P254mm_Vertical',
  'PinSocket_1x04_P254mm_Vertical','',(#933));
#933 = PRODUCT_CONTEXT('',#2,'mechanical');
#934 = PRODUCT_DEFINITION_CONTEXT('part definition',#2,'design');
#935 = ADVANCED_BREP_SHAPE_REPRESENTATION('',(#11,#936),#4890);
#936 = MANIFOLD_SOLID_BREP('',#937);
#937 = CLOSED_SHELL('',(#938,#978,#1041,#1104,#1121,#1274,#1296,#1313,
    #1594,#1606,#1618,#1649,#1673,#1697,#1714,#1745,#1769,#1793,#1810,
    #1841,#1865,#1889,#1906,#1937,#1961,#1985,#2002,#2049,#2066,#2113,
    #2130,#2177,#2194,#2241,#2258,#2305,#2322,#2369,#2386,#2433,#2450,
    #2497,#2514,#2545,#2569,#2593,#2610,#2641,#2665,#2689,#2706,#2737,
    #2761,#2785,#2802,#2833,#2857,#2881,#2898,#2915,#2932,#2949,#2966,
    #2978,#2995,#3012,#3029,#3046,#3058,#3075,#3092,#3109,#3126,#3138,
    #3155,#3172,#3189,#3206,#3218,#3264,#3310,#3356,#3402,#3465,#3489,
    #3545,#3562,#3625,#3649,#3705,#3722,#3785,#3809,#3865,#3882,#3945,
    #3969,#4025,#4042,#4059,#4108,#4132,#4179,#4191,#4208,#4225,#4274,
    #4298,#4345,#4357,#4374,#4391,#4440,#4464,#4511,#4523,#4540,#4557,
    #4606,#4630,#4677,#4689,#4706,#4723,#4740,#4752,#4769,#4786,#4798,
    #4815,#4832,#4844,#4861,#4878));
#938 = ADVANCED_FACE('',(#939),#973,.F.);
#939 = FACE_BOUND('',#940,.F.);
#940 = EDGE_LOOP('',(#941,#951,#959,#967));
#941 = ORIENTED_EDGE('',*,*,#942,.T.);
#942 = EDGE_CURVE('',#943,#945,#947,.T.);
#943 = VERTEX_POINT('',#944);
#944 = CARTESIAN_POINT('',(1.27,-8.89,0.));
#945 = VERTEX_POINT('',#946);
#946 = CARTESIAN_POINT('',(1.27,-8.89,7.));
#947 = LINE('',#948,#949);
#948 = CARTESIAN_POINT('',(1.27,-8.89,0.));
#949 = VECTOR('',#950,1.);
#950 = DIRECTION('',(0.,0.,1.));
#951 = ORIENTED_EDGE('',*,*,#952,.T.);
#952 = EDGE_CURVE('',#945,#953,#955,.T.);
#953 = VERTEX_POINT('',#954);
#954 = CARTESIAN_POINT('',(1.27,1.27,7.));
#955 = LINE('',#956,#957);
#956 = CARTESIAN_POINT('',(1.27,-8.89,7.));
#957 = VECTOR('',#958,1.);
#958 = DIRECTION('',(-4.440892098501E-16,1.,0.));
#959 = ORIENTED_EDGE('',*,*,#960,.F.);
#960 = EDGE_CURVE('',#961,#953,#963,.T.);
#961 = VERTEX_POINT('',#962);
#962 = CARTESIAN_POINT('',(1.27,1.27,0.));
#963 = LINE('',#964,#965);
#964 = CARTESIAN_POINT('',(1.27,1.27,0.));
#965 = VECTOR('',#966,1.);
#966 = DIRECTION('',(0.,0.,1.));
#967 = ORIENTED_EDGE('',*,*,#968,.F.);
#968 = EDGE_CURVE('',#943,#961,#969,.T.);
#969 = LINE('',#970,#971);
#970 = CARTESIAN_POINT('',(1.27,-8.89,0.));
#971 = VECTOR('',#972,1.);
#972 = DIRECTION('',(-4.440892098501E-16,1.,0.));
#973 = PLANE('',#974);
#974 = AXIS2_PLACEMENT_3D('',#975,#976,#977);
#975 = CARTESIAN_POINT('',(1.27,-8.89,0.));
#976 = DIRECTION('',(-1.,-4.440892098501E-16,0.));
#977 = DIRECTION('',(-4.440892098501E-16,1.,0.));
#978 = ADVANCED_FACE('',(#979),#1036,.F.);
#979 = FACE_BOUND('',#980,.F.);
#980 = EDGE_LOOP('',(#981,#991,#999,#1005,#1006,#1014,#1022,#1030));
#981 = ORIENTED_EDGE('',*,*,#982,.F.);
#982 = EDGE_CURVE('',#983,#985,#987,.T.);
#983 = VERTEX_POINT('',#984);
#984 = CARTESIAN_POINT('',(-1.27,-8.89,0.));
#985 = VERTEX_POINT('',#986);
#986 = CARTESIAN_POINT('',(-0.846666666667,-8.89,0.));
#987 = LINE('',#988,#989);
#988 = CARTESIAN_POINT('',(-1.27,-8.89,0.));
#989 = VECTOR('',#990,1.);
#990 = DIRECTION('',(1.,4.440892098501E-16,0.));
#991 = ORIENTED_EDGE('',*,*,#992,.T.);
#992 = EDGE_CURVE('',#983,#993,#995,.T.);
#993 = VERTEX_POINT('',#994);
#994 = CARTESIAN_POINT('',(-1.27,-8.89,7.));
#995 = LINE('',#996,#997);
#996 = CARTESIAN_POINT('',(-1.27,-8.89,0.));
#997 = VECTOR('',#998,1.);
#998 = DIRECTION('',(0.,0.,1.));
#999 = ORIENTED_EDGE('',*,*,#1000,.T.);
#1000 = EDGE_CURVE('',#993,#945,#1001,.T.);
#1001 = LINE('',#1002,#1003);
#1002 = CARTESIAN_POINT('',(-1.27,-8.89,7.));
#1003 = VECTOR('',#1004,1.);
#1004 = DIRECTION('',(1.,4.440892098501E-16,0.));
#1005 = ORIENTED_EDGE('',*,*,#942,.F.);
#1006 = ORIENTED_EDGE('',*,*,#1007,.F.);
#1007 = EDGE_CURVE('',#1008,#943,#1010,.T.);
#1008 = VERTEX_POINT('',#1009);
#1009 = CARTESIAN_POINT('',(0.846666666667,-8.89,0.));
#1010 = LINE('',#1011,#1012);
#1011 = CARTESIAN_POINT('',(-1.27,-8.89,0.));
#1012 = VECTOR('',#1013,1.);
#1013 = DIRECTION('',(1.,4.440892098501E-16,0.));
#1014 = ORIENTED_EDGE('',*,*,#1015,.T.);
#1015 = EDGE_CURVE('',#1008,#1016,#1018,.T.);
#1016 = VERTEX_POINT('',#1017);
#1017 = CARTESIAN_POINT('',(0.846666666667,-8.89,0.2));
#1018 = LINE('',#1019,#1020);
#1019 = CARTESIAN_POINT('',(0.846666666667,-8.89,0.));
#1020 = VECTOR('',#1021,1.);
#1021 = DIRECTION('',(0.,0.,1.));
#1022 = ORIENTED_EDGE('',*,*,#1023,.F.);
#1023 = EDGE_CURVE('',#1024,#1016,#1026,.T.);
#1024 = VERTEX_POINT('',#1025);
#1025 = CARTESIAN_POINT('',(-0.846666666667,-8.89,0.2));
#1026 = LINE('',#1027,#1028);
#1027 = CARTESIAN_POINT('',(-0.846666666667,-8.89,0.2));
#1028 = VECTOR('',#1029,1.);
#1029 = DIRECTION('',(1.,4.440892098501E-16,0.));
#1030 = ORIENTED_EDGE('',*,*,#1031,.F.);
#1031 = EDGE_CURVE('',#985,#1024,#1032,.T.);
#1032 = LINE('',#1033,#1034);
#1033 = CARTESIAN_POINT('',(-0.846666666667,-8.89,0.));
#1034 = VECTOR('',#1035,1.);
#1035 = DIRECTION('',(0.,0.,1.));
#1036 = PLANE('',#1037);
#1037 = AXIS2_PLACEMENT_3D('',#1038,#1039,#1040);
#1038 = CARTESIAN_POINT('',(-1.27,-8.89,0.));
#1039 = DIRECTION('',(-4.440892098501E-16,1.,0.));
#1040 = DIRECTION('',(1.,4.440892098501E-16,0.));
#1041 = ADVANCED_FACE('',(#1042),#1099,.F.);
#1042 = FACE_BOUND('',#1043,.F.);
#1043 = EDGE_LOOP('',(#1044,#1052,#1053,#1061,#1069,#1077,#1085,#1093));
#1044 = ORIENTED_EDGE('',*,*,#1045,.F.);
#1045 = EDGE_CURVE('',#961,#1046,#1048,.T.);
#1046 = VERTEX_POINT('',#1047);
#1047 = CARTESIAN_POINT('',(0.846666666667,1.27,0.));
#1048 = LINE('',#1049,#1050);
#1049 = CARTESIAN_POINT('',(1.27,1.27,0.));
#1050 = VECTOR('',#1051,1.);
#1051 = DIRECTION('',(-1.,-4.440892098501E-16,0.));
#1052 = ORIENTED_EDGE('',*,*,#960,.T.);
#1053 = ORIENTED_EDGE('',*,*,#1054,.T.);
#1054 = EDGE_CURVE('',#953,#1055,#1057,.T.);
#1055 = VERTEX_POINT('',#1056);
#1056 = CARTESIAN_POINT('',(-1.27,1.27,7.));
#1057 = LINE('',#1058,#1059);
#1058 = CARTESIAN_POINT('',(1.27,1.27,7.));
#1059 = VECTOR('',#1060,1.);
#1060 = DIRECTION('',(-1.,-4.440892098501E-16,0.));
#1061 = ORIENTED_EDGE('',*,*,#1062,.F.);
#1062 = EDGE_CURVE('',#1063,#1055,#1065,.T.);
#1063 = VERTEX_POINT('',#1064);
#1064 = CARTESIAN_POINT('',(-1.27,1.27,0.));
#1065 = LINE('',#1066,#1067);
#1066 = CARTESIAN_POINT('',(-1.27,1.27,0.));
#1067 = VECTOR('',#1068,1.);
#1068 = DIRECTION('',(0.,0.,1.));
#1069 = ORIENTED_EDGE('',*,*,#1070,.F.);
#1070 = EDGE_CURVE('',#1071,#1063,#1073,.T.);
#1071 = VERTEX_POINT('',#1072);
#1072 = CARTESIAN_POINT('',(-0.846666666667,1.27,0.));
#1073 = LINE('',#1074,#1075);
#1074 = CARTESIAN_POINT('',(1.27,1.27,0.));
#1075 = VECTOR('',#1076,1.);
#1076 = DIRECTION('',(-1.,-4.440892098501E-16,0.));
#1077 = ORIENTED_EDGE('',*,*,#1078,.T.);
#1078 = EDGE_CURVE('',#1071,#1079,#1081,.T.);
#1079 = VERTEX_POINT('',#1080);
#1080 = CARTESIAN_POINT('',(-0.846666666667,1.27,0.2));
#1081 = LINE('',#1082,#1083);
#1082 = CARTESIAN_POINT('',(-0.846666666667,1.27,0.));
#1083 = VECTOR('',#1084,1.);
#1084 = DIRECTION('',(0.,0.,1.));
#1085 = ORIENTED_EDGE('',*,*,#1086,.F.);
#1086 = EDGE_CURVE('',#1087,#1079,#1089,.T.);
#1087 = VERTEX_POINT('',#1088);
#1088 = CARTESIAN_POINT('',(0.846666666667,1.27,0.2));
#1089 = LINE('',#1090,#1091);
#1090 = CARTESIAN_POINT('',(0.846666666667,1.27,0.2));
#1091 = VECTOR('',#1092,1.);
#1092 = DIRECTION('',(-1.,-4.440892098501E-16,0.));
#1093 = ORIENTED_EDGE('',*,*,#1094,.F.);
#1094 = EDGE_CURVE('',#1046,#1087,#1095,.T.);
#1095 = LINE('',#1096,#1097);
#1096 = CARTESIAN_POINT('',(0.846666666667,1.27,0.));
#1097 = VECTOR('',#1098,1.);
#1098 = DIRECTION('',(0.,0.,1.));
#1099 = PLANE('',#1100);
#1100 = AXIS2_PLACEMENT_3D('',#1101,#1102,#1103);
#1101 = CARTESIAN_POINT('',(1.27,1.27,0.));
#1102 = DIRECTION('',(4.440892098501E-16,-1.,0.));
#1103 = DIRECTION('',(-1.,-4.440892098501E-16,0.));
#1104 = ADVANCED_FACE('',(#1105),#1116,.T.);
#1105 = FACE_BOUND('',#1106,.T.);
#1106 = EDGE_LOOP('',(#1107,#1108,#1109,#1115));
#1107 = ORIENTED_EDGE('',*,*,#968,.F.);
#1108 = ORIENTED_EDGE('',*,*,#1007,.F.);
#1109 = ORIENTED_EDGE('',*,*,#1110,.T.);
#1110 = EDGE_CURVE('',#1008,#1046,#1111,.T.);
#1111 = LINE('',#1112,#1113);
#1112 = CARTESIAN_POINT('',(0.846666666667,-8.89,0.));
#1113 = VECTOR('',#1114,1.);
#1114 = DIRECTION('',(-4.440892098501E-16,1.,0.));
#1115 = ORIENTED_EDGE('',*,*,#1045,.F.);
#1116 = PLANE('',#1117);
#1117 = AXIS2_PLACEMENT_3D('',#1118,#1119,#1120);
#1118 = CARTESIAN_POINT('',(1.27,-8.89,0.));
#1119 = DIRECTION('',(-0.,0.,-1.));
#1120 = DIRECTION('',(4.440892098501E-16,-1.,-0.));
#1121 = ADVANCED_FACE('',(#1122,#1133,#1167,#1201,#1235),#1269,.F.);
#1122 = FACE_BOUND('',#1123,.F.);
#1123 = EDGE_LOOP('',(#1124,#1125,#1126,#1132));
#1124 = ORIENTED_EDGE('',*,*,#952,.F.);
#1125 = ORIENTED_EDGE('',*,*,#1000,.F.);
#1126 = ORIENTED_EDGE('',*,*,#1127,.F.);
#1127 = EDGE_CURVE('',#1055,#993,#1128,.T.);
#1128 = LINE('',#1129,#1130);
#1129 = CARTESIAN_POINT('',(-1.27,1.27,7.));
#1130 = VECTOR('',#1131,1.);
#1131 = DIRECTION('',(4.440892098501E-16,-1.,0.));
#1132 = ORIENTED_EDGE('',*,*,#1054,.F.);
#1133 = FACE_BOUND('',#1134,.F.);
#1134 = EDGE_LOOP('',(#1135,#1145,#1153,#1161));
#1135 = ORIENTED_EDGE('',*,*,#1136,.T.);
#1136 = EDGE_CURVE('',#1137,#1139,#1141,.T.);
#1137 = VERTEX_POINT('',#1138);
#1138 = CARTESIAN_POINT('',(-0.6,-1.94,7.));
#1139 = VERTEX_POINT('',#1140);
#1140 = CARTESIAN_POINT('',(-0.6,-3.14,7.));
#1141 = LINE('',#1142,#1143);
#1142 = CARTESIAN_POINT('',(-0.6,-1.94,7.));
#1143 = VECTOR('',#1144,1.);
#1144 = DIRECTION('',(4.440892098501E-16,-1.,0.));
#1145 = ORIENTED_EDGE('',*,*,#1146,.T.);
#1146 = EDGE_CURVE('',#1139,#1147,#1149,.T.);
#1147 = VERTEX_POINT('',#1148);
#1148 = CARTESIAN_POINT('',(0.6,-3.14,7.));
#1149 = LINE('',#1150,#1151);
#1150 = CARTESIAN_POINT('',(-0.6,-3.14,7.));
#1151 = VECTOR('',#1152,1.);
#1152 = DIRECTION('',(1.,4.440892098501E-16,0.));
#1153 = ORIENTED_EDGE('',*,*,#1154,.T.);
#1154 = EDGE_CURVE('',#1147,#1155,#1157,.T.);
#1155 = VERTEX_POINT('',#1156);
#1156 = CARTESIAN_POINT('',(0.6,-1.94,7.));
#1157 = LINE('',#1158,#1159);
#1158 = CARTESIAN_POINT('',(0.6,-3.14,7.));
#1159 = VECTOR('',#1160,1.);
#1160 = DIRECTION('',(-4.440892098501E-16,1.,0.));
#1161 = ORIENTED_EDGE('',*,*,#1162,.T.);
#1162 = EDGE_CURVE('',#1155,#1137,#1163,.T.);
#1163 = LINE('',#1164,#1165);
#1164 = CARTESIAN_POINT('',(0.6,-1.94,7.));
#1165 = VECTOR('',#1166,1.);
#1166 = DIRECTION('',(-1.,-4.440892098501E-16,0.));
#1167 = FACE_BOUND('',#1168,.F.);
#1168 = EDGE_LOOP('',(#1169,#1179,#1187,#1195));
#1169 = ORIENTED_EDGE('',*,*,#1170,.T.);
#1170 = EDGE_CURVE('',#1171,#1173,#1175,.T.);
#1171 = VERTEX_POINT('',#1172);
#1172 = CARTESIAN_POINT('',(0.6,-4.48,7.));
#1173 = VERTEX_POINT('',#1174);
#1174 = CARTESIAN_POINT('',(-0.6,-4.48,7.));
#1175 = LINE('',#1176,#1177);
#1176 = CARTESIAN_POINT('',(0.6,-4.48,7.));
#1177 = VECTOR('',#1178,1.);
#1178 = DIRECTION('',(-1.,-4.440892098501E-16,0.));
#1179 = ORIENTED_EDGE('',*,*,#1180,.T.);
#1180 = EDGE_CURVE('',#1173,#1181,#1183,.T.);
#1181 = VERTEX_POINT('',#1182);
#1182 = CARTESIAN_POINT('',(-0.6,-5.68,7.));
#1183 = LINE('',#1184,#1185);
#1184 = CARTESIAN_POINT('',(-0.6,-4.48,7.));
#1185 = VECTOR('',#1186,1.);
#1186 = DIRECTION('',(4.440892098501E-16,-1.,0.));
#1187 = ORIENTED_EDGE('',*,*,#1188,.T.);
#1188 = EDGE_CURVE('',#1181,#1189,#1191,.T.);
#1189 = VERTEX_POINT('',#1190);
#1190 = CARTESIAN_POINT('',(0.6,-5.68,7.));
#1191 = LINE('',#1192,#1193);
#1192 = CARTESIAN_POINT('',(-0.6,-5.68,7.));
#1193 = VECTOR('',#1194,1.);
#1194 = DIRECTION('',(1.,4.440892098501E-16,0.));
#1195 = ORIENTED_EDGE('',*,*,#1196,.T.);
#1196 = EDGE_CURVE('',#1189,#1171,#1197,.T.);
#1197 = LINE('',#1198,#1199);
#1198 = CARTESIAN_POINT('',(0.6,-5.68,7.));
#1199 = VECTOR('',#1200,1.);
#1200 = DIRECTION('',(-4.440892098501E-16,1.,0.));
#1201 = FACE_BOUND('',#1202,.F.);
#1202 = EDGE_LOOP('',(#1203,#1213,#1221,#1229));
#1203 = ORIENTED_EDGE('',*,*,#1204,.T.);
#1204 = EDGE_CURVE('',#1205,#1207,#1209,.T.);
#1205 = VERTEX_POINT('',#1206);
#1206 = CARTESIAN_POINT('',(-0.6,-0.6,7.));
#1207 = VERTEX_POINT('',#1208);
#1208 = CARTESIAN_POINT('',(0.6,-0.6,7.));
#1209 = LINE('',#1210,#1211);
#1210 = CARTESIAN_POINT('',(-0.6,-0.6,7.));
#1211 = VECTOR('',#1212,1.);
#1212 = DIRECTION('',(1.,4.440892098501E-16,0.));
#1213 = ORIENTED_EDGE('',*,*,#1214,.T.);
#1214 = EDGE_CURVE('',#1207,#1215,#1217,.T.);
#1215 = VERTEX_POINT('',#1216);
#1216 = CARTESIAN_POINT('',(0.6,0.6,7.));
#1217 = LINE('',#1218,#1219);
#1218 = CARTESIAN_POINT('',(0.6,-0.6,7.));
#1219 = VECTOR('',#1220,1.);
#1220 = DIRECTION('',(-4.440892098501E-16,1.,0.));
#1221 = ORIENTED_EDGE('',*,*,#1222,.T.);
#1222 = EDGE_CURVE('',#1215,#1223,#1225,.T.);
#1223 = VERTEX_POINT('',#1224);
#1224 = CARTESIAN_POINT('',(-0.6,0.6,7.));
#1225 = LINE('',#1226,#1227);
#1226 = CARTESIAN_POINT('',(0.6,0.6,7.));
#1227 = VECTOR('',#1228,1.);
#1228 = DIRECTION('',(-1.,-4.440892098501E-16,0.));
#1229 = ORIENTED_EDGE('',*,*,#1230,.T.);
#1230 = EDGE_CURVE('',#1223,#1205,#1231,.T.);
#1231 = LINE('',#1232,#1233);
#1232 = CARTESIAN_POINT('',(-0.6,0.6,7.));
#1233 = VECTOR('',#1234,1.);
#1234 = DIRECTION('',(4.440892098501E-16,-1.,0.));
#1235 = FACE_BOUND('',#1236,.F.);
#1236 = EDGE_LOOP('',(#1237,#1247,#1255,#1263));
#1237 = ORIENTED_EDGE('',*,*,#1238,.T.);
#1238 = EDGE_CURVE('',#1239,#1241,#1243,.T.);
#1239 = VERTEX_POINT('',#1240);
#1240 = CARTESIAN_POINT('',(-0.6,-8.22,7.));
#1241 = VERTEX_POINT('',#1242);
#1242 = CARTESIAN_POINT('',(0.6,-8.22,7.));
#1243 = LINE('',#1244,#1245);
#1244 = CARTESIAN_POINT('',(-0.6,-8.22,7.));
#1245 = VECTOR('',#1246,1.);
#1246 = DIRECTION('',(1.,4.440892098501E-16,0.));
#1247 = ORIENTED_EDGE('',*,*,#1248,.T.);
#1248 = EDGE_CURVE('',#1241,#1249,#1251,.T.);
#1249 = VERTEX_POINT('',#1250);
#1250 = CARTESIAN_POINT('',(0.6,-7.02,7.));
#1251 = LINE('',#1252,#1253);
#1252 = CARTESIAN_POINT('',(0.6,-8.22,7.));
#1253 = VECTOR('',#1254,1.);
#1254 = DIRECTION('',(-4.440892098501E-16,1.,0.));
#1255 = ORIENTED_EDGE('',*,*,#1256,.T.);
#1256 = EDGE_CURVE('',#1249,#1257,#1259,.T.);
#1257 = VERTEX_POINT('',#1258);
#1258 = CARTESIAN_POINT('',(-0.6,-7.02,7.));
#1259 = LINE('',#1260,#1261);
#1260 = CARTESIAN_POINT('',(0.6,-7.02,7.));
#1261 = VECTOR('',#1262,1.);
#1262 = DIRECTION('',(-1.,-4.440892098501E-16,0.));
#1263 = ORIENTED_EDGE('',*,*,#1264,.T.);
#1264 = EDGE_CURVE('',#1257,#1239,#1265,.T.);
#1265 = LINE('',#1266,#1267);
#1266 = CARTESIAN_POINT('',(-0.6,-7.02,7.));
#1267 = VECTOR('',#1268,1.);
#1268 = DIRECTION('',(4.440892098501E-16,-1.,0.));
#1269 = PLANE('',#1270);
#1270 = AXIS2_PLACEMENT_3D('',#1271,#1272,#1273);
#1271 = CARTESIAN_POINT('',(1.27,-8.89,7.));
#1272 = DIRECTION('',(-0.,0.,-1.));
#1273 = DIRECTION('',(4.440892098501E-16,-1.,-0.));
#1274 = ADVANCED_FACE('',(#1275),#1291,.T.);
#1275 = FACE_BOUND('',#1276,.T.);
#1276 = EDGE_LOOP('',(#1277,#1283,#1284,#1290));
#1277 = ORIENTED_EDGE('',*,*,#1278,.T.);
#1278 = EDGE_CURVE('',#1071,#985,#1279,.T.);
#1279 = LINE('',#1280,#1281);
#1280 = CARTESIAN_POINT('',(-0.846666666667,1.27,0.));
#1281 = VECTOR('',#1282,1.);
#1282 = DIRECTION('',(4.440892098501E-16,-1.,0.));
#1283 = ORIENTED_EDGE('',*,*,#982,.F.);
#1284 = ORIENTED_EDGE('',*,*,#1285,.F.);
#1285 = EDGE_CURVE('',#1063,#983,#1286,.T.);
#1286 = LINE('',#1287,#1288);
#1287 = CARTESIAN_POINT('',(-1.27,1.27,0.));
#1288 = VECTOR('',#1289,1.);
#1289 = DIRECTION('',(4.440892098501E-16,-1.,0.));
#1290 = ORIENTED_EDGE('',*,*,#1070,.F.);
#1291 = PLANE('',#1292);
#1292 = AXIS2_PLACEMENT_3D('',#1293,#1294,#1295);
#1293 = CARTESIAN_POINT('',(1.27,-8.89,0.));
#1294 = DIRECTION('',(-0.,0.,-1.));
#1295 = DIRECTION('',(4.440892098501E-16,-1.,-0.));
#1296 = ADVANCED_FACE('',(#1297),#1308,.T.);
#1297 = FACE_BOUND('',#1298,.T.);
#1298 = EDGE_LOOP('',(#1299,#1300,#1306,#1307));
#1299 = ORIENTED_EDGE('',*,*,#1078,.T.);
#1300 = ORIENTED_EDGE('',*,*,#1301,.T.);
#1301 = EDGE_CURVE('',#1079,#1024,#1302,.T.);
#1302 = LINE('',#1303,#1304);
#1303 = CARTESIAN_POINT('',(-0.846666666667,1.27,0.2));
#1304 = VECTOR('',#1305,1.);
#1305 = DIRECTION('',(4.440892098501E-16,-1.,0.));
#1306 = ORIENTED_EDGE('',*,*,#1031,.F.);
#1307 = ORIENTED_EDGE('',*,*,#1278,.F.);
#1308 = PLANE('',#1309);
#1309 = AXIS2_PLACEMENT_3D('',#1310,#1311,#1312);
#1310 = CARTESIAN_POINT('',(-0.846666666667,1.27,0.));
#1311 = DIRECTION('',(1.,4.440892098501E-16,0.));
#1312 = DIRECTION('',(4.440892098501E-16,-1.,0.));
#1313 = ADVANCED_FACE('',(#1314,#1325,#1391,#1457,#1523),#1589,.T.);
#1314 = FACE_BOUND('',#1315,.T.);
#1315 = EDGE_LOOP('',(#1316,#1322,#1323,#1324));
#1316 = ORIENTED_EDGE('',*,*,#1317,.F.);
#1317 = EDGE_CURVE('',#1016,#1087,#1318,.T.);
#1318 = LINE('',#1319,#1320);
#1319 = CARTESIAN_POINT('',(0.846666666667,-8.89,0.2));
#1320 = VECTOR('',#1321,1.);
#1321 = DIRECTION('',(-4.440892098501E-16,1.,0.));
#1322 = ORIENTED_EDGE('',*,*,#1023,.F.);
#1323 = ORIENTED_EDGE('',*,*,#1301,.F.);
#1324 = ORIENTED_EDGE('',*,*,#1086,.F.);
#1325 = FACE_BOUND('',#1326,.T.);
#1326 = EDGE_LOOP('',(#1327,#1337,#1345,#1353,#1361,#1369,#1377,#1385));
#1327 = ORIENTED_EDGE('',*,*,#1328,.T.);
#1328 = EDGE_CURVE('',#1329,#1331,#1333,.T.);
#1329 = VERTEX_POINT('',#1330);
#1330 = CARTESIAN_POINT('',(-0.1,0.3,0.2));
#1331 = VERTEX_POINT('',#1332);
#1332 = CARTESIAN_POINT('',(-0.1,-0.3,0.2));
#1333 = LINE('',#1334,#1335);
#1334 = CARTESIAN_POINT('',(-0.1,-4.295,0.2));
#1335 = VECTOR('',#1336,1.);
#1336 = DIRECTION('',(4.440892098501E-16,-1.,0.));
#1337 = ORIENTED_EDGE('',*,*,#1338,.T.);
#1338 = EDGE_CURVE('',#1331,#1339,#1341,.T.);
#1339 = VERTEX_POINT('',#1340);
#1340 = CARTESIAN_POINT('',(-0.1,-0.45,0.2));
#1341 = LINE('',#1342,#1343);
#1342 = CARTESIAN_POINT('',(-0.1,0.45,0.2));
#1343 = VECTOR('',#1344,1.);
#1344 = DIRECTION('',(4.440892098501E-16,-1.,0.));
#1345 = ORIENTED_EDGE('',*,*,#1346,.T.);
#1346 = EDGE_CURVE('',#1339,#1347,#1349,.T.);
#1347 = VERTEX_POINT('',#1348);
#1348 = CARTESIAN_POINT('',(0.1,-0.45,0.2));
#1349 = LINE('',#1350,#1351);
#1350 = CARTESIAN_POINT('',(-0.1,-0.45,0.2));
#1351 = VECTOR('',#1352,1.);
#1352 = DIRECTION('',(1.,4.440892098501E-16,0.));
#1353 = ORIENTED_EDGE('',*,*,#1354,.F.);
#1354 = EDGE_CURVE('',#1355,#1347,#1357,.T.);
#1355 = VERTEX_POINT('',#1356);
#1356 = CARTESIAN_POINT('',(0.1,-0.3,0.2));
#1357 = LINE('',#1358,#1359);
#1358 = CARTESIAN_POINT('',(0.1,-0.3,0.2));
#1359 = VECTOR('',#1360,1.);
#1360 = DIRECTION('',(4.440892098501E-16,-1.,0.));
#1361 = ORIENTED_EDGE('',*,*,#1362,.T.);
#1362 = EDGE_CURVE('',#1355,#1363,#1365,.T.);
#1363 = VERTEX_POINT('',#1364);
#1364 = CARTESIAN_POINT('',(0.1,0.3,0.2));
#1365 = LINE('',#1366,#1367);
#1366 = CARTESIAN_POINT('',(0.1,-4.595,0.2));
#1367 = VECTOR('',#1368,1.);
#1368 = DIRECTION('',(-4.440892098501E-16,1.,0.));
#1369 = ORIENTED_EDGE('',*,*,#1370,.F.);
#1370 = EDGE_CURVE('',#1371,#1363,#1373,.T.);
#1371 = VERTEX_POINT('',#1372);
#1372 = CARTESIAN_POINT('',(0.1,0.45,0.2));
#1373 = LINE('',#1374,#1375);
#1374 = CARTESIAN_POINT('',(0.1,-0.3,0.2));
#1375 = VECTOR('',#1376,1.);
#1376 = DIRECTION('',(4.440892098501E-16,-1.,0.));
#1377 = ORIENTED_EDGE('',*,*,#1378,.F.);
#1378 = EDGE_CURVE('',#1379,#1371,#1381,.T.);
#1379 = VERTEX_POINT('',#1380);
#1380 = CARTESIAN_POINT('',(-0.1,0.45,0.2));
#1381 = LINE('',#1382,#1383);
#1382 = CARTESIAN_POINT('',(-0.1,0.45,0.2));
#1383 = VECTOR('',#1384,1.);
#1384 = DIRECTION('',(1.,4.440892098501E-16,0.));
#1385 = ORIENTED_EDGE('',*,*,#1386,.T.);
#1386 = EDGE_CURVE('',#1379,#1329,#1387,.T.);
#1387 = LINE('',#1388,#1389);
#1388 = CARTESIAN_POINT('',(-0.1,0.45,0.2));
#1389 = VECTOR('',#1390,1.);
#1390 = DIRECTION('',(4.440892098501E-16,-1.,0.));
#1391 = FACE_BOUND('',#1392,.T.);
#1392 = EDGE_LOOP('',(#1393,#1403,#1411,#1419,#1427,#1435,#1443,#1451));
#1393 = ORIENTED_EDGE('',*,*,#1394,.T.);
#1394 = EDGE_CURVE('',#1395,#1397,#1399,.T.);
#1395 = VERTEX_POINT('',#1396);
#1396 = CARTESIAN_POINT('',(-0.1,-2.24,0.2));
#1397 = VERTEX_POINT('',#1398);
#1398 = CARTESIAN_POINT('',(-0.1,-2.84,0.2));
#1399 = LINE('',#1400,#1401);
#1400 = CARTESIAN_POINT('',(-0.1,-5.565,0.2));
#1401 = VECTOR('',#1402,1.);
#1402 = DIRECTION('',(4.440892098501E-16,-1.,0.));
#1403 = ORIENTED_EDGE('',*,*,#1404,.T.);
#1404 = EDGE_CURVE('',#1397,#1405,#1407,.T.);
#1405 = VERTEX_POINT('',#1406);
#1406 = CARTESIAN_POINT('',(-0.1,-2.99,0.2));
#1407 = LINE('',#1408,#1409);
#1408 = CARTESIAN_POINT('',(-0.1,-2.09,0.2));
#1409 = VECTOR('',#1410,1.);
#1410 = DIRECTION('',(4.440892098501E-16,-1.,0.));
#1411 = ORIENTED_EDGE('',*,*,#1412,.T.);
#1412 = EDGE_CURVE('',#1405,#1413,#1415,.T.);
#1413 = VERTEX_POINT('',#1414);
#1414 = CARTESIAN_POINT('',(0.1,-2.99,0.2));
#1415 = LINE('',#1416,#1417);
#1416 = CARTESIAN_POINT('',(-0.1,-2.99,0.2));
#1417 = VECTOR('',#1418,1.);
#1418 = DIRECTION('',(1.,4.440892098501E-16,0.));
#1419 = ORIENTED_EDGE('',*,*,#1420,.F.);
#1420 = EDGE_CURVE('',#1421,#1413,#1423,.T.);
#1421 = VERTEX_POINT('',#1422);
#1422 = CARTESIAN_POINT('',(0.1,-2.84,0.2));
#1423 = LINE('',#1424,#1425);
#1424 = CARTESIAN_POINT('',(0.1,-2.84,0.2));
#1425 = VECTOR('',#1426,1.);
#1426 = DIRECTION('',(4.440892098501E-16,-1.,0.));
#1427 = ORIENTED_EDGE('',*,*,#1428,.T.);
#1428 = EDGE_CURVE('',#1421,#1429,#1431,.T.);
#1429 = VERTEX_POINT('',#1430);
#1430 = CARTESIAN_POINT('',(0.1,-2.24,0.2));
#1431 = LINE('',#1432,#1433);
#1432 = CARTESIAN_POINT('',(0.1,-5.865,0.2));
#1433 = VECTOR('',#1434,1.);
#1434 = DIRECTION('',(-4.440892098501E-16,1.,0.));
#1435 = ORIENTED_EDGE('',*,*,#1436,.F.);
#1436 = EDGE_CURVE('',#1437,#1429,#1439,.T.);
#1437 = VERTEX_POINT('',#1438);
#1438 = CARTESIAN_POINT('',(0.1,-2.09,0.2));
#1439 = LINE('',#1440,#1441);
#1440 = CARTESIAN_POINT('',(0.1,-2.84,0.2));
#1441 = VECTOR('',#1442,1.);
#1442 = DIRECTION('',(4.440892098501E-16,-1.,0.));
#1443 = ORIENTED_EDGE('',*,*,#1444,.F.);
#1444 = EDGE_CURVE('',#1445,#1437,#1447,.T.);
#1445 = VERTEX_POINT('',#1446);
#1446 = CARTESIAN_POINT('',(-0.1,-2.09,0.2));
#1447 = LINE('',#1448,#1449);
#1448 = CARTESIAN_POINT('',(-0.1,-2.09,0.2));
#1449 = VECTOR('',#1450,1.);
#1450 = DIRECTION('',(1.,4.440892098501E-16,0.));
#1451 = ORIENTED_EDGE('',*,*,#1452,.T.);
#1452 = EDGE_CURVE('',#1445,#1395,#1453,.T.);
#1453 = LINE('',#1454,#1455);
#1454 = CARTESIAN_POINT('',(-0.1,-2.09,0.2));
#1455 = VECTOR('',#1456,1.);
#1456 = DIRECTION('',(4.440892098501E-16,-1.,0.));
#1457 = FACE_BOUND('',#1458,.T.);
#1458 = EDGE_LOOP('',(#1459,#1469,#1477,#1485,#1493,#1501,#1509,#1517));
#1459 = ORIENTED_EDGE('',*,*,#1460,.T.);
#1460 = EDGE_CURVE('',#1461,#1463,#1465,.T.);
#1461 = VERTEX_POINT('',#1462);
#1462 = CARTESIAN_POINT('',(-0.1,-4.78,0.2));
#1463 = VERTEX_POINT('',#1464);
#1464 = CARTESIAN_POINT('',(-0.1,-5.38,0.2));
#1465 = LINE('',#1466,#1467);
#1466 = CARTESIAN_POINT('',(-0.1,-6.835,0.2));
#1467 = VECTOR('',#1468,1.);
#1468 = DIRECTION('',(4.440892098501E-16,-1.,0.));
#1469 = ORIENTED_EDGE('',*,*,#1470,.T.);
#1470 = EDGE_CURVE('',#1463,#1471,#1473,.T.);
#1471 = VERTEX_POINT('',#1472);
#1472 = CARTESIAN_POINT('',(-0.1,-5.53,0.2));
#1473 = LINE('',#1474,#1475);
#1474 = CARTESIAN_POINT('',(-0.1,-4.63,0.2));
#1475 = VECTOR('',#1476,1.);
#1476 = DIRECTION('',(4.440892098501E-16,-1.,0.));
#1477 = ORIENTED_EDGE('',*,*,#1478,.T.);
#1478 = EDGE_CURVE('',#1471,#1479,#1481,.T.);
#1479 = VERTEX_POINT('',#1480);
#1480 = CARTESIAN_POINT('',(0.1,-5.53,0.2));
#1481 = LINE('',#1482,#1483);
#1482 = CARTESIAN_POINT('',(-0.1,-5.53,0.2));
#1483 = VECTOR('',#1484,1.);
#1484 = DIRECTION('',(1.,4.440892098501E-16,0.));
#1485 = ORIENTED_EDGE('',*,*,#1486,.F.);
#1486 = EDGE_CURVE('',#1487,#1479,#1489,.T.);
#1487 = VERTEX_POINT('',#1488);
#1488 = CARTESIAN_POINT('',(0.1,-5.38,0.2));
#1489 = LINE('',#1490,#1491);
#1490 = CARTESIAN_POINT('',(0.1,-5.38,0.2));
#1491 = VECTOR('',#1492,1.);
#1492 = DIRECTION('',(4.440892098501E-16,-1.,0.));
#1493 = ORIENTED_EDGE('',*,*,#1494,.T.);
#1494 = EDGE_CURVE('',#1487,#1495,#1497,.T.);
#1495 = VERTEX_POINT('',#1496);
#1496 = CARTESIAN_POINT('',(0.1,-4.78,0.2));
#1497 = LINE('',#1498,#1499);
#1498 = CARTESIAN_POINT('',(0.1,-7.135,0.2));
#1499 = VECTOR('',#1500,1.);
#1500 = DIRECTION('',(-4.440892098501E-16,1.,0.));
#1501 = ORIENTED_EDGE('',*,*,#1502,.F.);
#1502 = EDGE_CURVE('',#1503,#1495,#1505,.T.);
#1503 = VERTEX_POINT('',#1504);
#1504 = CARTESIAN_POINT('',(0.1,-4.63,0.2));
#1505 = LINE('',#1506,#1507);
#1506 = CARTESIAN_POINT('',(0.1,-5.38,0.2));
#1507 = VECTOR('',#1508,1.);
#1508 = DIRECTION('',(4.440892098501E-16,-1.,0.));
#1509 = ORIENTED_EDGE('',*,*,#1510,.F.);
#1510 = EDGE_CURVE('',#1511,#1503,#1513,.T.);
#1511 = VERTEX_POINT('',#1512);
#1512 = CARTESIAN_POINT('',(-0.1,-4.63,0.2));
#1513 = LINE('',#1514,#1515);
#1514 = CARTESIAN_POINT('',(-0.1,-4.63,0.2));
#1515 = VECTOR('',#1516,1.);
#1516 = DIRECTION('',(1.,4.440892098501E-16,0.));
#1517 = ORIENTED_EDGE('',*,*,#1518,.T.);
#1518 = EDGE_CURVE('',#1511,#1461,#1519,.T.);
#1519 = LINE('',#1520,#1521);
#1520 = CARTESIAN_POINT('',(-0.1,-4.63,0.2));
#1521 = VECTOR('',#1522,1.);
#1522 = DIRECTION('',(4.440892098501E-16,-1.,0.));
#1523 = FACE_BOUND('',#1524,.T.);
#1524 = EDGE_LOOP('',(#1525,#1535,#1543,#1551,#1559,#1567,#1575,#1583));
#1525 = ORIENTED_EDGE('',*,*,#1526,.T.);
#1526 = EDGE_CURVE('',#1527,#1529,#1531,.T.);
#1527 = VERTEX_POINT('',#1528);
#1528 = CARTESIAN_POINT('',(-0.1,-7.32,0.2));
#1529 = VERTEX_POINT('',#1530);
#1530 = CARTESIAN_POINT('',(-0.1,-7.92,0.2));
#1531 = LINE('',#1532,#1533);
#1532 = CARTESIAN_POINT('',(-0.1,-8.105,0.2));
#1533 = VECTOR('',#1534,1.);
#1534 = DIRECTION('',(4.440892098501E-16,-1.,0.));
#1535 = ORIENTED_EDGE('',*,*,#1536,.T.);
#1536 = EDGE_CURVE('',#1529,#1537,#1539,.T.);
#1537 = VERTEX_POINT('',#1538);
#1538 = CARTESIAN_POINT('',(-0.1,-8.07,0.2));
#1539 = LINE('',#1540,#1541);
#1540 = CARTESIAN_POINT('',(-0.1,-7.17,0.2));
#1541 = VECTOR('',#1542,1.);
#1542 = DIRECTION('',(4.440892098501E-16,-1.,0.));
#1543 = ORIENTED_EDGE('',*,*,#1544,.T.);
#1544 = EDGE_CURVE('',#1537,#1545,#1547,.T.);
#1545 = VERTEX_POINT('',#1546);
#1546 = CARTESIAN_POINT('',(0.1,-8.07,0.2));
#1547 = LINE('',#1548,#1549);
#1548 = CARTESIAN_POINT('',(-0.1,-8.07,0.2));
#1549 = VECTOR('',#1550,1.);
#1550 = DIRECTION('',(1.,4.440892098501E-16,0.));
#1551 = ORIENTED_EDGE('',*,*,#1552,.F.);
#1552 = EDGE_CURVE('',#1553,#1545,#1555,.T.);
#1553 = VERTEX_POINT('',#1554);
#1554 = CARTESIAN_POINT('',(0.1,-7.92,0.2));
#1555 = LINE('',#1556,#1557);
#1556 = CARTESIAN_POINT('',(0.1,-7.92,0.2));
#1557 = VECTOR('',#1558,1.);
#1558 = DIRECTION('',(4.440892098501E-16,-1.,0.));
#1559 = ORIENTED_EDGE('',*,*,#1560,.T.);
#1560 = EDGE_CURVE('',#1553,#1561,#1563,.T.);
#1561 = VERTEX_POINT('',#1562);
#1562 = CARTESIAN_POINT('',(0.1,-7.32,0.2));
#1563 = LINE('',#1564,#1565);
#1564 = CARTESIAN_POINT('',(0.1,-8.405,0.2));
#1565 = VECTOR('',#1566,1.);
#1566 = DIRECTION('',(-4.440892098501E-16,1.,0.));
#1567 = ORIENTED_EDGE('',*,*,#1568,.F.);
#1568 = EDGE_CURVE('',#1569,#1561,#1571,.T.);
#1569 = VERTEX_POINT('',#1570);
#1570 = CARTESIAN_POINT('',(0.1,-7.17,0.2));
#1571 = LINE('',#1572,#1573);
#1572 = CARTESIAN_POINT('',(0.1,-7.92,0.2));
#1573 = VECTOR('',#1574,1.);
#1574 = DIRECTION('',(4.440892098501E-16,-1.,0.));
#1575 = ORIENTED_EDGE('',*,*,#1576,.F.);
#1576 = EDGE_CURVE('',#1577,#1569,#1579,.T.);
#1577 = VERTEX_POINT('',#1578);
#1578 = CARTESIAN_POINT('',(-0.1,-7.17,0.2));
#1579 = LINE('',#1580,#1581);
#1580 = CARTESIAN_POINT('',(-0.1,-7.17,0.2));
#1581 = VECTOR('',#1582,1.);
#1582 = DIRECTION('',(1.,4.440892098501E-16,0.));
#1583 = ORIENTED_EDGE('',*,*,#1584,.T.);
#1584 = EDGE_CURVE('',#1577,#1527,#1585,.T.);
#1585 = LINE('',#1586,#1587);
#1586 = CARTESIAN_POINT('',(-0.1,-7.17,0.2));
#1587 = VECTOR('',#1588,1.);
#1588 = DIRECTION('',(4.440892098501E-16,-1.,0.));
#1589 = PLANE('',#1590);
#1590 = AXIS2_PLACEMENT_3D('',#1591,#1592,#1593);
#1591 = CARTESIAN_POINT('',(0.846666666667,-8.89,0.2));
#1592 = DIRECTION('',(-0.,0.,-1.));
#1593 = DIRECTION('',(4.440892098501E-16,-1.,-0.));
#1594 = ADVANCED_FACE('',(#1595),#1601,.T.);
#1595 = FACE_BOUND('',#1596,.T.);
#1596 = EDGE_LOOP('',(#1597,#1598,#1599,#1600));
#1597 = ORIENTED_EDGE('',*,*,#1015,.T.);
#1598 = ORIENTED_EDGE('',*,*,#1317,.T.);
#1599 = ORIENTED_EDGE('',*,*,#1094,.F.);
#1600 = ORIENTED_EDGE('',*,*,#1110,.F.);
#1601 = PLANE('',#1602);
#1602 = AXIS2_PLACEMENT_3D('',#1603,#1604,#1605);
#1603 = CARTESIAN_POINT('',(0.846666666667,-8.89,0.));
#1604 = DIRECTION('',(-1.,-4.440892098501E-16,0.));
#1605 = DIRECTION('',(-4.440892098501E-16,1.,0.));
#1606 = ADVANCED_FACE('',(#1607),#1613,.F.);
#1607 = FACE_BOUND('',#1608,.F.);
#1608 = EDGE_LOOP('',(#1609,#1610,#1611,#1612));
#1609 = ORIENTED_EDGE('',*,*,#1062,.T.);
#1610 = ORIENTED_EDGE('',*,*,#1127,.T.);
#1611 = ORIENTED_EDGE('',*,*,#992,.F.);
#1612 = ORIENTED_EDGE('',*,*,#1285,.F.);
#1613 = PLANE('',#1614);
#1614 = AXIS2_PLACEMENT_3D('',#1615,#1616,#1617);
#1615 = CARTESIAN_POINT('',(-1.27,1.27,0.));
#1616 = DIRECTION('',(1.,4.440892098501E-16,0.));
#1617 = DIRECTION('',(4.440892098501E-16,-1.,0.));
#1618 = ADVANCED_FACE('',(#1619),#1644,.F.);
#1619 = FACE_BOUND('',#1620,.F.);
#1620 = EDGE_LOOP('',(#1621,#1629,#1637,#1643));
#1621 = ORIENTED_EDGE('',*,*,#1622,.T.);
#1622 = EDGE_CURVE('',#1137,#1623,#1625,.T.);
#1623 = VERTEX_POINT('',#1624);
#1624 = CARTESIAN_POINT('',(-0.6,-1.94,6.999));
#1625 = LINE('',#1626,#1627);
#1626 = CARTESIAN_POINT('',(-0.6,-1.94,7.));
#1627 = VECTOR('',#1628,1.);
#1628 = DIRECTION('',(0.,0.,-1.));
#1629 = ORIENTED_EDGE('',*,*,#1630,.T.);
#1630 = EDGE_CURVE('',#1623,#1631,#1633,.T.);
#1631 = VERTEX_POINT('',#1632);
#1632 = CARTESIAN_POINT('',(-0.6,-3.14,6.999));
#1633 = LINE('',#1634,#1635);
#1634 = CARTESIAN_POINT('',(-0.6,-1.94,6.999));
#1635 = VECTOR('',#1636,1.);
#1636 = DIRECTION('',(4.440892098501E-16,-1.,0.));
#1637 = ORIENTED_EDGE('',*,*,#1638,.F.);
#1638 = EDGE_CURVE('',#1139,#1631,#1639,.T.);
#1639 = LINE('',#1640,#1641);
#1640 = CARTESIAN_POINT('',(-0.6,-3.14,7.));
#1641 = VECTOR('',#1642,1.);
#1642 = DIRECTION('',(0.,0.,-1.));
#1643 = ORIENTED_EDGE('',*,*,#1136,.F.);
#1644 = PLANE('',#1645);
#1645 = AXIS2_PLACEMENT_3D('',#1646,#1647,#1648);
#1646 = CARTESIAN_POINT('',(-0.6,-1.94,7.));
#1647 = DIRECTION('',(-1.,-4.440892098501E-16,0.));
#1648 = DIRECTION('',(4.440892098501E-16,-1.,0.));
#1649 = ADVANCED_FACE('',(#1650),#1668,.F.);
#1650 = FACE_BOUND('',#1651,.F.);
#1651 = EDGE_LOOP('',(#1652,#1660,#1666,#1667));
#1652 = ORIENTED_EDGE('',*,*,#1653,.T.);
#1653 = EDGE_CURVE('',#1155,#1654,#1656,.T.);
#1654 = VERTEX_POINT('',#1655);
#1655 = CARTESIAN_POINT('',(0.6,-1.94,6.999));
#1656 = LINE('',#1657,#1658);
#1657 = CARTESIAN_POINT('',(0.6,-1.94,7.));
#1658 = VECTOR('',#1659,1.);
#1659 = DIRECTION('',(0.,0.,-1.));
#1660 = ORIENTED_EDGE('',*,*,#1661,.T.);
#1661 = EDGE_CURVE('',#1654,#1623,#1662,.T.);
#1662 = LINE('',#1663,#1664);
#1663 = CARTESIAN_POINT('',(0.6,-1.94,6.999));
#1664 = VECTOR('',#1665,1.);
#1665 = DIRECTION('',(-1.,-4.440892098501E-16,0.));
#1666 = ORIENTED_EDGE('',*,*,#1622,.F.);
#1667 = ORIENTED_EDGE('',*,*,#1162,.F.);
#1668 = PLANE('',#1669);
#1669 = AXIS2_PLACEMENT_3D('',#1670,#1671,#1672);
#1670 = CARTESIAN_POINT('',(0.6,-1.94,7.));
#1671 = DIRECTION('',(-4.440892098501E-16,1.,0.));
#1672 = DIRECTION('',(-1.,-4.440892098501E-16,0.));
#1673 = ADVANCED_FACE('',(#1674),#1692,.F.);
#1674 = FACE_BOUND('',#1675,.F.);
#1675 = EDGE_LOOP('',(#1676,#1684,#1690,#1691));
#1676 = ORIENTED_EDGE('',*,*,#1677,.T.);
#1677 = EDGE_CURVE('',#1147,#1678,#1680,.T.);
#1678 = VERTEX_POINT('',#1679);
#1679 = CARTESIAN_POINT('',(0.6,-3.14,6.999));
#1680 = LINE('',#1681,#1682);
#1681 = CARTESIAN_POINT('',(0.6,-3.14,7.));
#1682 = VECTOR('',#1683,1.);
#1683 = DIRECTION('',(0.,0.,-1.));
#1684 = ORIENTED_EDGE('',*,*,#1685,.T.);
#1685 = EDGE_CURVE('',#1678,#1654,#1686,.T.);
#1686 = LINE('',#1687,#1688);
#1687 = CARTESIAN_POINT('',(0.6,-3.14,6.999));
#1688 = VECTOR('',#1689,1.);
#1689 = DIRECTION('',(-4.440892098501E-16,1.,0.));
#1690 = ORIENTED_EDGE('',*,*,#1653,.F.);
#1691 = ORIENTED_EDGE('',*,*,#1154,.F.);
#1692 = PLANE('',#1693);
#1693 = AXIS2_PLACEMENT_3D('',#1694,#1695,#1696);
#1694 = CARTESIAN_POINT('',(0.6,-3.14,7.));
#1695 = DIRECTION('',(1.,4.440892098501E-16,0.));
#1696 = DIRECTION('',(-4.440892098501E-16,1.,0.));
#1697 = ADVANCED_FACE('',(#1698),#1709,.F.);
#1698 = FACE_BOUND('',#1699,.F.);
#1699 = EDGE_LOOP('',(#1700,#1701,#1707,#1708));
#1700 = ORIENTED_EDGE('',*,*,#1638,.T.);
#1701 = ORIENTED_EDGE('',*,*,#1702,.T.);
#1702 = EDGE_CURVE('',#1631,#1678,#1703,.T.);
#1703 = LINE('',#1704,#1705);
#1704 = CARTESIAN_POINT('',(-0.6,-3.14,6.999));
#1705 = VECTOR('',#1706,1.);
#1706 = DIRECTION('',(1.,4.440892098501E-16,0.));
#1707 = ORIENTED_EDGE('',*,*,#1677,.F.);
#1708 = ORIENTED_EDGE('',*,*,#1146,.F.);
#1709 = PLANE('',#1710);
#1710 = AXIS2_PLACEMENT_3D('',#1711,#1712,#1713);
#1711 = CARTESIAN_POINT('',(-0.6,-3.14,7.));
#1712 = DIRECTION('',(4.440892098501E-16,-1.,0.));
#1713 = DIRECTION('',(1.,4.440892098501E-16,0.));
#1714 = ADVANCED_FACE('',(#1715),#1740,.F.);
#1715 = FACE_BOUND('',#1716,.F.);
#1716 = EDGE_LOOP('',(#1717,#1725,#1733,#1739));
#1717 = ORIENTED_EDGE('',*,*,#1718,.T.);
#1718 = EDGE_CURVE('',#1171,#1719,#1721,.T.);
#1719 = VERTEX_POINT('',#1720);
#1720 = CARTESIAN_POINT('',(0.6,-4.48,6.999));
#1721 = LINE('',#1722,#1723);
#1722 = CARTESIAN_POINT('',(0.6,-4.48,7.));
#1723 = VECTOR('',#1724,1.);
#1724 = DIRECTION('',(0.,0.,-1.));
#1725 = ORIENTED_EDGE('',*,*,#1726,.T.);
#1726 = EDGE_CURVE('',#1719,#1727,#1729,.T.);
#1727 = VERTEX_POINT('',#1728);
#1728 = CARTESIAN_POINT('',(-0.6,-4.48,6.999));
#1729 = LINE('',#1730,#1731);
#1730 = CARTESIAN_POINT('',(0.6,-4.48,6.999));
#1731 = VECTOR('',#1732,1.);
#1732 = DIRECTION('',(-1.,-4.440892098501E-16,0.));
#1733 = ORIENTED_EDGE('',*,*,#1734,.F.);
#1734 = EDGE_CURVE('',#1173,#1727,#1735,.T.);
#1735 = LINE('',#1736,#1737);
#1736 = CARTESIAN_POINT('',(-0.6,-4.48,7.));
#1737 = VECTOR('',#1738,1.);
#1738 = DIRECTION('',(0.,0.,-1.));
#1739 = ORIENTED_EDGE('',*,*,#1170,.F.);
#1740 = PLANE('',#1741);
#1741 = AXIS2_PLACEMENT_3D('',#1742,#1743,#1744);
#1742 = CARTESIAN_POINT('',(0.6,-4.48,7.));
#1743 = DIRECTION('',(-4.440892098501E-16,1.,0.));
#1744 = DIRECTION('',(-1.,-4.440892098501E-16,0.));
#1745 = ADVANCED_FACE('',(#1746),#1764,.F.);
#1746 = FACE_BOUND('',#1747,.F.);
#1747 = EDGE_LOOP('',(#1748,#1756,#1762,#1763));
#1748 = ORIENTED_EDGE('',*,*,#1749,.T.);
#1749 = EDGE_CURVE('',#1189,#1750,#1752,.T.);
#1750 = VERTEX_POINT('',#1751);
#1751 = CARTESIAN_POINT('',(0.6,-5.68,6.999));
#1752 = LINE('',#1753,#1754);
#1753 = CARTESIAN_POINT('',(0.6,-5.68,7.));
#1754 = VECTOR('',#1755,1.);
#1755 = DIRECTION('',(0.,0.,-1.));
#1756 = ORIENTED_EDGE('',*,*,#1757,.T.);
#1757 = EDGE_CURVE('',#1750,#1719,#1758,.T.);
#1758 = LINE('',#1759,#1760);
#1759 = CARTESIAN_POINT('',(0.6,-5.68,6.999));
#1760 = VECTOR('',#1761,1.);
#1761 = DIRECTION('',(-4.440892098501E-16,1.,0.));
#1762 = ORIENTED_EDGE('',*,*,#1718,.F.);
#1763 = ORIENTED_EDGE('',*,*,#1196,.F.);
#1764 = PLANE('',#1765);
#1765 = AXIS2_PLACEMENT_3D('',#1766,#1767,#1768);
#1766 = CARTESIAN_POINT('',(0.6,-5.68,7.));
#1767 = DIRECTION('',(1.,4.440892098501E-16,0.));
#1768 = DIRECTION('',(-4.440892098501E-16,1.,0.));
#1769 = ADVANCED_FACE('',(#1770),#1788,.F.);
#1770 = FACE_BOUND('',#1771,.F.);
#1771 = EDGE_LOOP('',(#1772,#1780,#1786,#1787));
#1772 = ORIENTED_EDGE('',*,*,#1773,.T.);
#1773 = EDGE_CURVE('',#1181,#1774,#1776,.T.);
#1774 = VERTEX_POINT('',#1775);
#1775 = CARTESIAN_POINT('',(-0.6,-5.68,6.999));
#1776 = LINE('',#1777,#1778);
#1777 = CARTESIAN_POINT('',(-0.6,-5.68,7.));
#1778 = VECTOR('',#1779,1.);
#1779 = DIRECTION('',(0.,0.,-1.));
#1780 = ORIENTED_EDGE('',*,*,#1781,.T.);
#1781 = EDGE_CURVE('',#1774,#1750,#1782,.T.);
#1782 = LINE('',#1783,#1784);
#1783 = CARTESIAN_POINT('',(-0.6,-5.68,6.999));
#1784 = VECTOR('',#1785,1.);
#1785 = DIRECTION('',(1.,4.440892098501E-16,0.));
#1786 = ORIENTED_EDGE('',*,*,#1749,.F.);
#1787 = ORIENTED_EDGE('',*,*,#1188,.F.);
#1788 = PLANE('',#1789);
#1789 = AXIS2_PLACEMENT_3D('',#1790,#1791,#1792);
#1790 = CARTESIAN_POINT('',(-0.6,-5.68,7.));
#1791 = DIRECTION('',(4.440892098501E-16,-1.,0.));
#1792 = DIRECTION('',(1.,4.440892098501E-16,0.));
#1793 = ADVANCED_FACE('',(#1794),#1805,.F.);
#1794 = FACE_BOUND('',#1795,.F.);
#1795 = EDGE_LOOP('',(#1796,#1797,#1803,#1804));
#1796 = ORIENTED_EDGE('',*,*,#1734,.T.);
#1797 = ORIENTED_EDGE('',*,*,#1798,.T.);
#1798 = EDGE_CURVE('',#1727,#1774,#1799,.T.);
#1799 = LINE('',#1800,#1801);
#1800 = CARTESIAN_POINT('',(-0.6,-4.48,6.999));
#1801 = VECTOR('',#1802,1.);
#1802 = DIRECTION('',(4.440892098501E-16,-1.,0.));
#1803 = ORIENTED_EDGE('',*,*,#1773,.F.);
#1804 = ORIENTED_EDGE('',*,*,#1180,.F.);
#1805 = PLANE('',#1806);
#1806 = AXIS2_PLACEMENT_3D('',#1807,#1808,#1809);
#1807 = CARTESIAN_POINT('',(-0.6,-4.48,7.));
#1808 = DIRECTION('',(-1.,-4.440892098501E-16,0.));
#1809 = DIRECTION('',(4.440892098501E-16,-1.,0.));
#1810 = ADVANCED_FACE('',(#1811),#1836,.F.);
#1811 = FACE_BOUND('',#1812,.F.);
#1812 = EDGE_LOOP('',(#1813,#1821,#1829,#1835));
#1813 = ORIENTED_EDGE('',*,*,#1814,.T.);
#1814 = EDGE_CURVE('',#1205,#1815,#1817,.T.);
#1815 = VERTEX_POINT('',#1816);
#1816 = CARTESIAN_POINT('',(-0.6,-0.6,6.999));
#1817 = LINE('',#1818,#1819);
#1818 = CARTESIAN_POINT('',(-0.6,-0.6,7.));
#1819 = VECTOR('',#1820,1.);
#1820 = DIRECTION('',(0.,0.,-1.));
#1821 = ORIENTED_EDGE('',*,*,#1822,.T.);
#1822 = EDGE_CURVE('',#1815,#1823,#1825,.T.);
#1823 = VERTEX_POINT('',#1824);
#1824 = CARTESIAN_POINT('',(0.6,-0.6,6.999));
#1825 = LINE('',#1826,#1827);
#1826 = CARTESIAN_POINT('',(-0.6,-0.6,6.999));
#1827 = VECTOR('',#1828,1.);
#1828 = DIRECTION('',(1.,4.440892098501E-16,0.));
#1829 = ORIENTED_EDGE('',*,*,#1830,.F.);
#1830 = EDGE_CURVE('',#1207,#1823,#1831,.T.);
#1831 = LINE('',#1832,#1833);
#1832 = CARTESIAN_POINT('',(0.6,-0.6,7.));
#1833 = VECTOR('',#1834,1.);
#1834 = DIRECTION('',(0.,0.,-1.));
#1835 = ORIENTED_EDGE('',*,*,#1204,.F.);
#1836 = PLANE('',#1837);
#1837 = AXIS2_PLACEMENT_3D('',#1838,#1839,#1840);
#1838 = CARTESIAN_POINT('',(-0.6,-0.6,7.));
#1839 = DIRECTION('',(4.440892098501E-16,-1.,0.));
#1840 = DIRECTION('',(1.,4.440892098501E-16,0.));
#1841 = ADVANCED_FACE('',(#1842),#1860,.F.);
#1842 = FACE_BOUND('',#1843,.F.);
#1843 = EDGE_LOOP('',(#1844,#1852,#1858,#1859));
#1844 = ORIENTED_EDGE('',*,*,#1845,.T.);
#1845 = EDGE_CURVE('',#1223,#1846,#1848,.T.);
#1846 = VERTEX_POINT('',#1847);
#1847 = CARTESIAN_POINT('',(-0.6,0.6,6.999));
#1848 = LINE('',#1849,#1850);
#1849 = CARTESIAN_POINT('',(-0.6,0.6,7.));
#1850 = VECTOR('',#1851,1.);
#1851 = DIRECTION('',(0.,0.,-1.));
#1852 = ORIENTED_EDGE('',*,*,#1853,.T.);
#1853 = EDGE_CURVE('',#1846,#1815,#1854,.T.);
#1854 = LINE('',#1855,#1856);
#1855 = CARTESIAN_POINT('',(-0.6,0.6,6.999));
#1856 = VECTOR('',#1857,1.);
#1857 = DIRECTION('',(4.440892098501E-16,-1.,0.));
#1858 = ORIENTED_EDGE('',*,*,#1814,.F.);
#1859 = ORIENTED_EDGE('',*,*,#1230,.F.);
#1860 = PLANE('',#1861);
#1861 = AXIS2_PLACEMENT_3D('',#1862,#1863,#1864);
#1862 = CARTESIAN_POINT('',(-0.6,0.6,7.));
#1863 = DIRECTION('',(-1.,-4.440892098501E-16,0.));
#1864 = DIRECTION('',(4.440892098501E-16,-1.,0.));
#1865 = ADVANCED_FACE('',(#1866),#1884,.F.);
#1866 = FACE_BOUND('',#1867,.F.);
#1867 = EDGE_LOOP('',(#1868,#1876,#1882,#1883));
#1868 = ORIENTED_EDGE('',*,*,#1869,.T.);
#1869 = EDGE_CURVE('',#1215,#1870,#1872,.T.);
#1870 = VERTEX_POINT('',#1871);
#1871 = CARTESIAN_POINT('',(0.6,0.6,6.999));
#1872 = LINE('',#1873,#1874);
#1873 = CARTESIAN_POINT('',(0.6,0.6,7.));
#1874 = VECTOR('',#1875,1.);
#1875 = DIRECTION('',(0.,0.,-1.));
#1876 = ORIENTED_EDGE('',*,*,#1877,.T.);
#1877 = EDGE_CURVE('',#1870,#1846,#1878,.T.);
#1878 = LINE('',#1879,#1880);
#1879 = CARTESIAN_POINT('',(0.6,0.6,6.999));
#1880 = VECTOR('',#1881,1.);
#1881 = DIRECTION('',(-1.,-4.440892098501E-16,0.));
#1882 = ORIENTED_EDGE('',*,*,#1845,.F.);
#1883 = ORIENTED_EDGE('',*,*,#1222,.F.);
#1884 = PLANE('',#1885);
#1885 = AXIS2_PLACEMENT_3D('',#1886,#1887,#1888);
#1886 = CARTESIAN_POINT('',(0.6,0.6,7.));
#1887 = DIRECTION('',(-4.440892098501E-16,1.,0.));
#1888 = DIRECTION('',(-1.,-4.440892098501E-16,0.));
#1889 = ADVANCED_FACE('',(#1890),#1901,.F.);
#1890 = FACE_BOUND('',#1891,.F.);
#1891 = EDGE_LOOP('',(#1892,#1893,#1899,#1900));
#1892 = ORIENTED_EDGE('',*,*,#1830,.T.);
#1893 = ORIENTED_EDGE('',*,*,#1894,.T.);
#1894 = EDGE_CURVE('',#1823,#1870,#1895,.T.);
#1895 = LINE('',#1896,#1897);
#1896 = CARTESIAN_POINT('',(0.6,-0.6,6.999));
#1897 = VECTOR('',#1898,1.);
#1898 = DIRECTION('',(-4.440892098501E-16,1.,0.));
#1899 = ORIENTED_EDGE('',*,*,#1869,.F.);
#1900 = ORIENTED_EDGE('',*,*,#1214,.F.);
#1901 = PLANE('',#1902);
#1902 = AXIS2_PLACEMENT_3D('',#1903,#1904,#1905);
#1903 = CARTESIAN_POINT('',(0.6,-0.6,7.));
#1904 = DIRECTION('',(1.,4.440892098501E-16,0.));
#1905 = DIRECTION('',(-4.440892098501E-16,1.,0.));
#1906 = ADVANCED_FACE('',(#1907),#1932,.F.);
#1907 = FACE_BOUND('',#1908,.F.);
#1908 = EDGE_LOOP('',(#1909,#1917,#1925,#1931));
#1909 = ORIENTED_EDGE('',*,*,#1910,.T.);
#1910 = EDGE_CURVE('',#1239,#1911,#1913,.T.);
#1911 = VERTEX_POINT('',#1912);
#1912 = CARTESIAN_POINT('',(-0.6,-8.22,6.999));
#1913 = LINE('',#1914,#1915);
#1914 = CARTESIAN_POINT('',(-0.6,-8.22,7.));
#1915 = VECTOR('',#1916,1.);
#1916 = DIRECTION('',(0.,0.,-1.));
#1917 = ORIENTED_EDGE('',*,*,#1918,.T.);
#1918 = EDGE_CURVE('',#1911,#1919,#1921,.T.);
#1919 = VERTEX_POINT('',#1920);
#1920 = CARTESIAN_POINT('',(0.6,-8.22,6.999));
#1921 = LINE('',#1922,#1923);
#1922 = CARTESIAN_POINT('',(-0.6,-8.22,6.999));
#1923 = VECTOR('',#1924,1.);
#1924 = DIRECTION('',(1.,4.440892098501E-16,0.));
#1925 = ORIENTED_EDGE('',*,*,#1926,.F.);
#1926 = EDGE_CURVE('',#1241,#1919,#1927,.T.);
#1927 = LINE('',#1928,#1929);
#1928 = CARTESIAN_POINT('',(0.6,-8.22,7.));
#1929 = VECTOR('',#1930,1.);
#1930 = DIRECTION('',(0.,0.,-1.));
#1931 = ORIENTED_EDGE('',*,*,#1238,.F.);
#1932 = PLANE('',#1933);
#1933 = AXIS2_PLACEMENT_3D('',#1934,#1935,#1936);
#1934 = CARTESIAN_POINT('',(-0.6,-8.22,7.));
#1935 = DIRECTION('',(4.440892098501E-16,-1.,0.));
#1936 = DIRECTION('',(1.,4.440892098501E-16,0.));
#1937 = ADVANCED_FACE('',(#1938),#1956,.F.);
#1938 = FACE_BOUND('',#1939,.F.);
#1939 = EDGE_LOOP('',(#1940,#1948,#1954,#1955));
#1940 = ORIENTED_EDGE('',*,*,#1941,.T.);
#1941 = EDGE_CURVE('',#1257,#1942,#1944,.T.);
#1942 = VERTEX_POINT('',#1943);
#1943 = CARTESIAN_POINT('',(-0.6,-7.02,6.999));
#1944 = LINE('',#1945,#1946);
#1945 = CARTESIAN_POINT('',(-0.6,-7.02,7.));
#1946 = VECTOR('',#1947,1.);
#1947 = DIRECTION('',(0.,0.,-1.));
#1948 = ORIENTED_EDGE('',*,*,#1949,.T.);
#1949 = EDGE_CURVE('',#1942,#1911,#1950,.T.);
#1950 = LINE('',#1951,#1952);
#1951 = CARTESIAN_POINT('',(-0.6,-7.02,6.999));
#1952 = VECTOR('',#1953,1.);
#1953 = DIRECTION('',(4.440892098501E-16,-1.,0.));
#1954 = ORIENTED_EDGE('',*,*,#1910,.F.);
#1955 = ORIENTED_EDGE('',*,*,#1264,.F.);
#1956 = PLANE('',#1957);
#1957 = AXIS2_PLACEMENT_3D('',#1958,#1959,#1960);
#1958 = CARTESIAN_POINT('',(-0.6,-7.02,7.));
#1959 = DIRECTION('',(-1.,-4.440892098501E-16,0.));
#1960 = DIRECTION('',(4.440892098501E-16,-1.,0.));
#1961 = ADVANCED_FACE('',(#1962),#1980,.F.);
#1962 = FACE_BOUND('',#1963,.F.);
#1963 = EDGE_LOOP('',(#1964,#1972,#1978,#1979));
#1964 = ORIENTED_EDGE('',*,*,#1965,.T.);
#1965 = EDGE_CURVE('',#1249,#1966,#1968,.T.);
#1966 = VERTEX_POINT('',#1967);
#1967 = CARTESIAN_POINT('',(0.6,-7.02,6.999));
#1968 = LINE('',#1969,#1970);
#1969 = CARTESIAN_POINT('',(0.6,-7.02,7.));
#1970 = VECTOR('',#1971,1.);
#1971 = DIRECTION('',(0.,0.,-1.));
#1972 = ORIENTED_EDGE('',*,*,#1973,.T.);
#1973 = EDGE_CURVE('',#1966,#1942,#1974,.T.);
#1974 = LINE('',#1975,#1976);
#1975 = CARTESIAN_POINT('',(0.6,-7.02,6.999));
#1976 = VECTOR('',#1977,1.);
#1977 = DIRECTION('',(-1.,-4.440892098501E-16,0.));
#1978 = ORIENTED_EDGE('',*,*,#1941,.F.);
#1979 = ORIENTED_EDGE('',*,*,#1256,.F.);
#1980 = PLANE('',#1981);
#1981 = AXIS2_PLACEMENT_3D('',#1982,#1983,#1984);
#1982 = CARTESIAN_POINT('',(0.6,-7.02,7.));
#1983 = DIRECTION('',(-4.440892098501E-16,1.,0.));
#1984 = DIRECTION('',(-1.,-4.440892098501E-16,0.));
#1985 = ADVANCED_FACE('',(#1986),#1997,.F.);
#1986 = FACE_BOUND('',#1987,.F.);
#1987 = EDGE_LOOP('',(#1988,#1989,#1995,#1996));
#1988 = ORIENTED_EDGE('',*,*,#1926,.T.);
#1989 = ORIENTED_EDGE('',*,*,#1990,.T.);
#1990 = EDGE_CURVE('',#1919,#1966,#1991,.T.);
#1991 = LINE('',#1992,#1993);
#1992 = CARTESIAN_POINT('',(0.6,-8.22,6.999));
#1993 = VECTOR('',#1994,1.);
#1994 = DIRECTION('',(-4.440892098501E-16,1.,0.));
#1995 = ORIENTED_EDGE('',*,*,#1965,.F.);
#1996 = ORIENTED_EDGE('',*,*,#1248,.F.);
#1997 = PLANE('',#1998);
#1998 = AXIS2_PLACEMENT_3D('',#1999,#2000,#2001);
#1999 = CARTESIAN_POINT('',(0.6,-8.22,7.));
#2000 = DIRECTION('',(1.,4.440892098501E-16,0.));
#2001 = DIRECTION('',(-4.440892098501E-16,1.,0.));
#2002 = ADVANCED_FACE('',(#2003),#2044,.F.);
#2003 = FACE_BOUND('',#2004,.F.);
#2004 = EDGE_LOOP('',(#2005,#2013,#2014,#2022,#2030,#2038));
#2005 = ORIENTED_EDGE('',*,*,#2006,.F.);
#2006 = EDGE_CURVE('',#1329,#2007,#2009,.T.);
#2007 = VERTEX_POINT('',#2008);
#2008 = CARTESIAN_POINT('',(-0.1,0.3,-2.5));
#2009 = LINE('',#2010,#2011);
#2010 = CARTESIAN_POINT('',(-0.1,0.3,0.2));
#2011 = VECTOR('',#2012,1.);
#2012 = DIRECTION('',(-0.,0.,-1.));
#2013 = ORIENTED_EDGE('',*,*,#1328,.T.);
#2014 = ORIENTED_EDGE('',*,*,#2015,.F.);
#2015 = EDGE_CURVE('',#2016,#1331,#2018,.T.);
#2016 = VERTEX_POINT('',#2017);
#2017 = CARTESIAN_POINT('',(-0.1,-0.3,-2.5));
#2018 = LINE('',#2019,#2020);
#2019 = CARTESIAN_POINT('',(-0.1,-0.3,-2.5));
#2020 = VECTOR('',#2021,1.);
#2021 = DIRECTION('',(0.,0.,1.));
#2022 = ORIENTED_EDGE('',*,*,#2023,.F.);
#2023 = EDGE_CURVE('',#2024,#2016,#2026,.T.);
#2024 = VERTEX_POINT('',#2025);
#2025 = CARTESIAN_POINT('',(-0.1,-0.15,-3.1));
#2026 = LINE('',#2027,#2028);
#2027 = CARTESIAN_POINT('',(-0.1,-0.15,-3.1));
#2028 = VECTOR('',#2029,1.);
#2029 = DIRECTION('',(1.077074540829E-16,-0.242535625036,0.970142500145)
  );
#2030 = ORIENTED_EDGE('',*,*,#2031,.F.);
#2031 = EDGE_CURVE('',#2032,#2024,#2034,.T.);
#2032 = VERTEX_POINT('',#2033);
#2033 = CARTESIAN_POINT('',(-0.1,0.15,-3.1));
#2034 = LINE('',#2035,#2036);
#2035 = CARTESIAN_POINT('',(-0.1,0.15,-3.1));
#2036 = VECTOR('',#2037,1.);
#2037 = DIRECTION('',(4.440892098501E-16,-1.,0.));
#2038 = ORIENTED_EDGE('',*,*,#2039,.F.);
#2039 = EDGE_CURVE('',#2007,#2032,#2040,.T.);
#2040 = LINE('',#2041,#2042);
#2041 = CARTESIAN_POINT('',(-0.1,0.3,-2.5));
#2042 = VECTOR('',#2043,1.);
#2043 = DIRECTION('',(1.077074540829E-16,-0.242535625036,-0.970142500145
    ));
#2044 = PLANE('',#2045);
#2045 = AXIS2_PLACEMENT_3D('',#2046,#2047,#2048);
#2046 = CARTESIAN_POINT('',(-0.1,0.3,0.2));
#2047 = DIRECTION('',(1.,4.440892098501E-16,0.));
#2048 = DIRECTION('',(0.,0.,-1.));
#2049 = ADVANCED_FACE('',(#2050),#2061,.T.);
#2050 = FACE_BOUND('',#2051,.T.);
#2051 = EDGE_LOOP('',(#2052,#2058,#2059,#2060));
#2052 = ORIENTED_EDGE('',*,*,#2053,.F.);
#2053 = EDGE_CURVE('',#1329,#1363,#2054,.T.);
#2054 = LINE('',#2055,#2056);
#2055 = CARTESIAN_POINT('',(-0.1,0.3,0.2));
#2056 = VECTOR('',#2057,1.);
#2057 = DIRECTION('',(1.,4.440892098501E-16,0.));
#2058 = ORIENTED_EDGE('',*,*,#1386,.F.);
#2059 = ORIENTED_EDGE('',*,*,#1378,.T.);
#2060 = ORIENTED_EDGE('',*,*,#1370,.T.);
#2061 = PLANE('',#2062);
#2062 = AXIS2_PLACEMENT_3D('',#2063,#2064,#2065);
#2063 = CARTESIAN_POINT('',(-0.1,-0.45,0.2));
#2064 = DIRECTION('',(-0.,0.,-1.));
#2065 = DIRECTION('',(4.440892098501E-16,-1.,-0.));
#2066 = ADVANCED_FACE('',(#2067),#2108,.F.);
#2067 = FACE_BOUND('',#2068,.F.);
#2068 = EDGE_LOOP('',(#2069,#2070,#2078,#2086,#2094,#2102));
#2069 = ORIENTED_EDGE('',*,*,#1362,.T.);
#2070 = ORIENTED_EDGE('',*,*,#2071,.T.);
#2071 = EDGE_CURVE('',#1363,#2072,#2074,.T.);
#2072 = VERTEX_POINT('',#2073);
#2073 = CARTESIAN_POINT('',(0.1,0.3,-2.5));
#2074 = LINE('',#2075,#2076);
#2075 = CARTESIAN_POINT('',(0.1,0.3,0.2));
#2076 = VECTOR('',#2077,1.);
#2077 = DIRECTION('',(-0.,0.,-1.));
#2078 = ORIENTED_EDGE('',*,*,#2079,.T.);
#2079 = EDGE_CURVE('',#2072,#2080,#2082,.T.);
#2080 = VERTEX_POINT('',#2081);
#2081 = CARTESIAN_POINT('',(0.1,0.15,-3.1));
#2082 = LINE('',#2083,#2084);
#2083 = CARTESIAN_POINT('',(0.1,0.3,-2.5));
#2084 = VECTOR('',#2085,1.);
#2085 = DIRECTION('',(1.077074540829E-16,-0.242535625036,-0.970142500145
    ));
#2086 = ORIENTED_EDGE('',*,*,#2087,.T.);
#2087 = EDGE_CURVE('',#2080,#2088,#2090,.T.);
#2088 = VERTEX_POINT('',#2089);
#2089 = CARTESIAN_POINT('',(0.1,-0.15,-3.1));
#2090 = LINE('',#2091,#2092);
#2091 = CARTESIAN_POINT('',(0.1,9.325873406851E-16,-3.1));
#2092 = VECTOR('',#2093,1.);
#2093 = DIRECTION('',(4.440892098501E-16,-1.,0.));
#2094 = ORIENTED_EDGE('',*,*,#2095,.T.);
#2095 = EDGE_CURVE('',#2088,#2096,#2098,.T.);
#2096 = VERTEX_POINT('',#2097);
#2097 = CARTESIAN_POINT('',(0.1,-0.3,-2.5));
#2098 = LINE('',#2099,#2100);
#2099 = CARTESIAN_POINT('',(0.1,-0.15,-3.1));
#2100 = VECTOR('',#2101,1.);
#2101 = DIRECTION('',(1.077074540829E-16,-0.242535625036,0.970142500145)
  );
#2102 = ORIENTED_EDGE('',*,*,#2103,.T.);
#2103 = EDGE_CURVE('',#2096,#1355,#2104,.T.);
#2104 = LINE('',#2105,#2106);
#2105 = CARTESIAN_POINT('',(0.1,-0.3,-2.5));
#2106 = VECTOR('',#2107,1.);
#2107 = DIRECTION('',(0.,0.,1.));
#2108 = PLANE('',#2109);
#2109 = AXIS2_PLACEMENT_3D('',#2110,#2111,#2112);
#2110 = CARTESIAN_POINT('',(0.1,0.3,0.2));
#2111 = DIRECTION('',(-1.,-4.440892098501E-16,0.));
#2112 = DIRECTION('',(0.,0.,1.));
#2113 = ADVANCED_FACE('',(#2114),#2125,.T.);
#2114 = FACE_BOUND('',#2115,.T.);
#2115 = EDGE_LOOP('',(#2116,#2117,#2118,#2124));
#2116 = ORIENTED_EDGE('',*,*,#1346,.F.);
#2117 = ORIENTED_EDGE('',*,*,#1338,.F.);
#2118 = ORIENTED_EDGE('',*,*,#2119,.T.);
#2119 = EDGE_CURVE('',#1331,#1355,#2120,.T.);
#2120 = LINE('',#2121,#2122);
#2121 = CARTESIAN_POINT('',(-0.1,-0.3,0.2));
#2122 = VECTOR('',#2123,1.);
#2123 = DIRECTION('',(1.,4.440892098501E-16,0.));
#2124 = ORIENTED_EDGE('',*,*,#1354,.T.);
#2125 = PLANE('',#2126);
#2126 = AXIS2_PLACEMENT_3D('',#2127,#2128,#2129);
#2127 = CARTESIAN_POINT('',(-0.1,-0.45,0.2));
#2128 = DIRECTION('',(-0.,0.,-1.));
#2129 = DIRECTION('',(4.440892098501E-16,-1.,-0.));
#2130 = ADVANCED_FACE('',(#2131),#2172,.F.);
#2131 = FACE_BOUND('',#2132,.F.);
#2132 = EDGE_LOOP('',(#2133,#2141,#2142,#2150,#2158,#2166));
#2133 = ORIENTED_EDGE('',*,*,#2134,.F.);
#2134 = EDGE_CURVE('',#1395,#2135,#2137,.T.);
#2135 = VERTEX_POINT('',#2136);
#2136 = CARTESIAN_POINT('',(-0.1,-2.24,-2.5));
#2137 = LINE('',#2138,#2139);
#2138 = CARTESIAN_POINT('',(-0.1,-2.24,0.2));
#2139 = VECTOR('',#2140,1.);
#2140 = DIRECTION('',(-0.,0.,-1.));
#2141 = ORIENTED_EDGE('',*,*,#1394,.T.);
#2142 = ORIENTED_EDGE('',*,*,#2143,.F.);
#2143 = EDGE_CURVE('',#2144,#1397,#2146,.T.);
#2144 = VERTEX_POINT('',#2145);
#2145 = CARTESIAN_POINT('',(-0.1,-2.84,-2.5));
#2146 = LINE('',#2147,#2148);
#2147 = CARTESIAN_POINT('',(-0.1,-2.84,-2.5));
#2148 = VECTOR('',#2149,1.);
#2149 = DIRECTION('',(0.,0.,1.));
#2150 = ORIENTED_EDGE('',*,*,#2151,.F.);
#2151 = EDGE_CURVE('',#2152,#2144,#2154,.T.);
#2152 = VERTEX_POINT('',#2153);
#2153 = CARTESIAN_POINT('',(-0.1,-2.69,-3.1));
#2154 = LINE('',#2155,#2156);
#2155 = CARTESIAN_POINT('',(-0.1,-2.69,-3.1));
#2156 = VECTOR('',#2157,1.);
#2157 = DIRECTION('',(1.077074540829E-16,-0.242535625036,0.970142500145)
  );
#2158 = ORIENTED_EDGE('',*,*,#2159,.F.);
#2159 = EDGE_CURVE('',#2160,#2152,#2162,.T.);
#2160 = VERTEX_POINT('',#2161);
#2161 = CARTESIAN_POINT('',(-0.1,-2.39,-3.1));
#2162 = LINE('',#2163,#2164);
#2163 = CARTESIAN_POINT('',(-0.1,-2.39,-3.1));
#2164 = VECTOR('',#2165,1.);
#2165 = DIRECTION('',(4.440892098501E-16,-1.,0.));
#2166 = ORIENTED_EDGE('',*,*,#2167,.F.);
#2167 = EDGE_CURVE('',#2135,#2160,#2168,.T.);
#2168 = LINE('',#2169,#2170);
#2169 = CARTESIAN_POINT('',(-0.1,-2.24,-2.5));
#2170 = VECTOR('',#2171,1.);
#2171 = DIRECTION('',(1.077074540829E-16,-0.242535625036,-0.970142500145
    ));
#2172 = PLANE('',#2173);
#2173 = AXIS2_PLACEMENT_3D('',#2174,#2175,#2176);
#2174 = CARTESIAN_POINT('',(-0.1,-2.24,0.2));
#2175 = DIRECTION('',(1.,4.440892098501E-16,0.));
#2176 = DIRECTION('',(0.,0.,-1.));
#2177 = ADVANCED_FACE('',(#2178),#2189,.T.);
#2178 = FACE_BOUND('',#2179,.T.);
#2179 = EDGE_LOOP('',(#2180,#2186,#2187,#2188));
#2180 = ORIENTED_EDGE('',*,*,#2181,.F.);
#2181 = EDGE_CURVE('',#1395,#1429,#2182,.T.);
#2182 = LINE('',#2183,#2184);
#2183 = CARTESIAN_POINT('',(-0.1,-2.24,0.2));
#2184 = VECTOR('',#2185,1.);
#2185 = DIRECTION('',(1.,4.440892098501E-16,0.));
#2186 = ORIENTED_EDGE('',*,*,#1452,.F.);
#2187 = ORIENTED_EDGE('',*,*,#1444,.T.);
#2188 = ORIENTED_EDGE('',*,*,#1436,.T.);
#2189 = PLANE('',#2190);
#2190 = AXIS2_PLACEMENT_3D('',#2191,#2192,#2193);
#2191 = CARTESIAN_POINT('',(-0.1,-2.99,0.2));
#2192 = DIRECTION('',(-0.,0.,-1.));
#2193 = DIRECTION('',(4.440892098501E-16,-1.,-0.));
#2194 = ADVANCED_FACE('',(#2195),#2236,.F.);
#2195 = FACE_BOUND('',#2196,.F.);
#2196 = EDGE_LOOP('',(#2197,#2198,#2206,#2214,#2222,#2230));
#2197 = ORIENTED_EDGE('',*,*,#1428,.T.);
#2198 = ORIENTED_EDGE('',*,*,#2199,.T.);
#2199 = EDGE_CURVE('',#1429,#2200,#2202,.T.);
#2200 = VERTEX_POINT('',#2201);
#2201 = CARTESIAN_POINT('',(0.1,-2.24,-2.5));
#2202 = LINE('',#2203,#2204);
#2203 = CARTESIAN_POINT('',(0.1,-2.24,0.2));
#2204 = VECTOR('',#2205,1.);
#2205 = DIRECTION('',(-0.,0.,-1.));
#2206 = ORIENTED_EDGE('',*,*,#2207,.T.);
#2207 = EDGE_CURVE('',#2200,#2208,#2210,.T.);
#2208 = VERTEX_POINT('',#2209);
#2209 = CARTESIAN_POINT('',(0.1,-2.39,-3.1));
#2210 = LINE('',#2211,#2212);
#2211 = CARTESIAN_POINT('',(0.1,-2.24,-2.5));
#2212 = VECTOR('',#2213,1.);
#2213 = DIRECTION('',(1.077074540829E-16,-0.242535625036,-0.970142500145
    ));
#2214 = ORIENTED_EDGE('',*,*,#2215,.T.);
#2215 = EDGE_CURVE('',#2208,#2216,#2218,.T.);
#2216 = VERTEX_POINT('',#2217);
#2217 = CARTESIAN_POINT('',(0.1,-2.69,-3.1));
#2218 = LINE('',#2219,#2220);
#2219 = CARTESIAN_POINT('',(0.1,-2.54,-3.1));
#2220 = VECTOR('',#2221,1.);
#2221 = DIRECTION('',(4.440892098501E-16,-1.,0.));
#2222 = ORIENTED_EDGE('',*,*,#2223,.T.);
#2223 = EDGE_CURVE('',#2216,#2224,#2226,.T.);
#2224 = VERTEX_POINT('',#2225);
#2225 = CARTESIAN_POINT('',(0.1,-2.84,-2.5));
#2226 = LINE('',#2227,#2228);
#2227 = CARTESIAN_POINT('',(0.1,-2.69,-3.1));
#2228 = VECTOR('',#2229,1.);
#2229 = DIRECTION('',(1.077074540829E-16,-0.242535625036,0.970142500145)
  );
#2230 = ORIENTED_EDGE('',*,*,#2231,.T.);
#2231 = EDGE_CURVE('',#2224,#1421,#2232,.T.);
#2232 = LINE('',#2233,#2234);
#2233 = CARTESIAN_POINT('',(0.1,-2.84,-2.5));
#2234 = VECTOR('',#2235,1.);
#2235 = DIRECTION('',(0.,0.,1.));
#2236 = PLANE('',#2237);
#2237 = AXIS2_PLACEMENT_3D('',#2238,#2239,#2240);
#2238 = CARTESIAN_POINT('',(0.1,-2.24,0.2));
#2239 = DIRECTION('',(-1.,-4.440892098501E-16,0.));
#2240 = DIRECTION('',(0.,0.,1.));
#2241 = ADVANCED_FACE('',(#2242),#2253,.T.);
#2242 = FACE_BOUND('',#2243,.T.);
#2243 = EDGE_LOOP('',(#2244,#2245,#2246,#2252));
#2244 = ORIENTED_EDGE('',*,*,#1412,.F.);
#2245 = ORIENTED_EDGE('',*,*,#1404,.F.);
#2246 = ORIENTED_EDGE('',*,*,#2247,.T.);
#2247 = EDGE_CURVE('',#1397,#1421,#2248,.T.);
#2248 = LINE('',#2249,#2250);
#2249 = CARTESIAN_POINT('',(-0.1,-2.84,0.2));
#2250 = VECTOR('',#2251,1.);
#2251 = DIRECTION('',(1.,4.440892098501E-16,0.));
#2252 = ORIENTED_EDGE('',*,*,#1420,.T.);
#2253 = PLANE('',#2254);
#2254 = AXIS2_PLACEMENT_3D('',#2255,#2256,#2257);
#2255 = CARTESIAN_POINT('',(-0.1,-2.99,0.2));
#2256 = DIRECTION('',(-0.,0.,-1.));
#2257 = DIRECTION('',(4.440892098501E-16,-1.,-0.));
#2258 = ADVANCED_FACE('',(#2259),#2300,.F.);
#2259 = FACE_BOUND('',#2260,.F.);
#2260 = EDGE_LOOP('',(#2261,#2269,#2270,#2278,#2286,#2294));
#2261 = ORIENTED_EDGE('',*,*,#2262,.F.);
#2262 = EDGE_CURVE('',#1461,#2263,#2265,.T.);
#2263 = VERTEX_POINT('',#2264);
#2264 = CARTESIAN_POINT('',(-0.1,-4.78,-2.5));
#2265 = LINE('',#2266,#2267);
#2266 = CARTESIAN_POINT('',(-0.1,-4.78,0.2));
#2267 = VECTOR('',#2268,1.);
#2268 = DIRECTION('',(-0.,0.,-1.));
#2269 = ORIENTED_EDGE('',*,*,#1460,.T.);
#2270 = ORIENTED_EDGE('',*,*,#2271,.F.);
#2271 = EDGE_CURVE('',#2272,#1463,#2274,.T.);
#2272 = VERTEX_POINT('',#2273);
#2273 = CARTESIAN_POINT('',(-0.1,-5.38,-2.5));
#2274 = LINE('',#2275,#2276);
#2275 = CARTESIAN_POINT('',(-0.1,-5.38,-2.5));
#2276 = VECTOR('',#2277,1.);
#2277 = DIRECTION('',(0.,0.,1.));
#2278 = ORIENTED_EDGE('',*,*,#2279,.F.);
#2279 = EDGE_CURVE('',#2280,#2272,#2282,.T.);
#2280 = VERTEX_POINT('',#2281);
#2281 = CARTESIAN_POINT('',(-0.1,-5.23,-3.1));
#2282 = LINE('',#2283,#2284);
#2283 = CARTESIAN_POINT('',(-0.1,-5.23,-3.1));
#2284 = VECTOR('',#2285,1.);
#2285 = DIRECTION('',(1.077074540829E-16,-0.242535625036,0.970142500145)
  );
#2286 = ORIENTED_EDGE('',*,*,#2287,.F.);
#2287 = EDGE_CURVE('',#2288,#2280,#2290,.T.);
#2288 = VERTEX_POINT('',#2289);
#2289 = CARTESIAN_POINT('',(-0.1,-4.93,-3.1));
#2290 = LINE('',#2291,#2292);
#2291 = CARTESIAN_POINT('',(-0.1,-4.93,-3.1));
#2292 = VECTOR('',#2293,1.);
#2293 = DIRECTION('',(4.440892098501E-16,-1.,0.));
#2294 = ORIENTED_EDGE('',*,*,#2295,.F.);
#2295 = EDGE_CURVE('',#2263,#2288,#2296,.T.);
#2296 = LINE('',#2297,#2298);
#2297 = CARTESIAN_POINT('',(-0.1,-4.78,-2.5));
#2298 = VECTOR('',#2299,1.);
#2299 = DIRECTION('',(1.077074540829E-16,-0.242535625036,-0.970142500145
    ));
#2300 = PLANE('',#2301);
#2301 = AXIS2_PLACEMENT_3D('',#2302,#2303,#2304);
#2302 = CARTESIAN_POINT('',(-0.1,-4.78,0.2));
#2303 = DIRECTION('',(1.,4.440892098501E-16,0.));
#2304 = DIRECTION('',(0.,0.,-1.));
#2305 = ADVANCED_FACE('',(#2306),#2317,.T.);
#2306 = FACE_BOUND('',#2307,.T.);
#2307 = EDGE_LOOP('',(#2308,#2314,#2315,#2316));
#2308 = ORIENTED_EDGE('',*,*,#2309,.F.);
#2309 = EDGE_CURVE('',#1461,#1495,#2310,.T.);
#2310 = LINE('',#2311,#2312);
#2311 = CARTESIAN_POINT('',(-0.1,-4.78,0.2));
#2312 = VECTOR('',#2313,1.);
#2313 = DIRECTION('',(1.,4.440892098501E-16,0.));
#2314 = ORIENTED_EDGE('',*,*,#1518,.F.);
#2315 = ORIENTED_EDGE('',*,*,#1510,.T.);
#2316 = ORIENTED_EDGE('',*,*,#1502,.T.);
#2317 = PLANE('',#2318);
#2318 = AXIS2_PLACEMENT_3D('',#2319,#2320,#2321);
#2319 = CARTESIAN_POINT('',(-0.1,-5.53,0.2));
#2320 = DIRECTION('',(-0.,0.,-1.));
#2321 = DIRECTION('',(4.440892098501E-16,-1.,-0.));
#2322 = ADVANCED_FACE('',(#2323),#2364,.F.);
#2323 = FACE_BOUND('',#2324,.F.);
#2324 = EDGE_LOOP('',(#2325,#2326,#2334,#2342,#2350,#2358));
#2325 = ORIENTED_EDGE('',*,*,#1494,.T.);
#2326 = ORIENTED_EDGE('',*,*,#2327,.T.);
#2327 = EDGE_CURVE('',#1495,#2328,#2330,.T.);
#2328 = VERTEX_POINT('',#2329);
#2329 = CARTESIAN_POINT('',(0.1,-4.78,-2.5));
#2330 = LINE('',#2331,#2332);
#2331 = CARTESIAN_POINT('',(0.1,-4.78,0.2));
#2332 = VECTOR('',#2333,1.);
#2333 = DIRECTION('',(-0.,0.,-1.));
#2334 = ORIENTED_EDGE('',*,*,#2335,.T.);
#2335 = EDGE_CURVE('',#2328,#2336,#2338,.T.);
#2336 = VERTEX_POINT('',#2337);
#2337 = CARTESIAN_POINT('',(0.1,-4.93,-3.1));
#2338 = LINE('',#2339,#2340);
#2339 = CARTESIAN_POINT('',(0.1,-4.78,-2.5));
#2340 = VECTOR('',#2341,1.);
#2341 = DIRECTION('',(1.077074540829E-16,-0.242535625036,-0.970142500145
    ));
#2342 = ORIENTED_EDGE('',*,*,#2343,.T.);
#2343 = EDGE_CURVE('',#2336,#2344,#2346,.T.);
#2344 = VERTEX_POINT('',#2345);
#2345 = CARTESIAN_POINT('',(0.1,-5.23,-3.1));
#2346 = LINE('',#2347,#2348);
#2347 = CARTESIAN_POINT('',(0.1,-5.08,-3.1));
#2348 = VECTOR('',#2349,1.);
#2349 = DIRECTION('',(4.440892098501E-16,-1.,0.));
#2350 = ORIENTED_EDGE('',*,*,#2351,.T.);
#2351 = EDGE_CURVE('',#2344,#2352,#2354,.T.);
#2352 = VERTEX_POINT('',#2353);
#2353 = CARTESIAN_POINT('',(0.1,-5.38,-2.5));
#2354 = LINE('',#2355,#2356);
#2355 = CARTESIAN_POINT('',(0.1,-5.23,-3.1));
#2356 = VECTOR('',#2357,1.);
#2357 = DIRECTION('',(1.077074540829E-16,-0.242535625036,0.970142500145)
  );
#2358 = ORIENTED_EDGE('',*,*,#2359,.T.);
#2359 = EDGE_CURVE('',#2352,#1487,#2360,.T.);
#2360 = LINE('',#2361,#2362);
#2361 = CARTESIAN_POINT('',(0.1,-5.38,-2.5));
#2362 = VECTOR('',#2363,1.);
#2363 = DIRECTION('',(0.,0.,1.));
#2364 = PLANE('',#2365);
#2365 = AXIS2_PLACEMENT_3D('',#2366,#2367,#2368);
#2366 = CARTESIAN_POINT('',(0.1,-4.78,0.2));
#2367 = DIRECTION('',(-1.,-4.440892098501E-16,0.));
#2368 = DIRECTION('',(0.,0.,1.));
#2369 = ADVANCED_FACE('',(#2370),#2381,.T.);
#2370 = FACE_BOUND('',#2371,.T.);
#2371 = EDGE_LOOP('',(#2372,#2373,#2374,#2380));
#2372 = ORIENTED_EDGE('',*,*,#1478,.F.);
#2373 = ORIENTED_EDGE('',*,*,#1470,.F.);
#2374 = ORIENTED_EDGE('',*,*,#2375,.T.);
#2375 = EDGE_CURVE('',#1463,#1487,#2376,.T.);
#2376 = LINE('',#2377,#2378);
#2377 = CARTESIAN_POINT('',(-0.1,-5.38,0.2));
#2378 = VECTOR('',#2379,1.);
#2379 = DIRECTION('',(1.,4.440892098501E-16,0.));
#2380 = ORIENTED_EDGE('',*,*,#1486,.T.);
#2381 = PLANE('',#2382);
#2382 = AXIS2_PLACEMENT_3D('',#2383,#2384,#2385);
#2383 = CARTESIAN_POINT('',(-0.1,-5.53,0.2));
#2384 = DIRECTION('',(-0.,0.,-1.));
#2385 = DIRECTION('',(4.440892098501E-16,-1.,-0.));
#2386 = ADVANCED_FACE('',(#2387),#2428,.F.);
#2387 = FACE_BOUND('',#2388,.F.);
#2388 = EDGE_LOOP('',(#2389,#2397,#2398,#2406,#2414,#2422));
#2389 = ORIENTED_EDGE('',*,*,#2390,.F.);
#2390 = EDGE_CURVE('',#1527,#2391,#2393,.T.);
#2391 = VERTEX_POINT('',#2392);
#2392 = CARTESIAN_POINT('',(-0.1,-7.32,-2.5));
#2393 = LINE('',#2394,#2395);
#2394 = CARTESIAN_POINT('',(-0.1,-7.32,0.2));
#2395 = VECTOR('',#2396,1.);
#2396 = DIRECTION('',(-0.,0.,-1.));
#2397 = ORIENTED_EDGE('',*,*,#1526,.T.);
#2398 = ORIENTED_EDGE('',*,*,#2399,.F.);
#2399 = EDGE_CURVE('',#2400,#1529,#2402,.T.);
#2400 = VERTEX_POINT('',#2401);
#2401 = CARTESIAN_POINT('',(-0.1,-7.92,-2.5));
#2402 = LINE('',#2403,#2404);
#2403 = CARTESIAN_POINT('',(-0.1,-7.92,-2.5));
#2404 = VECTOR('',#2405,1.);
#2405 = DIRECTION('',(0.,0.,1.));
#2406 = ORIENTED_EDGE('',*,*,#2407,.F.);
#2407 = EDGE_CURVE('',#2408,#2400,#2410,.T.);
#2408 = VERTEX_POINT('',#2409);
#2409 = CARTESIAN_POINT('',(-0.1,-7.77,-3.1));
#2410 = LINE('',#2411,#2412);
#2411 = CARTESIAN_POINT('',(-0.1,-7.77,-3.1));
#2412 = VECTOR('',#2413,1.);
#2413 = DIRECTION('',(1.077074540829E-16,-0.242535625036,0.970142500145)
  );
#2414 = ORIENTED_EDGE('',*,*,#2415,.F.);
#2415 = EDGE_CURVE('',#2416,#2408,#2418,.T.);
#2416 = VERTEX_POINT('',#2417);
#2417 = CARTESIAN_POINT('',(-0.1,-7.47,-3.1));
#2418 = LINE('',#2419,#2420);
#2419 = CARTESIAN_POINT('',(-0.1,-7.47,-3.1));
#2420 = VECTOR('',#2421,1.);
#2421 = DIRECTION('',(4.440892098501E-16,-1.,0.));
#2422 = ORIENTED_EDGE('',*,*,#2423,.F.);
#2423 = EDGE_CURVE('',#2391,#2416,#2424,.T.);
#2424 = LINE('',#2425,#2426);
#2425 = CARTESIAN_POINT('',(-0.1,-7.32,-2.5));
#2426 = VECTOR('',#2427,1.);
#2427 = DIRECTION('',(1.077074540829E-16,-0.242535625036,-0.970142500145
    ));
#2428 = PLANE('',#2429);
#2429 = AXIS2_PLACEMENT_3D('',#2430,#2431,#2432);
#2430 = CARTESIAN_POINT('',(-0.1,-7.32,0.2));
#2431 = DIRECTION('',(1.,4.440892098501E-16,0.));
#2432 = DIRECTION('',(0.,0.,-1.));
#2433 = ADVANCED_FACE('',(#2434),#2445,.T.);
#2434 = FACE_BOUND('',#2435,.T.);
#2435 = EDGE_LOOP('',(#2436,#2442,#2443,#2444));
#2436 = ORIENTED_EDGE('',*,*,#2437,.F.);
#2437 = EDGE_CURVE('',#1527,#1561,#2438,.T.);
#2438 = LINE('',#2439,#2440);
#2439 = CARTESIAN_POINT('',(-0.1,-7.32,0.2));
#2440 = VECTOR('',#2441,1.);
#2441 = DIRECTION('',(1.,4.440892098501E-16,0.));
#2442 = ORIENTED_EDGE('',*,*,#1584,.F.);
#2443 = ORIENTED_EDGE('',*,*,#1576,.T.);
#2444 = ORIENTED_EDGE('',*,*,#1568,.T.);
#2445 = PLANE('',#2446);
#2446 = AXIS2_PLACEMENT_3D('',#2447,#2448,#2449);
#2447 = CARTESIAN_POINT('',(-0.1,-8.07,0.2));
#2448 = DIRECTION('',(-0.,0.,-1.));
#2449 = DIRECTION('',(4.440892098501E-16,-1.,-0.));
#2450 = ADVANCED_FACE('',(#2451),#2492,.F.);
#2451 = FACE_BOUND('',#2452,.F.);
#2452 = EDGE_LOOP('',(#2453,#2454,#2462,#2470,#2478,#2486));
#2453 = ORIENTED_EDGE('',*,*,#1560,.T.);
#2454 = ORIENTED_EDGE('',*,*,#2455,.T.);
#2455 = EDGE_CURVE('',#1561,#2456,#2458,.T.);
#2456 = VERTEX_POINT('',#2457);
#2457 = CARTESIAN_POINT('',(0.1,-7.32,-2.5));
#2458 = LINE('',#2459,#2460);
#2459 = CARTESIAN_POINT('',(0.1,-7.32,0.2));
#2460 = VECTOR('',#2461,1.);
#2461 = DIRECTION('',(-0.,0.,-1.));
#2462 = ORIENTED_EDGE('',*,*,#2463,.T.);
#2463 = EDGE_CURVE('',#2456,#2464,#2466,.T.);
#2464 = VERTEX_POINT('',#2465);
#2465 = CARTESIAN_POINT('',(0.1,-7.47,-3.1));
#2466 = LINE('',#2467,#2468);
#2467 = CARTESIAN_POINT('',(0.1,-7.32,-2.5));
#2468 = VECTOR('',#2469,1.);
#2469 = DIRECTION('',(1.077074540829E-16,-0.242535625036,-0.970142500145
    ));
#2470 = ORIENTED_EDGE('',*,*,#2471,.T.);
#2471 = EDGE_CURVE('',#2464,#2472,#2474,.T.);
#2472 = VERTEX_POINT('',#2473);
#2473 = CARTESIAN_POINT('',(0.1,-7.77,-3.1));
#2474 = LINE('',#2475,#2476);
#2475 = CARTESIAN_POINT('',(0.1,-7.62,-3.1));
#2476 = VECTOR('',#2477,1.);
#2477 = DIRECTION('',(4.440892098501E-16,-1.,0.));
#2478 = ORIENTED_EDGE('',*,*,#2479,.T.);
#2479 = EDGE_CURVE('',#2472,#2480,#2482,.T.);
#2480 = VERTEX_POINT('',#2481);
#2481 = CARTESIAN_POINT('',(0.1,-7.92,-2.5));
#2482 = LINE('',#2483,#2484);
#2483 = CARTESIAN_POINT('',(0.1,-7.77,-3.1));
#2484 = VECTOR('',#2485,1.);
#2485 = DIRECTION('',(1.077074540829E-16,-0.242535625036,0.970142500145)
  );
#2486 = ORIENTED_EDGE('',*,*,#2487,.T.);
#2487 = EDGE_CURVE('',#2480,#1553,#2488,.T.);
#2488 = LINE('',#2489,#2490);
#2489 = CARTESIAN_POINT('',(0.1,-7.92,-2.5));
#2490 = VECTOR('',#2491,1.);
#2491 = DIRECTION('',(0.,0.,1.));
#2492 = PLANE('',#2493);
#2493 = AXIS2_PLACEMENT_3D('',#2494,#2495,#2496);
#2494 = CARTESIAN_POINT('',(0.1,-7.32,0.2));
#2495 = DIRECTION('',(-1.,-4.440892098501E-16,0.));
#2496 = DIRECTION('',(0.,0.,1.));
#2497 = ADVANCED_FACE('',(#2498),#2509,.T.);
#2498 = FACE_BOUND('',#2499,.T.);
#2499 = EDGE_LOOP('',(#2500,#2501,#2502,#2508));
#2500 = ORIENTED_EDGE('',*,*,#1544,.F.);
#2501 = ORIENTED_EDGE('',*,*,#1536,.F.);
#2502 = ORIENTED_EDGE('',*,*,#2503,.T.);
#2503 = EDGE_CURVE('',#1529,#1553,#2504,.T.);
#2504 = LINE('',#2505,#2506);
#2505 = CARTESIAN_POINT('',(-0.1,-7.92,0.2));
#2506 = VECTOR('',#2507,1.);
#2507 = DIRECTION('',(1.,4.440892098501E-16,0.));
#2508 = ORIENTED_EDGE('',*,*,#1552,.T.);
#2509 = PLANE('',#2510);
#2510 = AXIS2_PLACEMENT_3D('',#2511,#2512,#2513);
#2511 = CARTESIAN_POINT('',(-0.1,-8.07,0.2));
#2512 = DIRECTION('',(-0.,0.,-1.));
#2513 = DIRECTION('',(4.440892098501E-16,-1.,-0.));
#2514 = ADVANCED_FACE('',(#2515),#2540,.F.);
#2515 = FACE_BOUND('',#2516,.T.);
#2516 = EDGE_LOOP('',(#2517,#2525,#2526,#2534));
#2517 = ORIENTED_EDGE('',*,*,#2518,.F.);
#2518 = EDGE_CURVE('',#1623,#2519,#2521,.T.);
#2519 = VERTEX_POINT('',#2520);
#2520 = CARTESIAN_POINT('',(-0.301,-2.239,6.7));
#2521 = LINE('',#2522,#2523);
#2522 = CARTESIAN_POINT('',(-0.300333333333,-2.239666666667,
    6.699333333333));
#2523 = VECTOR('',#2524,1.);
#2524 = DIRECTION('',(0.57735026919,-0.57735026919,-0.57735026919));
#2525 = ORIENTED_EDGE('',*,*,#1630,.T.);
#2526 = ORIENTED_EDGE('',*,*,#2527,.T.);
#2527 = EDGE_CURVE('',#1631,#2528,#2530,.T.);
#2528 = VERTEX_POINT('',#2529);
#2529 = CARTESIAN_POINT('',(-0.301,-2.841,6.7));
#2530 = LINE('',#2531,#2532);
#2531 = CARTESIAN_POINT('',(-0.300333333333,-2.840333333333,
    6.699333333333));
#2532 = VECTOR('',#2533,1.);
#2533 = DIRECTION('',(0.57735026919,0.57735026919,-0.57735026919));
#2534 = ORIENTED_EDGE('',*,*,#2535,.F.);
#2535 = EDGE_CURVE('',#2519,#2528,#2536,.T.);
#2536 = LINE('',#2537,#2538);
#2537 = CARTESIAN_POINT('',(-0.301,-1.94,6.7));
#2538 = VECTOR('',#2539,1.);
#2539 = DIRECTION('',(4.440892098501E-16,-1.,0.));
#2540 = PLANE('',#2541);
#2541 = AXIS2_PLACEMENT_3D('',#2542,#2543,#2544);
#2542 = CARTESIAN_POINT('',(-0.4505,-1.94,6.8495));
#2543 = DIRECTION('',(-0.707106781187,-3.140184917366E-16,
    -0.707106781187));
#2544 = DIRECTION('',(-4.4408920985E-16,1.,1.289787580036E-28));
#2545 = ADVANCED_FACE('',(#2546),#2564,.F.);
#2546 = FACE_BOUND('',#2547,.T.);
#2547 = EDGE_LOOP('',(#2548,#2556,#2557,#2558));
#2548 = ORIENTED_EDGE('',*,*,#2549,.F.);
#2549 = EDGE_CURVE('',#1654,#2550,#2552,.T.);
#2550 = VERTEX_POINT('',#2551);
#2551 = CARTESIAN_POINT('',(0.301,-2.239,6.7));
#2552 = LINE('',#2553,#2554);
#2553 = CARTESIAN_POINT('',(0.300333333333,-2.239666666667,
    6.699333333333));
#2554 = VECTOR('',#2555,1.);
#2555 = DIRECTION('',(-0.57735026919,-0.57735026919,-0.57735026919));
#2556 = ORIENTED_EDGE('',*,*,#1661,.T.);
#2557 = ORIENTED_EDGE('',*,*,#2518,.T.);
#2558 = ORIENTED_EDGE('',*,*,#2559,.F.);
#2559 = EDGE_CURVE('',#2550,#2519,#2560,.T.);
#2560 = LINE('',#2561,#2562);
#2561 = CARTESIAN_POINT('',(0.6,-2.239,6.7));
#2562 = VECTOR('',#2563,1.);
#2563 = DIRECTION('',(-1.,-4.440892098501E-16,0.));
#2564 = PLANE('',#2565);
#2565 = AXIS2_PLACEMENT_3D('',#2566,#2567,#2568);
#2566 = CARTESIAN_POINT('',(0.6,-2.0895,6.8495));
#2567 = DIRECTION('',(-3.140184917366E-16,0.707106781187,-0.707106781187
    ));
#2568 = DIRECTION('',(1.,4.4408920985E-16,1.289787580036E-28));
#2569 = ADVANCED_FACE('',(#2570),#2588,.F.);
#2570 = FACE_BOUND('',#2571,.T.);
#2571 = EDGE_LOOP('',(#2572,#2580,#2581,#2582));
#2572 = ORIENTED_EDGE('',*,*,#2573,.F.);
#2573 = EDGE_CURVE('',#1678,#2574,#2576,.T.);
#2574 = VERTEX_POINT('',#2575);
#2575 = CARTESIAN_POINT('',(0.301,-2.841,6.7));
#2576 = LINE('',#2577,#2578);
#2577 = CARTESIAN_POINT('',(0.300333333333,-2.840333333333,
    6.699333333333));
#2578 = VECTOR('',#2579,1.);
#2579 = DIRECTION('',(-0.57735026919,0.57735026919,-0.57735026919));
#2580 = ORIENTED_EDGE('',*,*,#1685,.T.);
#2581 = ORIENTED_EDGE('',*,*,#2549,.T.);
#2582 = ORIENTED_EDGE('',*,*,#2583,.F.);
#2583 = EDGE_CURVE('',#2574,#2550,#2584,.T.);
#2584 = LINE('',#2585,#2586);
#2585 = CARTESIAN_POINT('',(0.301,-3.14,6.7));
#2586 = VECTOR('',#2587,1.);
#2587 = DIRECTION('',(-4.440892098501E-16,1.,0.));
#2588 = PLANE('',#2589);
#2589 = AXIS2_PLACEMENT_3D('',#2590,#2591,#2592);
#2590 = CARTESIAN_POINT('',(0.4505,-3.14,6.8495));
#2591 = DIRECTION('',(0.707106781187,3.140184917366E-16,-0.707106781187)
  );
#2592 = DIRECTION('',(4.4408920985E-16,-1.,1.289787580036E-28));
#2593 = ADVANCED_FACE('',(#2594),#2605,.F.);
#2594 = FACE_BOUND('',#2595,.T.);
#2595 = EDGE_LOOP('',(#2596,#2597,#2598,#2599));
#2596 = ORIENTED_EDGE('',*,*,#2527,.F.);
#2597 = ORIENTED_EDGE('',*,*,#1702,.T.);
#2598 = ORIENTED_EDGE('',*,*,#2573,.T.);
#2599 = ORIENTED_EDGE('',*,*,#2600,.F.);
#2600 = EDGE_CURVE('',#2528,#2574,#2601,.T.);
#2601 = LINE('',#2602,#2603);
#2602 = CARTESIAN_POINT('',(-0.6,-2.841,6.7));
#2603 = VECTOR('',#2604,1.);
#2604 = DIRECTION('',(1.,4.440892098501E-16,0.));
#2605 = PLANE('',#2606);
#2606 = AXIS2_PLACEMENT_3D('',#2607,#2608,#2609);
#2607 = CARTESIAN_POINT('',(-0.6,-2.9905,6.8495));
#2608 = DIRECTION('',(3.105459444496E-16,-0.707106781187,-0.707106781187
    ));
#2609 = DIRECTION('',(-1.,-4.416337481153E-16,2.455461734762E-18));
#2610 = ADVANCED_FACE('',(#2611),#2636,.F.);
#2611 = FACE_BOUND('',#2612,.T.);
#2612 = EDGE_LOOP('',(#2613,#2621,#2622,#2630));
#2613 = ORIENTED_EDGE('',*,*,#2614,.F.);
#2614 = EDGE_CURVE('',#1719,#2615,#2617,.T.);
#2615 = VERTEX_POINT('',#2616);
#2616 = CARTESIAN_POINT('',(0.301,-4.779,6.7));
#2617 = LINE('',#2618,#2619);
#2618 = CARTESIAN_POINT('',(0.300333333333,-4.779666666667,
    6.699333333333));
#2619 = VECTOR('',#2620,1.);
#2620 = DIRECTION('',(-0.57735026919,-0.57735026919,-0.57735026919));
#2621 = ORIENTED_EDGE('',*,*,#1726,.T.);
#2622 = ORIENTED_EDGE('',*,*,#2623,.T.);
#2623 = EDGE_CURVE('',#1727,#2624,#2626,.T.);
#2624 = VERTEX_POINT('',#2625);
#2625 = CARTESIAN_POINT('',(-0.301,-4.779,6.7));
#2626 = LINE('',#2627,#2628);
#2627 = CARTESIAN_POINT('',(-0.300333333333,-4.779666666667,
    6.699333333333));
#2628 = VECTOR('',#2629,1.);
#2629 = DIRECTION('',(0.57735026919,-0.57735026919,-0.57735026919));
#2630 = ORIENTED_EDGE('',*,*,#2631,.F.);
#2631 = EDGE_CURVE('',#2615,#2624,#2632,.T.);
#2632 = LINE('',#2633,#2634);
#2633 = CARTESIAN_POINT('',(0.6,-4.779,6.7));
#2634 = VECTOR('',#2635,1.);
#2635 = DIRECTION('',(-1.,-4.440892098501E-16,0.));
#2636 = PLANE('',#2637);
#2637 = AXIS2_PLACEMENT_3D('',#2638,#2639,#2640);
#2638 = CARTESIAN_POINT('',(0.6,-4.6295,6.8495));
#2639 = DIRECTION('',(-3.140184917366E-16,0.707106781187,-0.707106781187
    ));
#2640 = DIRECTION('',(1.,4.4408920985E-16,1.289787580036E-28));
#2641 = ADVANCED_FACE('',(#2642),#2660,.F.);
#2642 = FACE_BOUND('',#2643,.T.);
#2643 = EDGE_LOOP('',(#2644,#2652,#2653,#2654));
#2644 = ORIENTED_EDGE('',*,*,#2645,.F.);
#2645 = EDGE_CURVE('',#1750,#2646,#2648,.T.);
#2646 = VERTEX_POINT('',#2647);
#2647 = CARTESIAN_POINT('',(0.301,-5.381,6.7));
#2648 = LINE('',#2649,#2650);
#2649 = CARTESIAN_POINT('',(0.300333333333,-5.380333333333,
    6.699333333333));
#2650 = VECTOR('',#2651,1.);
#2651 = DIRECTION('',(-0.57735026919,0.57735026919,-0.57735026919));
#2652 = ORIENTED_EDGE('',*,*,#1757,.T.);
#2653 = ORIENTED_EDGE('',*,*,#2614,.T.);
#2654 = ORIENTED_EDGE('',*,*,#2655,.F.);
#2655 = EDGE_CURVE('',#2646,#2615,#2656,.T.);
#2656 = LINE('',#2657,#2658);
#2657 = CARTESIAN_POINT('',(0.301,-5.68,6.7));
#2658 = VECTOR('',#2659,1.);
#2659 = DIRECTION('',(-4.440892098501E-16,1.,0.));
#2660 = PLANE('',#2661);
#2661 = AXIS2_PLACEMENT_3D('',#2662,#2663,#2664);
#2662 = CARTESIAN_POINT('',(0.4505,-5.68,6.8495));
#2663 = DIRECTION('',(0.707106781187,3.140184917366E-16,-0.707106781187)
  );
#2664 = DIRECTION('',(4.4408920985E-16,-1.,1.289787580036E-28));
#2665 = ADVANCED_FACE('',(#2666),#2684,.F.);
#2666 = FACE_BOUND('',#2667,.T.);
#2667 = EDGE_LOOP('',(#2668,#2676,#2677,#2678));
#2668 = ORIENTED_EDGE('',*,*,#2669,.F.);
#2669 = EDGE_CURVE('',#1774,#2670,#2672,.T.);
#2670 = VERTEX_POINT('',#2671);
#2671 = CARTESIAN_POINT('',(-0.301,-5.381,6.7));
#2672 = LINE('',#2673,#2674);
#2673 = CARTESIAN_POINT('',(-0.300333333333,-5.380333333333,
    6.699333333333));
#2674 = VECTOR('',#2675,1.);
#2675 = DIRECTION('',(0.57735026919,0.57735026919,-0.57735026919));
#2676 = ORIENTED_EDGE('',*,*,#1781,.T.);
#2677 = ORIENTED_EDGE('',*,*,#2645,.T.);
#2678 = ORIENTED_EDGE('',*,*,#2679,.F.);
#2679 = EDGE_CURVE('',#2670,#2646,#2680,.T.);
#2680 = LINE('',#2681,#2682);
#2681 = CARTESIAN_POINT('',(-0.6,-5.381,6.7));
#2682 = VECTOR('',#2683,1.);
#2683 = DIRECTION('',(1.,4.440892098501E-16,0.));
#2684 = PLANE('',#2685);
#2685 = AXIS2_PLACEMENT_3D('',#2686,#2687,#2688);
#2686 = CARTESIAN_POINT('',(-0.6,-5.5305,6.8495));
#2687 = DIRECTION('',(3.105459444496E-16,-0.707106781187,-0.707106781187
    ));
#2688 = DIRECTION('',(-1.,-4.416337481153E-16,2.455461734762E-18));
#2689 = ADVANCED_FACE('',(#2690),#2701,.F.);
#2690 = FACE_BOUND('',#2691,.T.);
#2691 = EDGE_LOOP('',(#2692,#2693,#2694,#2695));
#2692 = ORIENTED_EDGE('',*,*,#2623,.F.);
#2693 = ORIENTED_EDGE('',*,*,#1798,.T.);
#2694 = ORIENTED_EDGE('',*,*,#2669,.T.);
#2695 = ORIENTED_EDGE('',*,*,#2696,.F.);
#2696 = EDGE_CURVE('',#2624,#2670,#2697,.T.);
#2697 = LINE('',#2698,#2699);
#2698 = CARTESIAN_POINT('',(-0.301,-4.48,6.7));
#2699 = VECTOR('',#2700,1.);
#2700 = DIRECTION('',(4.440892098501E-16,-1.,0.));
#2701 = PLANE('',#2702);
#2702 = AXIS2_PLACEMENT_3D('',#2703,#2704,#2705);
#2703 = CARTESIAN_POINT('',(-0.4505,-4.48,6.8495));
#2704 = DIRECTION('',(-0.707106781187,-3.140184917366E-16,
    -0.707106781187));
#2705 = DIRECTION('',(-4.4408920985E-16,1.,1.289787580036E-28));
#2706 = ADVANCED_FACE('',(#2707),#2732,.F.);
#2707 = FACE_BOUND('',#2708,.T.);
#2708 = EDGE_LOOP('',(#2709,#2717,#2718,#2726));
#2709 = ORIENTED_EDGE('',*,*,#2710,.F.);
#2710 = EDGE_CURVE('',#1815,#2711,#2713,.T.);
#2711 = VERTEX_POINT('',#2712);
#2712 = CARTESIAN_POINT('',(-0.301,-0.301,6.7));
#2713 = LINE('',#2714,#2715);
#2714 = CARTESIAN_POINT('',(-0.300333333333,-0.300333333333,
    6.699333333333));
#2715 = VECTOR('',#2716,1.);
#2716 = DIRECTION('',(0.57735026919,0.57735026919,-0.57735026919));
#2717 = ORIENTED_EDGE('',*,*,#1822,.T.);
#2718 = ORIENTED_EDGE('',*,*,#2719,.T.);
#2719 = EDGE_CURVE('',#1823,#2720,#2722,.T.);
#2720 = VERTEX_POINT('',#2721);
#2721 = CARTESIAN_POINT('',(0.301,-0.301,6.7));
#2722 = LINE('',#2723,#2724);
#2723 = CARTESIAN_POINT('',(0.300333333333,-0.300333333333,
    6.699333333333));
#2724 = VECTOR('',#2725,1.);
#2725 = DIRECTION('',(-0.57735026919,0.57735026919,-0.57735026919));
#2726 = ORIENTED_EDGE('',*,*,#2727,.F.);
#2727 = EDGE_CURVE('',#2711,#2720,#2728,.T.);
#2728 = LINE('',#2729,#2730);
#2729 = CARTESIAN_POINT('',(-0.6,-0.301,6.7));
#2730 = VECTOR('',#2731,1.);
#2731 = DIRECTION('',(1.,4.440892098501E-16,0.));
#2732 = PLANE('',#2733);
#2733 = AXIS2_PLACEMENT_3D('',#2734,#2735,#2736);
#2734 = CARTESIAN_POINT('',(-0.6,-0.4505,6.8495));
#2735 = DIRECTION('',(3.105459444496E-16,-0.707106781187,-0.707106781187
    ));
#2736 = DIRECTION('',(-1.,-4.416337481153E-16,2.455461734762E-18));
#2737 = ADVANCED_FACE('',(#2738),#2756,.F.);
#2738 = FACE_BOUND('',#2739,.T.);
#2739 = EDGE_LOOP('',(#2740,#2748,#2749,#2750));
#2740 = ORIENTED_EDGE('',*,*,#2741,.F.);
#2741 = EDGE_CURVE('',#1846,#2742,#2744,.T.);
#2742 = VERTEX_POINT('',#2743);
#2743 = CARTESIAN_POINT('',(-0.301,0.301,6.7));
#2744 = LINE('',#2745,#2746);
#2745 = CARTESIAN_POINT('',(-0.300333333333,0.300333333333,
    6.699333333333));
#2746 = VECTOR('',#2747,1.);
#2747 = DIRECTION('',(0.57735026919,-0.57735026919,-0.57735026919));
#2748 = ORIENTED_EDGE('',*,*,#1853,.T.);
#2749 = ORIENTED_EDGE('',*,*,#2710,.T.);
#2750 = ORIENTED_EDGE('',*,*,#2751,.F.);
#2751 = EDGE_CURVE('',#2742,#2711,#2752,.T.);
#2752 = LINE('',#2753,#2754);
#2753 = CARTESIAN_POINT('',(-0.301,0.6,6.7));
#2754 = VECTOR('',#2755,1.);
#2755 = DIRECTION('',(4.440892098501E-16,-1.,0.));
#2756 = PLANE('',#2757);
#2757 = AXIS2_PLACEMENT_3D('',#2758,#2759,#2760);
#2758 = CARTESIAN_POINT('',(-0.4505,0.6,6.8495));
#2759 = DIRECTION('',(-0.707106781187,-3.140184917366E-16,
    -0.707106781187));
#2760 = DIRECTION('',(-4.4408920985E-16,1.,1.289787580036E-28));
#2761 = ADVANCED_FACE('',(#2762),#2780,.F.);
#2762 = FACE_BOUND('',#2763,.T.);
#2763 = EDGE_LOOP('',(#2764,#2772,#2773,#2774));
#2764 = ORIENTED_EDGE('',*,*,#2765,.F.);
#2765 = EDGE_CURVE('',#1870,#2766,#2768,.T.);
#2766 = VERTEX_POINT('',#2767);
#2767 = CARTESIAN_POINT('',(0.301,0.301,6.7));
#2768 = LINE('',#2769,#2770);
#2769 = CARTESIAN_POINT('',(0.300333333333,0.300333333333,6.699333333333
    ));
#2770 = VECTOR('',#2771,1.);
#2771 = DIRECTION('',(-0.57735026919,-0.57735026919,-0.57735026919));
#2772 = ORIENTED_EDGE('',*,*,#1877,.T.);
#2773 = ORIENTED_EDGE('',*,*,#2741,.T.);
#2774 = ORIENTED_EDGE('',*,*,#2775,.F.);
#2775 = EDGE_CURVE('',#2766,#2742,#2776,.T.);
#2776 = LINE('',#2777,#2778);
#2777 = CARTESIAN_POINT('',(0.6,0.301,6.7));
#2778 = VECTOR('',#2779,1.);
#2779 = DIRECTION('',(-1.,-4.440892098501E-16,0.));
#2780 = PLANE('',#2781);
#2781 = AXIS2_PLACEMENT_3D('',#2782,#2783,#2784);
#2782 = CARTESIAN_POINT('',(0.6,0.4505,6.8495));
#2783 = DIRECTION('',(-3.140184917366E-16,0.707106781187,-0.707106781187
    ));
#2784 = DIRECTION('',(1.,4.4408920985E-16,1.289787580036E-28));
#2785 = ADVANCED_FACE('',(#2786),#2797,.F.);
#2786 = FACE_BOUND('',#2787,.T.);
#2787 = EDGE_LOOP('',(#2788,#2789,#2790,#2791));
#2788 = ORIENTED_EDGE('',*,*,#2719,.F.);
#2789 = ORIENTED_EDGE('',*,*,#1894,.T.);
#2790 = ORIENTED_EDGE('',*,*,#2765,.T.);
#2791 = ORIENTED_EDGE('',*,*,#2792,.F.);
#2792 = EDGE_CURVE('',#2720,#2766,#2793,.T.);
#2793 = LINE('',#2794,#2795);
#2794 = CARTESIAN_POINT('',(0.301,-0.6,6.7));
#2795 = VECTOR('',#2796,1.);
#2796 = DIRECTION('',(-4.440892098501E-16,1.,0.));
#2797 = PLANE('',#2798);
#2798 = AXIS2_PLACEMENT_3D('',#2799,#2800,#2801);
#2799 = CARTESIAN_POINT('',(0.4505,-0.6,6.8495));
#2800 = DIRECTION('',(0.707106781187,3.140184917366E-16,-0.707106781187)
  );
#2801 = DIRECTION('',(4.4408920985E-16,-1.,1.289787580036E-28));
#2802 = ADVANCED_FACE('',(#2803),#2828,.F.);
#2803 = FACE_BOUND('',#2804,.T.);
#2804 = EDGE_LOOP('',(#2805,#2813,#2814,#2822));
#2805 = ORIENTED_EDGE('',*,*,#2806,.F.);
#2806 = EDGE_CURVE('',#1911,#2807,#2809,.T.);
#2807 = VERTEX_POINT('',#2808);
#2808 = CARTESIAN_POINT('',(-0.301,-7.921,6.7));
#2809 = LINE('',#2810,#2811);
#2810 = CARTESIAN_POINT('',(-0.300333333333,-7.920333333333,
    6.699333333333));
#2811 = VECTOR('',#2812,1.);
#2812 = DIRECTION('',(0.57735026919,0.57735026919,-0.57735026919));
#2813 = ORIENTED_EDGE('',*,*,#1918,.T.);
#2814 = ORIENTED_EDGE('',*,*,#2815,.T.);
#2815 = EDGE_CURVE('',#1919,#2816,#2818,.T.);
#2816 = VERTEX_POINT('',#2817);
#2817 = CARTESIAN_POINT('',(0.301,-7.921,6.7));
#2818 = LINE('',#2819,#2820);
#2819 = CARTESIAN_POINT('',(0.300333333333,-7.920333333333,
    6.699333333333));
#2820 = VECTOR('',#2821,1.);
#2821 = DIRECTION('',(-0.57735026919,0.57735026919,-0.57735026919));
#2822 = ORIENTED_EDGE('',*,*,#2823,.F.);
#2823 = EDGE_CURVE('',#2807,#2816,#2824,.T.);
#2824 = LINE('',#2825,#2826);
#2825 = CARTESIAN_POINT('',(-0.6,-7.921,6.7));
#2826 = VECTOR('',#2827,1.);
#2827 = DIRECTION('',(1.,4.440892098501E-16,0.));
#2828 = PLANE('',#2829);
#2829 = AXIS2_PLACEMENT_3D('',#2830,#2831,#2832);
#2830 = CARTESIAN_POINT('',(-0.6,-8.0705,6.8495));
#2831 = DIRECTION('',(3.105459444496E-16,-0.707106781187,-0.707106781187
    ));
#2832 = DIRECTION('',(-1.,-4.416337481153E-16,2.455461734762E-18));
#2833 = ADVANCED_FACE('',(#2834),#2852,.F.);
#2834 = FACE_BOUND('',#2835,.T.);
#2835 = EDGE_LOOP('',(#2836,#2844,#2845,#2846));
#2836 = ORIENTED_EDGE('',*,*,#2837,.F.);
#2837 = EDGE_CURVE('',#1942,#2838,#2840,.T.);
#2838 = VERTEX_POINT('',#2839);
#2839 = CARTESIAN_POINT('',(-0.301,-7.319,6.7));
#2840 = LINE('',#2841,#2842);
#2841 = CARTESIAN_POINT('',(-0.300333333333,-7.319666666667,
    6.699333333333));
#2842 = VECTOR('',#2843,1.);
#2843 = DIRECTION('',(0.57735026919,-0.57735026919,-0.57735026919));
#2844 = ORIENTED_EDGE('',*,*,#1949,.T.);
#2845 = ORIENTED_EDGE('',*,*,#2806,.T.);
#2846 = ORIENTED_EDGE('',*,*,#2847,.F.);
#2847 = EDGE_CURVE('',#2838,#2807,#2848,.T.);
#2848 = LINE('',#2849,#2850);
#2849 = CARTESIAN_POINT('',(-0.301,-7.02,6.7));
#2850 = VECTOR('',#2851,1.);
#2851 = DIRECTION('',(4.440892098501E-16,-1.,0.));
#2852 = PLANE('',#2853);
#2853 = AXIS2_PLACEMENT_3D('',#2854,#2855,#2856);
#2854 = CARTESIAN_POINT('',(-0.4505,-7.02,6.8495));
#2855 = DIRECTION('',(-0.707106781187,-3.140184917366E-16,
    -0.707106781187));
#2856 = DIRECTION('',(-4.4408920985E-16,1.,1.289787580036E-28));
#2857 = ADVANCED_FACE('',(#2858),#2876,.F.);
#2858 = FACE_BOUND('',#2859,.T.);
#2859 = EDGE_LOOP('',(#2860,#2868,#2869,#2870));
#2860 = ORIENTED_EDGE('',*,*,#2861,.F.);
#2861 = EDGE_CURVE('',#1966,#2862,#2864,.T.);
#2862 = VERTEX_POINT('',#2863);
#2863 = CARTESIAN_POINT('',(0.301,-7.319,6.7));
#2864 = LINE('',#2865,#2866);
#2865 = CARTESIAN_POINT('',(0.300333333333,-7.319666666667,
    6.699333333333));
#2866 = VECTOR('',#2867,1.);
#2867 = DIRECTION('',(-0.57735026919,-0.57735026919,-0.57735026919));
#2868 = ORIENTED_EDGE('',*,*,#1973,.T.);
#2869 = ORIENTED_EDGE('',*,*,#2837,.T.);
#2870 = ORIENTED_EDGE('',*,*,#2871,.F.);
#2871 = EDGE_CURVE('',#2862,#2838,#2872,.T.);
#2872 = LINE('',#2873,#2874);
#2873 = CARTESIAN_POINT('',(0.6,-7.319,6.7));
#2874 = VECTOR('',#2875,1.);
#2875 = DIRECTION('',(-1.,-4.440892098501E-16,0.));
#2876 = PLANE('',#2877);
#2877 = AXIS2_PLACEMENT_3D('',#2878,#2879,#2880);
#2878 = CARTESIAN_POINT('',(0.6,-7.1695,6.8495));
#2879 = DIRECTION('',(-3.140184917366E-16,0.707106781187,-0.707106781187
    ));
#2880 = DIRECTION('',(1.,4.4408920985E-16,1.289787580036E-28));
#2881 = ADVANCED_FACE('',(#2882),#2893,.F.);
#2882 = FACE_BOUND('',#2883,.T.);
#2883 = EDGE_LOOP('',(#2884,#2885,#2886,#2887));
#2884 = ORIENTED_EDGE('',*,*,#2815,.F.);
#2885 = ORIENTED_EDGE('',*,*,#1990,.T.);
#2886 = ORIENTED_EDGE('',*,*,#2861,.T.);
#2887 = ORIENTED_EDGE('',*,*,#2888,.F.);
#2888 = EDGE_CURVE('',#2816,#2862,#2889,.T.);
#2889 = LINE('',#2890,#2891);
#2890 = CARTESIAN_POINT('',(0.301,-8.22,6.7));
#2891 = VECTOR('',#2892,1.);
#2892 = DIRECTION('',(-4.440892098501E-16,1.,0.));
#2893 = PLANE('',#2894);
#2894 = AXIS2_PLACEMENT_3D('',#2895,#2896,#2897);
#2895 = CARTESIAN_POINT('',(0.4505,-8.22,6.8495));
#2896 = DIRECTION('',(0.707106781187,3.140184917366E-16,-0.707106781187)
  );
#2897 = DIRECTION('',(4.4408920985E-16,-1.,1.289787580036E-28));
#2898 = ADVANCED_FACE('',(#2899),#2910,.T.);
#2899 = FACE_BOUND('',#2900,.T.);
#2900 = EDGE_LOOP('',(#2901,#2902,#2903,#2909));
#2901 = ORIENTED_EDGE('',*,*,#2053,.T.);
#2902 = ORIENTED_EDGE('',*,*,#2071,.T.);
#2903 = ORIENTED_EDGE('',*,*,#2904,.F.);
#2904 = EDGE_CURVE('',#2007,#2072,#2905,.T.);
#2905 = LINE('',#2906,#2907);
#2906 = CARTESIAN_POINT('',(-0.1,0.3,-2.5));
#2907 = VECTOR('',#2908,1.);
#2908 = DIRECTION('',(1.,4.440892098501E-16,0.));
#2909 = ORIENTED_EDGE('',*,*,#2006,.F.);
#2910 = PLANE('',#2911);
#2911 = AXIS2_PLACEMENT_3D('',#2912,#2913,#2914);
#2912 = CARTESIAN_POINT('',(-0.1,0.3,0.2));
#2913 = DIRECTION('',(-4.440892098501E-16,1.,0.));
#2914 = DIRECTION('',(0.,0.,-1.));
#2915 = ADVANCED_FACE('',(#2916),#2927,.T.);
#2916 = FACE_BOUND('',#2917,.T.);
#2917 = EDGE_LOOP('',(#2918,#2919,#2920,#2926));
#2918 = ORIENTED_EDGE('',*,*,#2904,.T.);
#2919 = ORIENTED_EDGE('',*,*,#2079,.T.);
#2920 = ORIENTED_EDGE('',*,*,#2921,.F.);
#2921 = EDGE_CURVE('',#2032,#2080,#2922,.T.);
#2922 = LINE('',#2923,#2924);
#2923 = CARTESIAN_POINT('',(-0.1,0.15,-3.1));
#2924 = VECTOR('',#2925,1.);
#2925 = DIRECTION('',(1.,4.440892098501E-16,0.));
#2926 = ORIENTED_EDGE('',*,*,#2039,.F.);
#2927 = PLANE('',#2928);
#2928 = AXIS2_PLACEMENT_3D('',#2929,#2930,#2931);
#2929 = CARTESIAN_POINT('',(-0.1,0.3,-2.5));
#2930 = DIRECTION('',(-4.308298163317E-16,0.970142500145,-0.242535625036
    ));
#2931 = DIRECTION('',(1.077074540829E-16,-0.242535625036,-0.970142500145
    ));
#2932 = ADVANCED_FACE('',(#2933),#2944,.F.);
#2933 = FACE_BOUND('',#2934,.T.);
#2934 = EDGE_LOOP('',(#2935,#2936,#2937,#2943));
#2935 = ORIENTED_EDGE('',*,*,#2921,.T.);
#2936 = ORIENTED_EDGE('',*,*,#2087,.T.);
#2937 = ORIENTED_EDGE('',*,*,#2938,.F.);
#2938 = EDGE_CURVE('',#2024,#2088,#2939,.T.);
#2939 = LINE('',#2940,#2941);
#2940 = CARTESIAN_POINT('',(-0.1,-0.15,-3.1));
#2941 = VECTOR('',#2942,1.);
#2942 = DIRECTION('',(1.,4.440892098501E-16,0.));
#2943 = ORIENTED_EDGE('',*,*,#2031,.F.);
#2944 = PLANE('',#2945);
#2945 = AXIS2_PLACEMENT_3D('',#2946,#2947,#2948);
#2946 = CARTESIAN_POINT('',(-0.1,0.15,-3.1));
#2947 = DIRECTION('',(0.,0.,1.));
#2948 = DIRECTION('',(-4.440892098501E-16,1.,0.));
#2949 = ADVANCED_FACE('',(#2950),#2961,.T.);
#2950 = FACE_BOUND('',#2951,.T.);
#2951 = EDGE_LOOP('',(#2952,#2953,#2954,#2960));
#2952 = ORIENTED_EDGE('',*,*,#2938,.T.);
#2953 = ORIENTED_EDGE('',*,*,#2095,.T.);
#2954 = ORIENTED_EDGE('',*,*,#2955,.F.);
#2955 = EDGE_CURVE('',#2016,#2096,#2956,.T.);
#2956 = LINE('',#2957,#2958);
#2957 = CARTESIAN_POINT('',(-0.1,-0.3,-2.5));
#2958 = VECTOR('',#2959,1.);
#2959 = DIRECTION('',(1.,4.440892098501E-16,0.));
#2960 = ORIENTED_EDGE('',*,*,#2023,.F.);
#2961 = PLANE('',#2962);
#2962 = AXIS2_PLACEMENT_3D('',#2963,#2964,#2965);
#2963 = CARTESIAN_POINT('',(-0.1,-0.15,-3.1));
#2964 = DIRECTION('',(4.308298163317E-16,-0.970142500145,-0.242535625036
    ));
#2965 = DIRECTION('',(1.077074540829E-16,-0.242535625036,0.970142500145)
  );
#2966 = ADVANCED_FACE('',(#2967),#2973,.T.);
#2967 = FACE_BOUND('',#2968,.T.);
#2968 = EDGE_LOOP('',(#2969,#2970,#2971,#2972));
#2969 = ORIENTED_EDGE('',*,*,#2955,.T.);
#2970 = ORIENTED_EDGE('',*,*,#2103,.T.);
#2971 = ORIENTED_EDGE('',*,*,#2119,.F.);
#2972 = ORIENTED_EDGE('',*,*,#2015,.F.);
#2973 = PLANE('',#2974);
#2974 = AXIS2_PLACEMENT_3D('',#2975,#2976,#2977);
#2975 = CARTESIAN_POINT('',(-0.1,-0.3,-2.5));
#2976 = DIRECTION('',(4.440892098501E-16,-1.,0.));
#2977 = DIRECTION('',(0.,0.,1.));
#2978 = ADVANCED_FACE('',(#2979),#2990,.T.);
#2979 = FACE_BOUND('',#2980,.T.);
#2980 = EDGE_LOOP('',(#2981,#2982,#2983,#2989));
#2981 = ORIENTED_EDGE('',*,*,#2181,.T.);
#2982 = ORIENTED_EDGE('',*,*,#2199,.T.);
#2983 = ORIENTED_EDGE('',*,*,#2984,.F.);
#2984 = EDGE_CURVE('',#2135,#2200,#2985,.T.);
#2985 = LINE('',#2986,#2987);
#2986 = CARTESIAN_POINT('',(-0.1,-2.24,-2.5));
#2987 = VECTOR('',#2988,1.);
#2988 = DIRECTION('',(1.,4.440892098501E-16,0.));
#2989 = ORIENTED_EDGE('',*,*,#2134,.F.);
#2990 = PLANE('',#2991);
#2991 = AXIS2_PLACEMENT_3D('',#2992,#2993,#2994);
#2992 = CARTESIAN_POINT('',(-0.1,-2.24,0.2));
#2993 = DIRECTION('',(-4.440892098501E-16,1.,0.));
#2994 = DIRECTION('',(0.,0.,-1.));
#2995 = ADVANCED_FACE('',(#2996),#3007,.T.);
#2996 = FACE_BOUND('',#2997,.T.);
#2997 = EDGE_LOOP('',(#2998,#2999,#3000,#3006));
#2998 = ORIENTED_EDGE('',*,*,#2984,.T.);
#2999 = ORIENTED_EDGE('',*,*,#2207,.T.);
#3000 = ORIENTED_EDGE('',*,*,#3001,.F.);
#3001 = EDGE_CURVE('',#2160,#2208,#3002,.T.);
#3002 = LINE('',#3003,#3004);
#3003 = CARTESIAN_POINT('',(-0.1,-2.39,-3.1));
#3004 = VECTOR('',#3005,1.);
#3005 = DIRECTION('',(1.,4.440892098501E-16,0.));
#3006 = ORIENTED_EDGE('',*,*,#2167,.F.);
#3007 = PLANE('',#3008);
#3008 = AXIS2_PLACEMENT_3D('',#3009,#3010,#3011);
#3009 = CARTESIAN_POINT('',(-0.1,-2.24,-2.5));
#3010 = DIRECTION('',(-4.308298163317E-16,0.970142500145,-0.242535625036
    ));
#3011 = DIRECTION('',(1.077074540829E-16,-0.242535625036,-0.970142500145
    ));
#3012 = ADVANCED_FACE('',(#3013),#3024,.F.);
#3013 = FACE_BOUND('',#3014,.T.);
#3014 = EDGE_LOOP('',(#3015,#3016,#3017,#3023));
#3015 = ORIENTED_EDGE('',*,*,#3001,.T.);
#3016 = ORIENTED_EDGE('',*,*,#2215,.T.);
#3017 = ORIENTED_EDGE('',*,*,#3018,.F.);
#3018 = EDGE_CURVE('',#2152,#2216,#3019,.T.);
#3019 = LINE('',#3020,#3021);
#3020 = CARTESIAN_POINT('',(-0.1,-2.69,-3.1));
#3021 = VECTOR('',#3022,1.);
#3022 = DIRECTION('',(1.,4.440892098501E-16,0.));
#3023 = ORIENTED_EDGE('',*,*,#2159,.F.);
#3024 = PLANE('',#3025);
#3025 = AXIS2_PLACEMENT_3D('',#3026,#3027,#3028);
#3026 = CARTESIAN_POINT('',(-0.1,-2.39,-3.1));
#3027 = DIRECTION('',(0.,0.,1.));
#3028 = DIRECTION('',(-4.440892098501E-16,1.,0.));
#3029 = ADVANCED_FACE('',(#3030),#3041,.T.);
#3030 = FACE_BOUND('',#3031,.T.);
#3031 = EDGE_LOOP('',(#3032,#3033,#3034,#3040));
#3032 = ORIENTED_EDGE('',*,*,#3018,.T.);
#3033 = ORIENTED_EDGE('',*,*,#2223,.T.);
#3034 = ORIENTED_EDGE('',*,*,#3035,.F.);
#3035 = EDGE_CURVE('',#2144,#2224,#3036,.T.);
#3036 = LINE('',#3037,#3038);
#3037 = CARTESIAN_POINT('',(-0.1,-2.84,-2.5));
#3038 = VECTOR('',#3039,1.);
#3039 = DIRECTION('',(1.,4.440892098501E-16,0.));
#3040 = ORIENTED_EDGE('',*,*,#2151,.F.);
#3041 = PLANE('',#3042);
#3042 = AXIS2_PLACEMENT_3D('',#3043,#3044,#3045);
#3043 = CARTESIAN_POINT('',(-0.1,-2.69,-3.1));
#3044 = DIRECTION('',(4.308298163317E-16,-0.970142500145,-0.242535625036
    ));
#3045 = DIRECTION('',(1.077074540829E-16,-0.242535625036,0.970142500145)
  );
#3046 = ADVANCED_FACE('',(#3047),#3053,.T.);
#3047 = FACE_BOUND('',#3048,.T.);
#3048 = EDGE_LOOP('',(#3049,#3050,#3051,#3052));
#3049 = ORIENTED_EDGE('',*,*,#3035,.T.);
#3050 = ORIENTED_EDGE('',*,*,#2231,.T.);
#3051 = ORIENTED_EDGE('',*,*,#2247,.F.);
#3052 = ORIENTED_EDGE('',*,*,#2143,.F.);
#3053 = PLANE('',#3054);
#3054 = AXIS2_PLACEMENT_3D('',#3055,#3056,#3057);
#3055 = CARTESIAN_POINT('',(-0.1,-2.84,-2.5));
#3056 = DIRECTION('',(4.440892098501E-16,-1.,0.));
#3057 = DIRECTION('',(0.,0.,1.));
#3058 = ADVANCED_FACE('',(#3059),#3070,.T.);
#3059 = FACE_BOUND('',#3060,.T.);
#3060 = EDGE_LOOP('',(#3061,#3062,#3063,#3069));
#3061 = ORIENTED_EDGE('',*,*,#2309,.T.);
#3062 = ORIENTED_EDGE('',*,*,#2327,.T.);
#3063 = ORIENTED_EDGE('',*,*,#3064,.F.);
#3064 = EDGE_CURVE('',#2263,#2328,#3065,.T.);
#3065 = LINE('',#3066,#3067);
#3066 = CARTESIAN_POINT('',(-0.1,-4.78,-2.5));
#3067 = VECTOR('',#3068,1.);
#3068 = DIRECTION('',(1.,4.440892098501E-16,0.));
#3069 = ORIENTED_EDGE('',*,*,#2262,.F.);
#3070 = PLANE('',#3071);
#3071 = AXIS2_PLACEMENT_3D('',#3072,#3073,#3074);
#3072 = CARTESIAN_POINT('',(-0.1,-4.78,0.2));
#3073 = DIRECTION('',(-4.440892098501E-16,1.,0.));
#3074 = DIRECTION('',(0.,0.,-1.));
#3075 = ADVANCED_FACE('',(#3076),#3087,.T.);
#3076 = FACE_BOUND('',#3077,.T.);
#3077 = EDGE_LOOP('',(#3078,#3079,#3080,#3086));
#3078 = ORIENTED_EDGE('',*,*,#3064,.T.);
#3079 = ORIENTED_EDGE('',*,*,#2335,.T.);
#3080 = ORIENTED_EDGE('',*,*,#3081,.F.);
#3081 = EDGE_CURVE('',#2288,#2336,#3082,.T.);
#3082 = LINE('',#3083,#3084);
#3083 = CARTESIAN_POINT('',(-0.1,-4.93,-3.1));
#3084 = VECTOR('',#3085,1.);
#3085 = DIRECTION('',(1.,4.440892098501E-16,0.));
#3086 = ORIENTED_EDGE('',*,*,#2295,.F.);
#3087 = PLANE('',#3088);
#3088 = AXIS2_PLACEMENT_3D('',#3089,#3090,#3091);
#3089 = CARTESIAN_POINT('',(-0.1,-4.78,-2.5));
#3090 = DIRECTION('',(-4.308298163317E-16,0.970142500145,-0.242535625036
    ));
#3091 = DIRECTION('',(1.077074540829E-16,-0.242535625036,-0.970142500145
    ));
#3092 = ADVANCED_FACE('',(#3093),#3104,.F.);
#3093 = FACE_BOUND('',#3094,.T.);
#3094 = EDGE_LOOP('',(#3095,#3096,#3097,#3103));
#3095 = ORIENTED_EDGE('',*,*,#3081,.T.);
#3096 = ORIENTED_EDGE('',*,*,#2343,.T.);
#3097 = ORIENTED_EDGE('',*,*,#3098,.F.);
#3098 = EDGE_CURVE('',#2280,#2344,#3099,.T.);
#3099 = LINE('',#3100,#3101);
#3100 = CARTESIAN_POINT('',(-0.1,-5.23,-3.1));
#3101 = VECTOR('',#3102,1.);
#3102 = DIRECTION('',(1.,4.440892098501E-16,0.));
#3103 = ORIENTED_EDGE('',*,*,#2287,.F.);
#3104 = PLANE('',#3105);
#3105 = AXIS2_PLACEMENT_3D('',#3106,#3107,#3108);
#3106 = CARTESIAN_POINT('',(-0.1,-4.93,-3.1));
#3107 = DIRECTION('',(0.,0.,1.));
#3108 = DIRECTION('',(-4.440892098501E-16,1.,0.));
#3109 = ADVANCED_FACE('',(#3110),#3121,.T.);
#3110 = FACE_BOUND('',#3111,.T.);
#3111 = EDGE_LOOP('',(#3112,#3113,#3114,#3120));
#3112 = ORIENTED_EDGE('',*,*,#3098,.T.);
#3113 = ORIENTED_EDGE('',*,*,#2351,.T.);
#3114 = ORIENTED_EDGE('',*,*,#3115,.F.);
#3115 = EDGE_CURVE('',#2272,#2352,#3116,.T.);
#3116 = LINE('',#3117,#3118);
#3117 = CARTESIAN_POINT('',(-0.1,-5.38,-2.5));
#3118 = VECTOR('',#3119,1.);
#3119 = DIRECTION('',(1.,4.440892098501E-16,0.));
#3120 = ORIENTED_EDGE('',*,*,#2279,.F.);
#3121 = PLANE('',#3122);
#3122 = AXIS2_PLACEMENT_3D('',#3123,#3124,#3125);
#3123 = CARTESIAN_POINT('',(-0.1,-5.23,-3.1));
#3124 = DIRECTION('',(4.308298163317E-16,-0.970142500145,-0.242535625036
    ));
#3125 = DIRECTION('',(1.077074540829E-16,-0.242535625036,0.970142500145)
  );
#3126 = ADVANCED_FACE('',(#3127),#3133,.T.);
#3127 = FACE_BOUND('',#3128,.T.);
#3128 = EDGE_LOOP('',(#3129,#3130,#3131,#3132));
#3129 = ORIENTED_EDGE('',*,*,#3115,.T.);
#3130 = ORIENTED_EDGE('',*,*,#2359,.T.);
#3131 = ORIENTED_EDGE('',*,*,#2375,.F.);
#3132 = ORIENTED_EDGE('',*,*,#2271,.F.);
#3133 = PLANE('',#3134);
#3134 = AXIS2_PLACEMENT_3D('',#3135,#3136,#3137);
#3135 = CARTESIAN_POINT('',(-0.1,-5.38,-2.5));
#3136 = DIRECTION('',(4.440892098501E-16,-1.,0.));
#3137 = DIRECTION('',(0.,0.,1.));
#3138 = ADVANCED_FACE('',(#3139),#3150,.T.);
#3139 = FACE_BOUND('',#3140,.T.);
#3140 = EDGE_LOOP('',(#3141,#3142,#3143,#3149));
#3141 = ORIENTED_EDGE('',*,*,#2437,.T.);
#3142 = ORIENTED_EDGE('',*,*,#2455,.T.);
#3143 = ORIENTED_EDGE('',*,*,#3144,.F.);
#3144 = EDGE_CURVE('',#2391,#2456,#3145,.T.);
#3145 = LINE('',#3146,#3147);
#3146 = CARTESIAN_POINT('',(-0.1,-7.32,-2.5));
#3147 = VECTOR('',#3148,1.);
#3148 = DIRECTION('',(1.,4.440892098501E-16,0.));
#3149 = ORIENTED_EDGE('',*,*,#2390,.F.);
#3150 = PLANE('',#3151);
#3151 = AXIS2_PLACEMENT_3D('',#3152,#3153,#3154);
#3152 = CARTESIAN_POINT('',(-0.1,-7.32,0.2));
#3153 = DIRECTION('',(-4.440892098501E-16,1.,0.));
#3154 = DIRECTION('',(0.,0.,-1.));
#3155 = ADVANCED_FACE('',(#3156),#3167,.T.);
#3156 = FACE_BOUND('',#3157,.T.);
#3157 = EDGE_LOOP('',(#3158,#3159,#3160,#3166));
#3158 = ORIENTED_EDGE('',*,*,#3144,.T.);
#3159 = ORIENTED_EDGE('',*,*,#2463,.T.);
#3160 = ORIENTED_EDGE('',*,*,#3161,.F.);
#3161 = EDGE_CURVE('',#2416,#2464,#3162,.T.);
#3162 = LINE('',#3163,#3164);
#3163 = CARTESIAN_POINT('',(-0.1,-7.47,-3.1));
#3164 = VECTOR('',#3165,1.);
#3165 = DIRECTION('',(1.,4.440892098501E-16,0.));
#3166 = ORIENTED_EDGE('',*,*,#2423,.F.);
#3167 = PLANE('',#3168);
#3168 = AXIS2_PLACEMENT_3D('',#3169,#3170,#3171);
#3169 = CARTESIAN_POINT('',(-0.1,-7.32,-2.5));
#3170 = DIRECTION('',(-4.308298163317E-16,0.970142500145,-0.242535625036
    ));
#3171 = DIRECTION('',(1.077074540829E-16,-0.242535625036,-0.970142500145
    ));
#3172 = ADVANCED_FACE('',(#3173),#3184,.F.);
#3173 = FACE_BOUND('',#3174,.T.);
#3174 = EDGE_LOOP('',(#3175,#3176,#3177,#3183));
#3175 = ORIENTED_EDGE('',*,*,#3161,.T.);
#3176 = ORIENTED_EDGE('',*,*,#2471,.T.);
#3177 = ORIENTED_EDGE('',*,*,#3178,.F.);
#3178 = EDGE_CURVE('',#2408,#2472,#3179,.T.);
#3179 = LINE('',#3180,#3181);
#3180 = CARTESIAN_POINT('',(-0.1,-7.77,-3.1));
#3181 = VECTOR('',#3182,1.);
#3182 = DIRECTION('',(1.,4.440892098501E-16,0.));
#3183 = ORIENTED_EDGE('',*,*,#2415,.F.);
#3184 = PLANE('',#3185);
#3185 = AXIS2_PLACEMENT_3D('',#3186,#3187,#3188);
#3186 = CARTESIAN_POINT('',(-0.1,-7.47,-3.1));
#3187 = DIRECTION('',(0.,0.,1.));
#3188 = DIRECTION('',(-4.440892098501E-16,1.,0.));
#3189 = ADVANCED_FACE('',(#3190),#3201,.T.);
#3190 = FACE_BOUND('',#3191,.T.);
#3191 = EDGE_LOOP('',(#3192,#3193,#3194,#3200));
#3192 = ORIENTED_EDGE('',*,*,#3178,.T.);
#3193 = ORIENTED_EDGE('',*,*,#2479,.T.);
#3194 = ORIENTED_EDGE('',*,*,#3195,.F.);
#3195 = EDGE_CURVE('',#2400,#2480,#3196,.T.);
#3196 = LINE('',#3197,#3198);
#3197 = CARTESIAN_POINT('',(-0.1,-7.92,-2.5));
#3198 = VECTOR('',#3199,1.);
#3199 = DIRECTION('',(1.,4.440892098501E-16,0.));
#3200 = ORIENTED_EDGE('',*,*,#2407,.F.);
#3201 = PLANE('',#3202);
#3202 = AXIS2_PLACEMENT_3D('',#3203,#3204,#3205);
#3203 = CARTESIAN_POINT('',(-0.1,-7.77,-3.1));
#3204 = DIRECTION('',(4.308298163317E-16,-0.970142500145,-0.242535625036
    ));
#3205 = DIRECTION('',(1.077074540829E-16,-0.242535625036,0.970142500145)
  );
#3206 = ADVANCED_FACE('',(#3207),#3213,.T.);
#3207 = FACE_BOUND('',#3208,.T.);
#3208 = EDGE_LOOP('',(#3209,#3210,#3211,#3212));
#3209 = ORIENTED_EDGE('',*,*,#3195,.T.);
#3210 = ORIENTED_EDGE('',*,*,#2487,.T.);
#3211 = ORIENTED_EDGE('',*,*,#2503,.F.);
#3212 = ORIENTED_EDGE('',*,*,#2399,.F.);
#3213 = PLANE('',#3214);
#3214 = AXIS2_PLACEMENT_3D('',#3215,#3216,#3217);
#3215 = CARTESIAN_POINT('',(-0.1,-7.92,-2.5));
#3216 = DIRECTION('',(4.440892098501E-16,-1.,0.));
#3217 = DIRECTION('',(0.,0.,1.));
#3218 = ADVANCED_FACE('',(#3219,#3225),#3259,.F.);
#3219 = FACE_BOUND('',#3220,.F.);
#3220 = EDGE_LOOP('',(#3221,#3222,#3223,#3224));
#3221 = ORIENTED_EDGE('',*,*,#2583,.F.);
#3222 = ORIENTED_EDGE('',*,*,#2600,.F.);
#3223 = ORIENTED_EDGE('',*,*,#2535,.F.);
#3224 = ORIENTED_EDGE('',*,*,#2559,.F.);
#3225 = FACE_BOUND('',#3226,.F.);
#3226 = EDGE_LOOP('',(#3227,#3237,#3245,#3253));
#3227 = ORIENTED_EDGE('',*,*,#3228,.T.);
#3228 = EDGE_CURVE('',#3229,#3231,#3233,.T.);
#3229 = VERTEX_POINT('',#3230);
#3230 = CARTESIAN_POINT('',(-0.3,-2.84,6.7));
#3231 = VERTEX_POINT('',#3232);
#3232 = CARTESIAN_POINT('',(0.3,-2.84,6.7));
#3233 = LINE('',#3234,#3235);
#3234 = CARTESIAN_POINT('',(-0.3,-2.84,6.7));
#3235 = VECTOR('',#3236,1.);
#3236 = DIRECTION('',(1.,4.440892098501E-16,0.));
#3237 = ORIENTED_EDGE('',*,*,#3238,.T.);
#3238 = EDGE_CURVE('',#3231,#3239,#3241,.T.);
#3239 = VERTEX_POINT('',#3240);
#3240 = CARTESIAN_POINT('',(0.3,-2.24,6.7));
#3241 = LINE('',#3242,#3243);
#3242 = CARTESIAN_POINT('',(0.3,-2.84,6.7));
#3243 = VECTOR('',#3244,1.);
#3244 = DIRECTION('',(-4.440892098501E-16,1.,0.));
#3245 = ORIENTED_EDGE('',*,*,#3246,.T.);
#3246 = EDGE_CURVE('',#3239,#3247,#3249,.T.);
#3247 = VERTEX_POINT('',#3248);
#3248 = CARTESIAN_POINT('',(-0.3,-2.24,6.7));
#3249 = LINE('',#3250,#3251);
#3250 = CARTESIAN_POINT('',(0.3,-2.24,6.7));
#3251 = VECTOR('',#3252,1.);
#3252 = DIRECTION('',(-1.,-4.440892098501E-16,0.));
#3253 = ORIENTED_EDGE('',*,*,#3254,.T.);
#3254 = EDGE_CURVE('',#3247,#3229,#3255,.T.);
#3255 = LINE('',#3256,#3257);
#3256 = CARTESIAN_POINT('',(-0.3,-2.24,6.7));
#3257 = VECTOR('',#3258,1.);
#3258 = DIRECTION('',(4.440892098501E-16,-1.,0.));
#3259 = PLANE('',#3260);
#3260 = AXIS2_PLACEMENT_3D('',#3261,#3262,#3263);
#3261 = CARTESIAN_POINT('',(0.6,-3.14,6.7));
#3262 = DIRECTION('',(-0.,0.,-1.));
#3263 = DIRECTION('',(4.440892098501E-16,-1.,-0.));
#3264 = ADVANCED_FACE('',(#3265,#3271),#3305,.F.);
#3265 = FACE_BOUND('',#3266,.F.);
#3266 = EDGE_LOOP('',(#3267,#3268,#3269,#3270));
#3267 = ORIENTED_EDGE('',*,*,#2655,.F.);
#3268 = ORIENTED_EDGE('',*,*,#2679,.F.);
#3269 = ORIENTED_EDGE('',*,*,#2696,.F.);
#3270 = ORIENTED_EDGE('',*,*,#2631,.F.);
#3271 = FACE_BOUND('',#3272,.F.);
#3272 = EDGE_LOOP('',(#3273,#3283,#3291,#3299));
#3273 = ORIENTED_EDGE('',*,*,#3274,.T.);
#3274 = EDGE_CURVE('',#3275,#3277,#3279,.T.);
#3275 = VERTEX_POINT('',#3276);
#3276 = CARTESIAN_POINT('',(-0.3,-5.38,6.7));
#3277 = VERTEX_POINT('',#3278);
#3278 = CARTESIAN_POINT('',(0.3,-5.38,6.7));
#3279 = LINE('',#3280,#3281);
#3280 = CARTESIAN_POINT('',(-0.3,-5.38,6.7));
#3281 = VECTOR('',#3282,1.);
#3282 = DIRECTION('',(1.,4.440892098501E-16,0.));
#3283 = ORIENTED_EDGE('',*,*,#3284,.T.);
#3284 = EDGE_CURVE('',#3277,#3285,#3287,.T.);
#3285 = VERTEX_POINT('',#3286);
#3286 = CARTESIAN_POINT('',(0.3,-4.78,6.7));
#3287 = LINE('',#3288,#3289);
#3288 = CARTESIAN_POINT('',(0.3,-5.38,6.7));
#3289 = VECTOR('',#3290,1.);
#3290 = DIRECTION('',(-4.440892098501E-16,1.,0.));
#3291 = ORIENTED_EDGE('',*,*,#3292,.T.);
#3292 = EDGE_CURVE('',#3285,#3293,#3295,.T.);
#3293 = VERTEX_POINT('',#3294);
#3294 = CARTESIAN_POINT('',(-0.3,-4.78,6.7));
#3295 = LINE('',#3296,#3297);
#3296 = CARTESIAN_POINT('',(0.3,-4.78,6.7));
#3297 = VECTOR('',#3298,1.);
#3298 = DIRECTION('',(-1.,-4.440892098501E-16,0.));
#3299 = ORIENTED_EDGE('',*,*,#3300,.T.);
#3300 = EDGE_CURVE('',#3293,#3275,#3301,.T.);
#3301 = LINE('',#3302,#3303);
#3302 = CARTESIAN_POINT('',(-0.3,-4.78,6.7));
#3303 = VECTOR('',#3304,1.);
#3304 = DIRECTION('',(4.440892098501E-16,-1.,0.));
#3305 = PLANE('',#3306);
#3306 = AXIS2_PLACEMENT_3D('',#3307,#3308,#3309);
#3307 = CARTESIAN_POINT('',(0.6,-5.68,6.7));
#3308 = DIRECTION('',(-0.,0.,-1.));
#3309 = DIRECTION('',(4.440892098501E-16,-1.,-0.));
#3310 = ADVANCED_FACE('',(#3311,#3317),#3351,.F.);
#3311 = FACE_BOUND('',#3312,.F.);
#3312 = EDGE_LOOP('',(#3313,#3314,#3315,#3316));
#3313 = ORIENTED_EDGE('',*,*,#2792,.F.);
#3314 = ORIENTED_EDGE('',*,*,#2727,.F.);
#3315 = ORIENTED_EDGE('',*,*,#2751,.F.);
#3316 = ORIENTED_EDGE('',*,*,#2775,.F.);
#3317 = FACE_BOUND('',#3318,.F.);
#3318 = EDGE_LOOP('',(#3319,#3329,#3337,#3345));
#3319 = ORIENTED_EDGE('',*,*,#3320,.T.);
#3320 = EDGE_CURVE('',#3321,#3323,#3325,.T.);
#3321 = VERTEX_POINT('',#3322);
#3322 = CARTESIAN_POINT('',(-0.3,-0.3,6.7));
#3323 = VERTEX_POINT('',#3324);
#3324 = CARTESIAN_POINT('',(0.3,-0.3,6.7));
#3325 = LINE('',#3326,#3327);
#3326 = CARTESIAN_POINT('',(-0.3,-0.3,6.7));
#3327 = VECTOR('',#3328,1.);
#3328 = DIRECTION('',(1.,4.440892098501E-16,0.));
#3329 = ORIENTED_EDGE('',*,*,#3330,.T.);
#3330 = EDGE_CURVE('',#3323,#3331,#3333,.T.);
#3331 = VERTEX_POINT('',#3332);
#3332 = CARTESIAN_POINT('',(0.3,0.3,6.7));
#3333 = LINE('',#3334,#3335);
#3334 = CARTESIAN_POINT('',(0.3,-0.3,6.7));
#3335 = VECTOR('',#3336,1.);
#3336 = DIRECTION('',(-4.440892098501E-16,1.,0.));
#3337 = ORIENTED_EDGE('',*,*,#3338,.T.);
#3338 = EDGE_CURVE('',#3331,#3339,#3341,.T.);
#3339 = VERTEX_POINT('',#3340);
#3340 = CARTESIAN_POINT('',(-0.3,0.3,6.7));
#3341 = LINE('',#3342,#3343);
#3342 = CARTESIAN_POINT('',(0.3,0.3,6.7));
#3343 = VECTOR('',#3344,1.);
#3344 = DIRECTION('',(-1.,-4.440892098501E-16,0.));
#3345 = ORIENTED_EDGE('',*,*,#3346,.T.);
#3346 = EDGE_CURVE('',#3339,#3321,#3347,.T.);
#3347 = LINE('',#3348,#3349);
#3348 = CARTESIAN_POINT('',(-0.3,0.3,6.7));
#3349 = VECTOR('',#3350,1.);
#3350 = DIRECTION('',(4.440892098501E-16,-1.,0.));
#3351 = PLANE('',#3352);
#3352 = AXIS2_PLACEMENT_3D('',#3353,#3354,#3355);
#3353 = CARTESIAN_POINT('',(0.6,-0.6,6.7));
#3354 = DIRECTION('',(-0.,0.,-1.));
#3355 = DIRECTION('',(4.440892098501E-16,-1.,-0.));
#3356 = ADVANCED_FACE('',(#3357,#3363),#3397,.F.);
#3357 = FACE_BOUND('',#3358,.F.);
#3358 = EDGE_LOOP('',(#3359,#3360,#3361,#3362));
#3359 = ORIENTED_EDGE('',*,*,#2888,.F.);
#3360 = ORIENTED_EDGE('',*,*,#2823,.F.);
#3361 = ORIENTED_EDGE('',*,*,#2847,.F.);
#3362 = ORIENTED_EDGE('',*,*,#2871,.F.);
#3363 = FACE_BOUND('',#3364,.F.);
#3364 = EDGE_LOOP('',(#3365,#3375,#3383,#3391));
#3365 = ORIENTED_EDGE('',*,*,#3366,.T.);
#3366 = EDGE_CURVE('',#3367,#3369,#3371,.T.);
#3367 = VERTEX_POINT('',#3368);
#3368 = CARTESIAN_POINT('',(-0.3,-7.92,6.7));
#3369 = VERTEX_POINT('',#3370);
#3370 = CARTESIAN_POINT('',(0.3,-7.92,6.7));
#3371 = LINE('',#3372,#3373);
#3372 = CARTESIAN_POINT('',(-0.3,-7.92,6.7));
#3373 = VECTOR('',#3374,1.);
#3374 = DIRECTION('',(1.,4.440892098501E-16,0.));
#3375 = ORIENTED_EDGE('',*,*,#3376,.T.);
#3376 = EDGE_CURVE('',#3369,#3377,#3379,.T.);
#3377 = VERTEX_POINT('',#3378);
#3378 = CARTESIAN_POINT('',(0.3,-7.32,6.7));
#3379 = LINE('',#3380,#3381);
#3380 = CARTESIAN_POINT('',(0.3,-7.92,6.7));
#3381 = VECTOR('',#3382,1.);
#3382 = DIRECTION('',(-4.440892098501E-16,1.,0.));
#3383 = ORIENTED_EDGE('',*,*,#3384,.T.);
#3384 = EDGE_CURVE('',#3377,#3385,#3387,.T.);
#3385 = VERTEX_POINT('',#3386);
#3386 = CARTESIAN_POINT('',(-0.3,-7.32,6.7));
#3387 = LINE('',#3388,#3389);
#3388 = CARTESIAN_POINT('',(0.3,-7.32,6.7));
#3389 = VECTOR('',#3390,1.);
#3390 = DIRECTION('',(-1.,-4.440892098501E-16,0.));
#3391 = ORIENTED_EDGE('',*,*,#3392,.T.);
#3392 = EDGE_CURVE('',#3385,#3367,#3393,.T.);
#3393 = LINE('',#3394,#3395);
#3394 = CARTESIAN_POINT('',(-0.3,-7.32,6.7));
#3395 = VECTOR('',#3396,1.);
#3396 = DIRECTION('',(4.440892098501E-16,-1.,0.));
#3397 = PLANE('',#3398);
#3398 = AXIS2_PLACEMENT_3D('',#3399,#3400,#3401);
#3399 = CARTESIAN_POINT('',(0.6,-8.22,6.7));
#3400 = DIRECTION('',(-0.,0.,-1.));
#3401 = DIRECTION('',(4.440892098501E-16,-1.,-0.));
#3402 = ADVANCED_FACE('',(#3403),#3460,.T.);
#3403 = FACE_BOUND('',#3404,.T.);
#3404 = EDGE_LOOP('',(#3405,#3413,#3414,#3422,#3430,#3438,#3446,#3454));
#3405 = ORIENTED_EDGE('',*,*,#3406,.F.);
#3406 = EDGE_CURVE('',#3229,#3407,#3409,.T.);
#3407 = VERTEX_POINT('',#3408);
#3408 = CARTESIAN_POINT('',(-0.3,-2.84,0.9));
#3409 = LINE('',#3410,#3411);
#3410 = CARTESIAN_POINT('',(-0.3,-2.84,6.7));
#3411 = VECTOR('',#3412,1.);
#3412 = DIRECTION('',(0.,0.,-1.));
#3413 = ORIENTED_EDGE('',*,*,#3228,.T.);
#3414 = ORIENTED_EDGE('',*,*,#3415,.T.);
#3415 = EDGE_CURVE('',#3231,#3416,#3418,.T.);
#3416 = VERTEX_POINT('',#3417);
#3417 = CARTESIAN_POINT('',(0.3,-2.84,0.9));
#3418 = LINE('',#3419,#3420);
#3419 = CARTESIAN_POINT('',(0.3,-2.84,6.7));
#3420 = VECTOR('',#3421,1.);
#3421 = DIRECTION('',(0.,0.,-1.));
#3422 = ORIENTED_EDGE('',*,*,#3423,.F.);
#3423 = EDGE_CURVE('',#3424,#3416,#3426,.T.);
#3424 = VERTEX_POINT('',#3425);
#3425 = CARTESIAN_POINT('',(0.1,-2.84,0.9));
#3426 = LINE('',#3427,#3428);
#3427 = CARTESIAN_POINT('',(-0.3,-2.84,0.9));
#3428 = VECTOR('',#3429,1.);
#3429 = DIRECTION('',(1.,4.440892098501E-16,0.));
#3430 = ORIENTED_EDGE('',*,*,#3431,.T.);
#3431 = EDGE_CURVE('',#3424,#3432,#3434,.T.);
#3432 = VERTEX_POINT('',#3433);
#3433 = CARTESIAN_POINT('',(0.1,-2.84,5.9));
#3434 = LINE('',#3435,#3436);
#3435 = CARTESIAN_POINT('',(0.1,-2.84,3.45));
#3436 = VECTOR('',#3437,1.);
#3437 = DIRECTION('',(0.,0.,1.));
#3438 = ORIENTED_EDGE('',*,*,#3439,.F.);
#3439 = EDGE_CURVE('',#3440,#3432,#3442,.T.);
#3440 = VERTEX_POINT('',#3441);
#3441 = CARTESIAN_POINT('',(-0.1,-2.84,5.9));
#3442 = LINE('',#3443,#3444);
#3443 = CARTESIAN_POINT('',(-0.1,-2.84,5.9));
#3444 = VECTOR('',#3445,1.);
#3445 = DIRECTION('',(1.,4.440892098501E-16,0.));
#3446 = ORIENTED_EDGE('',*,*,#3447,.T.);
#3447 = EDGE_CURVE('',#3440,#3448,#3450,.T.);
#3448 = VERTEX_POINT('',#3449);
#3449 = CARTESIAN_POINT('',(-0.1,-2.84,0.9));
#3450 = LINE('',#3451,#3452);
#3451 = CARTESIAN_POINT('',(-0.1,-2.84,3.45));
#3452 = VECTOR('',#3453,1.);
#3453 = DIRECTION('',(-0.,0.,-1.));
#3454 = ORIENTED_EDGE('',*,*,#3455,.F.);
#3455 = EDGE_CURVE('',#3407,#3448,#3456,.T.);
#3456 = LINE('',#3457,#3458);
#3457 = CARTESIAN_POINT('',(-0.3,-2.84,0.9));
#3458 = VECTOR('',#3459,1.);
#3459 = DIRECTION('',(1.,4.440892098501E-16,0.));
#3460 = PLANE('',#3461);
#3461 = AXIS2_PLACEMENT_3D('',#3462,#3463,#3464);
#3462 = CARTESIAN_POINT('',(-0.3,-2.84,6.7));
#3463 = DIRECTION('',(-4.440892098501E-16,1.,0.));
#3464 = DIRECTION('',(0.,0.,1.));
#3465 = ADVANCED_FACE('',(#3466),#3484,.F.);
#3466 = FACE_BOUND('',#3467,.F.);
#3467 = EDGE_LOOP('',(#3468,#3476,#3482,#3483));
#3468 = ORIENTED_EDGE('',*,*,#3469,.T.);
#3469 = EDGE_CURVE('',#3247,#3470,#3472,.T.);
#3470 = VERTEX_POINT('',#3471);
#3471 = CARTESIAN_POINT('',(-0.3,-2.24,0.9));
#3472 = LINE('',#3473,#3474);
#3473 = CARTESIAN_POINT('',(-0.3,-2.24,6.7));
#3474 = VECTOR('',#3475,1.);
#3475 = DIRECTION('',(0.,0.,-1.));
#3476 = ORIENTED_EDGE('',*,*,#3477,.T.);
#3477 = EDGE_CURVE('',#3470,#3407,#3478,.T.);
#3478 = LINE('',#3479,#3480);
#3479 = CARTESIAN_POINT('',(-0.3,-2.24,0.9));
#3480 = VECTOR('',#3481,1.);
#3481 = DIRECTION('',(4.440892098501E-16,-1.,0.));
#3482 = ORIENTED_EDGE('',*,*,#3406,.F.);
#3483 = ORIENTED_EDGE('',*,*,#3254,.F.);
#3484 = PLANE('',#3485);
#3485 = AXIS2_PLACEMENT_3D('',#3486,#3487,#3488);
#3486 = CARTESIAN_POINT('',(-0.3,-2.24,6.7));
#3487 = DIRECTION('',(-1.,-4.440892098501E-16,0.));
#3488 = DIRECTION('',(4.440892098501E-16,-1.,0.));
#3489 = ADVANCED_FACE('',(#3490),#3540,.T.);
#3490 = FACE_BOUND('',#3491,.T.);
#3491 = EDGE_LOOP('',(#3492,#3500,#3501,#3502,#3510,#3518,#3526,#3534));
#3492 = ORIENTED_EDGE('',*,*,#3493,.F.);
#3493 = EDGE_CURVE('',#3239,#3494,#3496,.T.);
#3494 = VERTEX_POINT('',#3495);
#3495 = CARTESIAN_POINT('',(0.3,-2.24,0.9));
#3496 = LINE('',#3497,#3498);
#3497 = CARTESIAN_POINT('',(0.3,-2.24,6.7));
#3498 = VECTOR('',#3499,1.);
#3499 = DIRECTION('',(0.,0.,-1.));
#3500 = ORIENTED_EDGE('',*,*,#3246,.T.);
#3501 = ORIENTED_EDGE('',*,*,#3469,.T.);
#3502 = ORIENTED_EDGE('',*,*,#3503,.F.);
#3503 = EDGE_CURVE('',#3504,#3470,#3506,.T.);
#3504 = VERTEX_POINT('',#3505);
#3505 = CARTESIAN_POINT('',(-0.1,-2.24,0.9));
#3506 = LINE('',#3507,#3508);
#3507 = CARTESIAN_POINT('',(0.3,-2.24,0.9));
#3508 = VECTOR('',#3509,1.);
#3509 = DIRECTION('',(-1.,-4.440892098501E-16,0.));
#3510 = ORIENTED_EDGE('',*,*,#3511,.T.);
#3511 = EDGE_CURVE('',#3504,#3512,#3514,.T.);
#3512 = VERTEX_POINT('',#3513);
#3513 = CARTESIAN_POINT('',(-0.1,-2.24,5.9));
#3514 = LINE('',#3515,#3516);
#3515 = CARTESIAN_POINT('',(-0.1,-2.24,3.45));
#3516 = VECTOR('',#3517,1.);
#3517 = DIRECTION('',(0.,0.,1.));
#3518 = ORIENTED_EDGE('',*,*,#3519,.T.);
#3519 = EDGE_CURVE('',#3512,#3520,#3522,.T.);
#3520 = VERTEX_POINT('',#3521);
#3521 = CARTESIAN_POINT('',(0.1,-2.24,5.9));
#3522 = LINE('',#3523,#3524);
#3523 = CARTESIAN_POINT('',(-0.1,-2.24,5.9));
#3524 = VECTOR('',#3525,1.);
#3525 = DIRECTION('',(1.,4.440892098501E-16,0.));
#3526 = ORIENTED_EDGE('',*,*,#3527,.T.);
#3527 = EDGE_CURVE('',#3520,#3528,#3530,.T.);
#3528 = VERTEX_POINT('',#3529);
#3529 = CARTESIAN_POINT('',(0.1,-2.24,0.9));
#3530 = LINE('',#3531,#3532);
#3531 = CARTESIAN_POINT('',(0.1,-2.24,3.45));
#3532 = VECTOR('',#3533,1.);
#3533 = DIRECTION('',(-0.,0.,-1.));
#3534 = ORIENTED_EDGE('',*,*,#3535,.F.);
#3535 = EDGE_CURVE('',#3494,#3528,#3536,.T.);
#3536 = LINE('',#3537,#3538);
#3537 = CARTESIAN_POINT('',(0.3,-2.24,0.9));
#3538 = VECTOR('',#3539,1.);
#3539 = DIRECTION('',(-1.,-4.440892098501E-16,0.));
#3540 = PLANE('',#3541);
#3541 = AXIS2_PLACEMENT_3D('',#3542,#3543,#3544);
#3542 = CARTESIAN_POINT('',(0.3,-2.24,6.7));
#3543 = DIRECTION('',(4.440892098501E-16,-1.,0.));
#3544 = DIRECTION('',(0.,-0.,-1.));
#3545 = ADVANCED_FACE('',(#3546),#3557,.F.);
#3546 = FACE_BOUND('',#3547,.F.);
#3547 = EDGE_LOOP('',(#3548,#3549,#3555,#3556));
#3548 = ORIENTED_EDGE('',*,*,#3415,.T.);
#3549 = ORIENTED_EDGE('',*,*,#3550,.T.);
#3550 = EDGE_CURVE('',#3416,#3494,#3551,.T.);
#3551 = LINE('',#3552,#3553);
#3552 = CARTESIAN_POINT('',(0.3,-2.84,0.9));
#3553 = VECTOR('',#3554,1.);
#3554 = DIRECTION('',(-4.440892098501E-16,1.,0.));
#3555 = ORIENTED_EDGE('',*,*,#3493,.F.);
#3556 = ORIENTED_EDGE('',*,*,#3238,.F.);
#3557 = PLANE('',#3558);
#3558 = AXIS2_PLACEMENT_3D('',#3559,#3560,#3561);
#3559 = CARTESIAN_POINT('',(0.3,-2.84,6.7));
#3560 = DIRECTION('',(1.,4.440892098501E-16,0.));
#3561 = DIRECTION('',(-4.440892098501E-16,1.,0.));
#3562 = ADVANCED_FACE('',(#3563),#3620,.T.);
#3563 = FACE_BOUND('',#3564,.T.);
#3564 = EDGE_LOOP('',(#3565,#3573,#3574,#3582,#3590,#3598,#3606,#3614));
#3565 = ORIENTED_EDGE('',*,*,#3566,.F.);
#3566 = EDGE_CURVE('',#3275,#3567,#3569,.T.);
#3567 = VERTEX_POINT('',#3568);
#3568 = CARTESIAN_POINT('',(-0.3,-5.38,0.9));
#3569 = LINE('',#3570,#3571);
#3570 = CARTESIAN_POINT('',(-0.3,-5.38,6.7));
#3571 = VECTOR('',#3572,1.);
#3572 = DIRECTION('',(0.,0.,-1.));
#3573 = ORIENTED_EDGE('',*,*,#3274,.T.);
#3574 = ORIENTED_EDGE('',*,*,#3575,.T.);
#3575 = EDGE_CURVE('',#3277,#3576,#3578,.T.);
#3576 = VERTEX_POINT('',#3577);
#3577 = CARTESIAN_POINT('',(0.3,-5.38,0.9));
#3578 = LINE('',#3579,#3580);
#3579 = CARTESIAN_POINT('',(0.3,-5.38,6.7));
#3580 = VECTOR('',#3581,1.);
#3581 = DIRECTION('',(0.,0.,-1.));
#3582 = ORIENTED_EDGE('',*,*,#3583,.F.);
#3583 = EDGE_CURVE('',#3584,#3576,#3586,.T.);
#3584 = VERTEX_POINT('',#3585);
#3585 = CARTESIAN_POINT('',(0.1,-5.38,0.9));
#3586 = LINE('',#3587,#3588);
#3587 = CARTESIAN_POINT('',(-0.3,-5.38,0.9));
#3588 = VECTOR('',#3589,1.);
#3589 = DIRECTION('',(1.,4.440892098501E-16,0.));
#3590 = ORIENTED_EDGE('',*,*,#3591,.T.);
#3591 = EDGE_CURVE('',#3584,#3592,#3594,.T.);
#3592 = VERTEX_POINT('',#3593);
#3593 = CARTESIAN_POINT('',(0.1,-5.38,5.9));
#3594 = LINE('',#3595,#3596);
#3595 = CARTESIAN_POINT('',(0.1,-5.38,3.45));
#3596 = VECTOR('',#3597,1.);
#3597 = DIRECTION('',(0.,0.,1.));
#3598 = ORIENTED_EDGE('',*,*,#3599,.F.);
#3599 = EDGE_CURVE('',#3600,#3592,#3602,.T.);
#3600 = VERTEX_POINT('',#3601);
#3601 = CARTESIAN_POINT('',(-0.1,-5.38,5.9));
#3602 = LINE('',#3603,#3604);
#3603 = CARTESIAN_POINT('',(-0.1,-5.38,5.9));
#3604 = VECTOR('',#3605,1.);
#3605 = DIRECTION('',(1.,4.440892098501E-16,0.));
#3606 = ORIENTED_EDGE('',*,*,#3607,.T.);
#3607 = EDGE_CURVE('',#3600,#3608,#3610,.T.);
#3608 = VERTEX_POINT('',#3609);
#3609 = CARTESIAN_POINT('',(-0.1,-5.38,0.9));
#3610 = LINE('',#3611,#3612);
#3611 = CARTESIAN_POINT('',(-0.1,-5.38,3.45));
#3612 = VECTOR('',#3613,1.);
#3613 = DIRECTION('',(-0.,0.,-1.));
#3614 = ORIENTED_EDGE('',*,*,#3615,.F.);
#3615 = EDGE_CURVE('',#3567,#3608,#3616,.T.);
#3616 = LINE('',#3617,#3618);
#3617 = CARTESIAN_POINT('',(-0.3,-5.38,0.9));
#3618 = VECTOR('',#3619,1.);
#3619 = DIRECTION('',(1.,4.440892098501E-16,0.));
#3620 = PLANE('',#3621);
#3621 = AXIS2_PLACEMENT_3D('',#3622,#3623,#3624);
#3622 = CARTESIAN_POINT('',(-0.3,-5.38,6.7));
#3623 = DIRECTION('',(-4.440892098501E-16,1.,0.));
#3624 = DIRECTION('',(0.,0.,1.));
#3625 = ADVANCED_FACE('',(#3626),#3644,.F.);
#3626 = FACE_BOUND('',#3627,.F.);
#3627 = EDGE_LOOP('',(#3628,#3636,#3642,#3643));
#3628 = ORIENTED_EDGE('',*,*,#3629,.T.);
#3629 = EDGE_CURVE('',#3293,#3630,#3632,.T.);
#3630 = VERTEX_POINT('',#3631);
#3631 = CARTESIAN_POINT('',(-0.3,-4.78,0.9));
#3632 = LINE('',#3633,#3634);
#3633 = CARTESIAN_POINT('',(-0.3,-4.78,6.7));
#3634 = VECTOR('',#3635,1.);
#3635 = DIRECTION('',(0.,0.,-1.));
#3636 = ORIENTED_EDGE('',*,*,#3637,.T.);
#3637 = EDGE_CURVE('',#3630,#3567,#3638,.T.);
#3638 = LINE('',#3639,#3640);
#3639 = CARTESIAN_POINT('',(-0.3,-4.78,0.9));
#3640 = VECTOR('',#3641,1.);
#3641 = DIRECTION('',(4.440892098501E-16,-1.,0.));
#3642 = ORIENTED_EDGE('',*,*,#3566,.F.);
#3643 = ORIENTED_EDGE('',*,*,#3300,.F.);
#3644 = PLANE('',#3645);
#3645 = AXIS2_PLACEMENT_3D('',#3646,#3647,#3648);
#3646 = CARTESIAN_POINT('',(-0.3,-4.78,6.7));
#3647 = DIRECTION('',(-1.,-4.440892098501E-16,0.));
#3648 = DIRECTION('',(4.440892098501E-16,-1.,0.));
#3649 = ADVANCED_FACE('',(#3650),#3700,.T.);
#3650 = FACE_BOUND('',#3651,.T.);
#3651 = EDGE_LOOP('',(#3652,#3660,#3661,#3662,#3670,#3678,#3686,#3694));
#3652 = ORIENTED_EDGE('',*,*,#3653,.F.);
#3653 = EDGE_CURVE('',#3285,#3654,#3656,.T.);
#3654 = VERTEX_POINT('',#3655);
#3655 = CARTESIAN_POINT('',(0.3,-4.78,0.9));
#3656 = LINE('',#3657,#3658);
#3657 = CARTESIAN_POINT('',(0.3,-4.78,6.7));
#3658 = VECTOR('',#3659,1.);
#3659 = DIRECTION('',(0.,0.,-1.));
#3660 = ORIENTED_EDGE('',*,*,#3292,.T.);
#3661 = ORIENTED_EDGE('',*,*,#3629,.T.);
#3662 = ORIENTED_EDGE('',*,*,#3663,.F.);
#3663 = EDGE_CURVE('',#3664,#3630,#3666,.T.);
#3664 = VERTEX_POINT('',#3665);
#3665 = CARTESIAN_POINT('',(-0.1,-4.78,0.9));
#3666 = LINE('',#3667,#3668);
#3667 = CARTESIAN_POINT('',(0.3,-4.78,0.9));
#3668 = VECTOR('',#3669,1.);
#3669 = DIRECTION('',(-1.,-4.440892098501E-16,0.));
#3670 = ORIENTED_EDGE('',*,*,#3671,.T.);
#3671 = EDGE_CURVE('',#3664,#3672,#3674,.T.);
#3672 = VERTEX_POINT('',#3673);
#3673 = CARTESIAN_POINT('',(-0.1,-4.78,5.9));
#3674 = LINE('',#3675,#3676);
#3675 = CARTESIAN_POINT('',(-0.1,-4.78,3.45));
#3676 = VECTOR('',#3677,1.);
#3677 = DIRECTION('',(0.,0.,1.));
#3678 = ORIENTED_EDGE('',*,*,#3679,.T.);
#3679 = EDGE_CURVE('',#3672,#3680,#3682,.T.);
#3680 = VERTEX_POINT('',#3681);
#3681 = CARTESIAN_POINT('',(0.1,-4.78,5.9));
#3682 = LINE('',#3683,#3684);
#3683 = CARTESIAN_POINT('',(-0.1,-4.78,5.9));
#3684 = VECTOR('',#3685,1.);
#3685 = DIRECTION('',(1.,4.440892098501E-16,0.));
#3686 = ORIENTED_EDGE('',*,*,#3687,.T.);
#3687 = EDGE_CURVE('',#3680,#3688,#3690,.T.);
#3688 = VERTEX_POINT('',#3689);
#3689 = CARTESIAN_POINT('',(0.1,-4.78,0.9));
#3690 = LINE('',#3691,#3692);
#3691 = CARTESIAN_POINT('',(0.1,-4.78,3.45));
#3692 = VECTOR('',#3693,1.);
#3693 = DIRECTION('',(-0.,0.,-1.));
#3694 = ORIENTED_EDGE('',*,*,#3695,.F.);
#3695 = EDGE_CURVE('',#3654,#3688,#3696,.T.);
#3696 = LINE('',#3697,#3698);
#3697 = CARTESIAN_POINT('',(0.3,-4.78,0.9));
#3698 = VECTOR('',#3699,1.);
#3699 = DIRECTION('',(-1.,-4.440892098501E-16,0.));
#3700 = PLANE('',#3701);
#3701 = AXIS2_PLACEMENT_3D('',#3702,#3703,#3704);
#3702 = CARTESIAN_POINT('',(0.3,-4.78,6.7));
#3703 = DIRECTION('',(4.440892098501E-16,-1.,0.));
#3704 = DIRECTION('',(0.,-0.,-1.));
#3705 = ADVANCED_FACE('',(#3706),#3717,.F.);
#3706 = FACE_BOUND('',#3707,.F.);
#3707 = EDGE_LOOP('',(#3708,#3709,#3715,#3716));
#3708 = ORIENTED_EDGE('',*,*,#3575,.T.);
#3709 = ORIENTED_EDGE('',*,*,#3710,.T.);
#3710 = EDGE_CURVE('',#3576,#3654,#3711,.T.);
#3711 = LINE('',#3712,#3713);
#3712 = CARTESIAN_POINT('',(0.3,-5.38,0.9));
#3713 = VECTOR('',#3714,1.);
#3714 = DIRECTION('',(-4.440892098501E-16,1.,0.));
#3715 = ORIENTED_EDGE('',*,*,#3653,.F.);
#3716 = ORIENTED_EDGE('',*,*,#3284,.F.);
#3717 = PLANE('',#3718);
#3718 = AXIS2_PLACEMENT_3D('',#3719,#3720,#3721);
#3719 = CARTESIAN_POINT('',(0.3,-5.38,6.7));
#3720 = DIRECTION('',(1.,4.440892098501E-16,0.));
#3721 = DIRECTION('',(-4.440892098501E-16,1.,0.));
#3722 = ADVANCED_FACE('',(#3723),#3780,.T.);
#3723 = FACE_BOUND('',#3724,.T.);
#3724 = EDGE_LOOP('',(#3725,#3733,#3734,#3742,#3750,#3758,#3766,#3774));
#3725 = ORIENTED_EDGE('',*,*,#3726,.F.);
#3726 = EDGE_CURVE('',#3321,#3727,#3729,.T.);
#3727 = VERTEX_POINT('',#3728);
#3728 = CARTESIAN_POINT('',(-0.3,-0.3,0.9));
#3729 = LINE('',#3730,#3731);
#3730 = CARTESIAN_POINT('',(-0.3,-0.3,6.7));
#3731 = VECTOR('',#3732,1.);
#3732 = DIRECTION('',(0.,0.,-1.));
#3733 = ORIENTED_EDGE('',*,*,#3320,.T.);
#3734 = ORIENTED_EDGE('',*,*,#3735,.T.);
#3735 = EDGE_CURVE('',#3323,#3736,#3738,.T.);
#3736 = VERTEX_POINT('',#3737);
#3737 = CARTESIAN_POINT('',(0.3,-0.3,0.9));
#3738 = LINE('',#3739,#3740);
#3739 = CARTESIAN_POINT('',(0.3,-0.3,6.7));
#3740 = VECTOR('',#3741,1.);
#3741 = DIRECTION('',(0.,0.,-1.));
#3742 = ORIENTED_EDGE('',*,*,#3743,.F.);
#3743 = EDGE_CURVE('',#3744,#3736,#3746,.T.);
#3744 = VERTEX_POINT('',#3745);
#3745 = CARTESIAN_POINT('',(0.1,-0.3,0.9));
#3746 = LINE('',#3747,#3748);
#3747 = CARTESIAN_POINT('',(-0.3,-0.3,0.9));
#3748 = VECTOR('',#3749,1.);
#3749 = DIRECTION('',(1.,4.440892098501E-16,0.));
#3750 = ORIENTED_EDGE('',*,*,#3751,.T.);
#3751 = EDGE_CURVE('',#3744,#3752,#3754,.T.);
#3752 = VERTEX_POINT('',#3753);
#3753 = CARTESIAN_POINT('',(0.1,-0.3,5.9));
#3754 = LINE('',#3755,#3756);
#3755 = CARTESIAN_POINT('',(0.1,-0.3,3.45));
#3756 = VECTOR('',#3757,1.);
#3757 = DIRECTION('',(0.,0.,1.));
#3758 = ORIENTED_EDGE('',*,*,#3759,.F.);
#3759 = EDGE_CURVE('',#3760,#3752,#3762,.T.);
#3760 = VERTEX_POINT('',#3761);
#3761 = CARTESIAN_POINT('',(-0.1,-0.3,5.9));
#3762 = LINE('',#3763,#3764);
#3763 = CARTESIAN_POINT('',(-0.1,-0.3,5.9));
#3764 = VECTOR('',#3765,1.);
#3765 = DIRECTION('',(1.,4.440892098501E-16,0.));
#3766 = ORIENTED_EDGE('',*,*,#3767,.T.);
#3767 = EDGE_CURVE('',#3760,#3768,#3770,.T.);
#3768 = VERTEX_POINT('',#3769);
#3769 = CARTESIAN_POINT('',(-0.1,-0.3,0.9));
#3770 = LINE('',#3771,#3772);
#3771 = CARTESIAN_POINT('',(-0.1,-0.3,3.45));
#3772 = VECTOR('',#3773,1.);
#3773 = DIRECTION('',(-0.,0.,-1.));
#3774 = ORIENTED_EDGE('',*,*,#3775,.F.);
#3775 = EDGE_CURVE('',#3727,#3768,#3776,.T.);
#3776 = LINE('',#3777,#3778);
#3777 = CARTESIAN_POINT('',(-0.3,-0.3,0.9));
#3778 = VECTOR('',#3779,1.);
#3779 = DIRECTION('',(1.,4.440892098501E-16,0.));
#3780 = PLANE('',#3781);
#3781 = AXIS2_PLACEMENT_3D('',#3782,#3783,#3784);
#3782 = CARTESIAN_POINT('',(-0.3,-0.3,6.7));
#3783 = DIRECTION('',(-4.440892098501E-16,1.,0.));
#3784 = DIRECTION('',(0.,0.,1.));
#3785 = ADVANCED_FACE('',(#3786),#3804,.F.);
#3786 = FACE_BOUND('',#3787,.F.);
#3787 = EDGE_LOOP('',(#3788,#3796,#3802,#3803));
#3788 = ORIENTED_EDGE('',*,*,#3789,.T.);
#3789 = EDGE_CURVE('',#3339,#3790,#3792,.T.);
#3790 = VERTEX_POINT('',#3791);
#3791 = CARTESIAN_POINT('',(-0.3,0.3,0.9));
#3792 = LINE('',#3793,#3794);
#3793 = CARTESIAN_POINT('',(-0.3,0.3,6.7));
#3794 = VECTOR('',#3795,1.);
#3795 = DIRECTION('',(0.,0.,-1.));
#3796 = ORIENTED_EDGE('',*,*,#3797,.T.);
#3797 = EDGE_CURVE('',#3790,#3727,#3798,.T.);
#3798 = LINE('',#3799,#3800);
#3799 = CARTESIAN_POINT('',(-0.3,0.3,0.9));
#3800 = VECTOR('',#3801,1.);
#3801 = DIRECTION('',(4.440892098501E-16,-1.,0.));
#3802 = ORIENTED_EDGE('',*,*,#3726,.F.);
#3803 = ORIENTED_EDGE('',*,*,#3346,.F.);
#3804 = PLANE('',#3805);
#3805 = AXIS2_PLACEMENT_3D('',#3806,#3807,#3808);
#3806 = CARTESIAN_POINT('',(-0.3,0.3,6.7));
#3807 = DIRECTION('',(-1.,-4.440892098501E-16,0.));
#3808 = DIRECTION('',(4.440892098501E-16,-1.,0.));
#3809 = ADVANCED_FACE('',(#3810),#3860,.T.);
#3810 = FACE_BOUND('',#3811,.T.);
#3811 = EDGE_LOOP('',(#3812,#3820,#3821,#3822,#3830,#3838,#3846,#3854));
#3812 = ORIENTED_EDGE('',*,*,#3813,.F.);
#3813 = EDGE_CURVE('',#3331,#3814,#3816,.T.);
#3814 = VERTEX_POINT('',#3815);
#3815 = CARTESIAN_POINT('',(0.3,0.3,0.9));
#3816 = LINE('',#3817,#3818);
#3817 = CARTESIAN_POINT('',(0.3,0.3,6.7));
#3818 = VECTOR('',#3819,1.);
#3819 = DIRECTION('',(0.,0.,-1.));
#3820 = ORIENTED_EDGE('',*,*,#3338,.T.);
#3821 = ORIENTED_EDGE('',*,*,#3789,.T.);
#3822 = ORIENTED_EDGE('',*,*,#3823,.F.);
#3823 = EDGE_CURVE('',#3824,#3790,#3826,.T.);
#3824 = VERTEX_POINT('',#3825);
#3825 = CARTESIAN_POINT('',(-0.1,0.3,0.9));
#3826 = LINE('',#3827,#3828);
#3827 = CARTESIAN_POINT('',(0.3,0.3,0.9));
#3828 = VECTOR('',#3829,1.);
#3829 = DIRECTION('',(-1.,-4.440892098501E-16,0.));
#3830 = ORIENTED_EDGE('',*,*,#3831,.T.);
#3831 = EDGE_CURVE('',#3824,#3832,#3834,.T.);
#3832 = VERTEX_POINT('',#3833);
#3833 = CARTESIAN_POINT('',(-0.1,0.3,5.9));
#3834 = LINE('',#3835,#3836);
#3835 = CARTESIAN_POINT('',(-0.1,0.3,3.45));
#3836 = VECTOR('',#3837,1.);
#3837 = DIRECTION('',(0.,0.,1.));
#3838 = ORIENTED_EDGE('',*,*,#3839,.T.);
#3839 = EDGE_CURVE('',#3832,#3840,#3842,.T.);
#3840 = VERTEX_POINT('',#3841);
#3841 = CARTESIAN_POINT('',(0.1,0.3,5.9));
#3842 = LINE('',#3843,#3844);
#3843 = CARTESIAN_POINT('',(-0.1,0.3,5.9));
#3844 = VECTOR('',#3845,1.);
#3845 = DIRECTION('',(1.,4.440892098501E-16,0.));
#3846 = ORIENTED_EDGE('',*,*,#3847,.T.);
#3847 = EDGE_CURVE('',#3840,#3848,#3850,.T.);
#3848 = VERTEX_POINT('',#3849);
#3849 = CARTESIAN_POINT('',(0.1,0.3,0.9));
#3850 = LINE('',#3851,#3852);
#3851 = CARTESIAN_POINT('',(0.1,0.3,3.45));
#3852 = VECTOR('',#3853,1.);
#3853 = DIRECTION('',(-0.,0.,-1.));
#3854 = ORIENTED_EDGE('',*,*,#3855,.F.);
#3855 = EDGE_CURVE('',#3814,#3848,#3856,.T.);
#3856 = LINE('',#3857,#3858);
#3857 = CARTESIAN_POINT('',(0.3,0.3,0.9));
#3858 = VECTOR('',#3859,1.);
#3859 = DIRECTION('',(-1.,-4.440892098501E-16,0.));
#3860 = PLANE('',#3861);
#3861 = AXIS2_PLACEMENT_3D('',#3862,#3863,#3864);
#3862 = CARTESIAN_POINT('',(0.3,0.3,6.7));
#3863 = DIRECTION('',(4.440892098501E-16,-1.,0.));
#3864 = DIRECTION('',(0.,-0.,-1.));
#3865 = ADVANCED_FACE('',(#3866),#3877,.F.);
#3866 = FACE_BOUND('',#3867,.F.);
#3867 = EDGE_LOOP('',(#3868,#3869,#3875,#3876));
#3868 = ORIENTED_EDGE('',*,*,#3735,.T.);
#3869 = ORIENTED_EDGE('',*,*,#3870,.T.);
#3870 = EDGE_CURVE('',#3736,#3814,#3871,.T.);
#3871 = LINE('',#3872,#3873);
#3872 = CARTESIAN_POINT('',(0.3,-0.3,0.9));
#3873 = VECTOR('',#3874,1.);
#3874 = DIRECTION('',(-4.440892098501E-16,1.,0.));
#3875 = ORIENTED_EDGE('',*,*,#3813,.F.);
#3876 = ORIENTED_EDGE('',*,*,#3330,.F.);
#3877 = PLANE('',#3878);
#3878 = AXIS2_PLACEMENT_3D('',#3879,#3880,#3881);
#3879 = CARTESIAN_POINT('',(0.3,-0.3,6.7));
#3880 = DIRECTION('',(1.,4.440892098501E-16,0.));
#3881 = DIRECTION('',(-4.440892098501E-16,1.,0.));
#3882 = ADVANCED_FACE('',(#3883),#3940,.T.);
#3883 = FACE_BOUND('',#3884,.T.);
#3884 = EDGE_LOOP('',(#3885,#3893,#3894,#3902,#3910,#3918,#3926,#3934));
#3885 = ORIENTED_EDGE('',*,*,#3886,.F.);
#3886 = EDGE_CURVE('',#3367,#3887,#3889,.T.);
#3887 = VERTEX_POINT('',#3888);
#3888 = CARTESIAN_POINT('',(-0.3,-7.92,0.9));
#3889 = LINE('',#3890,#3891);
#3890 = CARTESIAN_POINT('',(-0.3,-7.92,6.7));
#3891 = VECTOR('',#3892,1.);
#3892 = DIRECTION('',(0.,0.,-1.));
#3893 = ORIENTED_EDGE('',*,*,#3366,.T.);
#3894 = ORIENTED_EDGE('',*,*,#3895,.T.);
#3895 = EDGE_CURVE('',#3369,#3896,#3898,.T.);
#3896 = VERTEX_POINT('',#3897);
#3897 = CARTESIAN_POINT('',(0.3,-7.92,0.9));
#3898 = LINE('',#3899,#3900);
#3899 = CARTESIAN_POINT('',(0.3,-7.92,6.7));
#3900 = VECTOR('',#3901,1.);
#3901 = DIRECTION('',(0.,0.,-1.));
#3902 = ORIENTED_EDGE('',*,*,#3903,.F.);
#3903 = EDGE_CURVE('',#3904,#3896,#3906,.T.);
#3904 = VERTEX_POINT('',#3905);
#3905 = CARTESIAN_POINT('',(0.1,-7.92,0.9));
#3906 = LINE('',#3907,#3908);
#3907 = CARTESIAN_POINT('',(-0.3,-7.92,0.9));
#3908 = VECTOR('',#3909,1.);
#3909 = DIRECTION('',(1.,4.440892098501E-16,0.));
#3910 = ORIENTED_EDGE('',*,*,#3911,.T.);
#3911 = EDGE_CURVE('',#3904,#3912,#3914,.T.);
#3912 = VERTEX_POINT('',#3913);
#3913 = CARTESIAN_POINT('',(0.1,-7.92,5.9));
#3914 = LINE('',#3915,#3916);
#3915 = CARTESIAN_POINT('',(0.1,-7.92,3.45));
#3916 = VECTOR('',#3917,1.);
#3917 = DIRECTION('',(0.,0.,1.));
#3918 = ORIENTED_EDGE('',*,*,#3919,.F.);
#3919 = EDGE_CURVE('',#3920,#3912,#3922,.T.);
#3920 = VERTEX_POINT('',#3921);
#3921 = CARTESIAN_POINT('',(-0.1,-7.92,5.9));
#3922 = LINE('',#3923,#3924);
#3923 = CARTESIAN_POINT('',(-0.1,-7.92,5.9));
#3924 = VECTOR('',#3925,1.);
#3925 = DIRECTION('',(1.,4.440892098501E-16,0.));
#3926 = ORIENTED_EDGE('',*,*,#3927,.T.);
#3927 = EDGE_CURVE('',#3920,#3928,#3930,.T.);
#3928 = VERTEX_POINT('',#3929);
#3929 = CARTESIAN_POINT('',(-0.1,-7.92,0.9));
#3930 = LINE('',#3931,#3932);
#3931 = CARTESIAN_POINT('',(-0.1,-7.92,3.45));
#3932 = VECTOR('',#3933,1.);
#3933 = DIRECTION('',(-0.,0.,-1.));
#3934 = ORIENTED_EDGE('',*,*,#3935,.F.);
#3935 = EDGE_CURVE('',#3887,#3928,#3936,.T.);
#3936 = LINE('',#3937,#3938);
#3937 = CARTESIAN_POINT('',(-0.3,-7.92,0.9));
#3938 = VECTOR('',#3939,1.);
#3939 = DIRECTION('',(1.,4.440892098501E-16,0.));
#3940 = PLANE('',#3941);
#3941 = AXIS2_PLACEMENT_3D('',#3942,#3943,#3944);
#3942 = CARTESIAN_POINT('',(-0.3,-7.92,6.7));
#3943 = DIRECTION('',(-4.440892098501E-16,1.,0.));
#3944 = DIRECTION('',(0.,0.,1.));
#3945 = ADVANCED_FACE('',(#3946),#3964,.F.);
#3946 = FACE_BOUND('',#3947,.F.);
#3947 = EDGE_LOOP('',(#3948,#3956,#3962,#3963));
#3948 = ORIENTED_EDGE('',*,*,#3949,.T.);
#3949 = EDGE_CURVE('',#3385,#3950,#3952,.T.);
#3950 = VERTEX_POINT('',#3951);
#3951 = CARTESIAN_POINT('',(-0.3,-7.32,0.9));
#3952 = LINE('',#3953,#3954);
#3953 = CARTESIAN_POINT('',(-0.3,-7.32,6.7));
#3954 = VECTOR('',#3955,1.);
#3955 = DIRECTION('',(0.,0.,-1.));
#3956 = ORIENTED_EDGE('',*,*,#3957,.T.);
#3957 = EDGE_CURVE('',#3950,#3887,#3958,.T.);
#3958 = LINE('',#3959,#3960);
#3959 = CARTESIAN_POINT('',(-0.3,-7.32,0.9));
#3960 = VECTOR('',#3961,1.);
#3961 = DIRECTION('',(4.440892098501E-16,-1.,0.));
#3962 = ORIENTED_EDGE('',*,*,#3886,.F.);
#3963 = ORIENTED_EDGE('',*,*,#3392,.F.);
#3964 = PLANE('',#3965);
#3965 = AXIS2_PLACEMENT_3D('',#3966,#3967,#3968);
#3966 = CARTESIAN_POINT('',(-0.3,-7.32,6.7));
#3967 = DIRECTION('',(-1.,-4.440892098501E-16,0.));
#3968 = DIRECTION('',(4.440892098501E-16,-1.,0.));
#3969 = ADVANCED_FACE('',(#3970),#4020,.T.);
#3970 = FACE_BOUND('',#3971,.T.);
#3971 = EDGE_LOOP('',(#3972,#3980,#3981,#3982,#3990,#3998,#4006,#4014));
#3972 = ORIENTED_EDGE('',*,*,#3973,.F.);
#3973 = EDGE_CURVE('',#3377,#3974,#3976,.T.);
#3974 = VERTEX_POINT('',#3975);
#3975 = CARTESIAN_POINT('',(0.3,-7.32,0.9));
#3976 = LINE('',#3977,#3978);
#3977 = CARTESIAN_POINT('',(0.3,-7.32,6.7));
#3978 = VECTOR('',#3979,1.);
#3979 = DIRECTION('',(0.,0.,-1.));
#3980 = ORIENTED_EDGE('',*,*,#3384,.T.);
#3981 = ORIENTED_EDGE('',*,*,#3949,.T.);
#3982 = ORIENTED_EDGE('',*,*,#3983,.F.);
#3983 = EDGE_CURVE('',#3984,#3950,#3986,.T.);
#3984 = VERTEX_POINT('',#3985);
#3985 = CARTESIAN_POINT('',(-0.1,-7.32,0.9));
#3986 = LINE('',#3987,#3988);
#3987 = CARTESIAN_POINT('',(0.3,-7.32,0.9));
#3988 = VECTOR('',#3989,1.);
#3989 = DIRECTION('',(-1.,-4.440892098501E-16,0.));
#3990 = ORIENTED_EDGE('',*,*,#3991,.T.);
#3991 = EDGE_CURVE('',#3984,#3992,#3994,.T.);
#3992 = VERTEX_POINT('',#3993);
#3993 = CARTESIAN_POINT('',(-0.1,-7.32,5.9));
#3994 = LINE('',#3995,#3996);
#3995 = CARTESIAN_POINT('',(-0.1,-7.32,3.45));
#3996 = VECTOR('',#3997,1.);
#3997 = DIRECTION('',(0.,0.,1.));
#3998 = ORIENTED_EDGE('',*,*,#3999,.T.);
#3999 = EDGE_CURVE('',#3992,#4000,#4002,.T.);
#4000 = VERTEX_POINT('',#4001);
#4001 = CARTESIAN_POINT('',(0.1,-7.32,5.9));
#4002 = LINE('',#4003,#4004);
#4003 = CARTESIAN_POINT('',(-0.1,-7.32,5.9));
#4004 = VECTOR('',#4005,1.);
#4005 = DIRECTION('',(1.,4.440892098501E-16,0.));
#4006 = ORIENTED_EDGE('',*,*,#4007,.T.);
#4007 = EDGE_CURVE('',#4000,#4008,#4010,.T.);
#4008 = VERTEX_POINT('',#4009);
#4009 = CARTESIAN_POINT('',(0.1,-7.32,0.9));
#4010 = LINE('',#4011,#4012);
#4011 = CARTESIAN_POINT('',(0.1,-7.32,3.45));
#4012 = VECTOR('',#4013,1.);
#4013 = DIRECTION('',(-0.,0.,-1.));
#4014 = ORIENTED_EDGE('',*,*,#4015,.F.);
#4015 = EDGE_CURVE('',#3974,#4008,#4016,.T.);
#4016 = LINE('',#4017,#4018);
#4017 = CARTESIAN_POINT('',(0.3,-7.32,0.9));
#4018 = VECTOR('',#4019,1.);
#4019 = DIRECTION('',(-1.,-4.440892098501E-16,0.));
#4020 = PLANE('',#4021);
#4021 = AXIS2_PLACEMENT_3D('',#4022,#4023,#4024);
#4022 = CARTESIAN_POINT('',(0.3,-7.32,6.7));
#4023 = DIRECTION('',(4.440892098501E-16,-1.,0.));
#4024 = DIRECTION('',(0.,-0.,-1.));
#4025 = ADVANCED_FACE('',(#4026),#4037,.F.);
#4026 = FACE_BOUND('',#4027,.F.);
#4027 = EDGE_LOOP('',(#4028,#4029,#4035,#4036));
#4028 = ORIENTED_EDGE('',*,*,#3895,.T.);
#4029 = ORIENTED_EDGE('',*,*,#4030,.T.);
#4030 = EDGE_CURVE('',#3896,#3974,#4031,.T.);
#4031 = LINE('',#4032,#4033);
#4032 = CARTESIAN_POINT('',(0.3,-7.92,0.9));
#4033 = VECTOR('',#4034,1.);
#4034 = DIRECTION('',(-4.440892098501E-16,1.,0.));
#4035 = ORIENTED_EDGE('',*,*,#3973,.F.);
#4036 = ORIENTED_EDGE('',*,*,#3376,.F.);
#4037 = PLANE('',#4038);
#4038 = AXIS2_PLACEMENT_3D('',#4039,#4040,#4041);
#4039 = CARTESIAN_POINT('',(0.3,-7.92,6.7));
#4040 = DIRECTION('',(1.,4.440892098501E-16,0.));
#4041 = DIRECTION('',(-4.440892098501E-16,1.,0.));
#4042 = ADVANCED_FACE('',(#4043),#4054,.F.);
#4043 = FACE_BOUND('',#4044,.F.);
#4044 = EDGE_LOOP('',(#4045,#4051,#4052,#4053));
#4045 = ORIENTED_EDGE('',*,*,#4046,.T.);
#4046 = EDGE_CURVE('',#3504,#3448,#4047,.T.);
#4047 = LINE('',#4048,#4049);
#4048 = CARTESIAN_POINT('',(-0.1,-2.24,0.9));
#4049 = VECTOR('',#4050,1.);
#4050 = DIRECTION('',(4.440892098501E-16,-1.,0.));
#4051 = ORIENTED_EDGE('',*,*,#3455,.F.);
#4052 = ORIENTED_EDGE('',*,*,#3477,.F.);
#4053 = ORIENTED_EDGE('',*,*,#3503,.F.);
#4054 = PLANE('',#4055);
#4055 = AXIS2_PLACEMENT_3D('',#4056,#4057,#4058);
#4056 = CARTESIAN_POINT('',(0.3,-2.84,0.9));
#4057 = DIRECTION('',(-0.,0.,-1.));
#4058 = DIRECTION('',(4.440892098501E-16,-1.,-0.));
#4059 = ADVANCED_FACE('',(#4060),#4103,.F.);
#4060 = FACE_BOUND('',#4061,.F.);
#4061 = EDGE_LOOP('',(#4062,#4063,#4064,#4072,#4080,#4088,#4096,#4102));
#4062 = ORIENTED_EDGE('',*,*,#4046,.F.);
#4063 = ORIENTED_EDGE('',*,*,#3511,.T.);
#4064 = ORIENTED_EDGE('',*,*,#4065,.F.);
#4065 = EDGE_CURVE('',#4066,#3512,#4068,.T.);
#4066 = VERTEX_POINT('',#4067);
#4067 = CARTESIAN_POINT('',(-0.1,-2.29,5.85));
#4068 = LINE('',#4069,#4070);
#4069 = CARTESIAN_POINT('',(-0.1,-2.29,5.85));
#4070 = VECTOR('',#4071,1.);
#4071 = DIRECTION('',(-3.140184917366E-16,0.707106781187,0.707106781187)
  );
#4072 = ORIENTED_EDGE('',*,*,#4073,.F.);
#4073 = EDGE_CURVE('',#4074,#4066,#4076,.T.);
#4074 = VERTEX_POINT('',#4075);
#4075 = CARTESIAN_POINT('',(-0.1,-2.29,1.25));
#4076 = LINE('',#4077,#4078);
#4077 = CARTESIAN_POINT('',(-0.1,-2.29,1.25));
#4078 = VECTOR('',#4079,1.);
#4079 = DIRECTION('',(0.,0.,1.));
#4080 = ORIENTED_EDGE('',*,*,#4081,.F.);
#4081 = EDGE_CURVE('',#4082,#4074,#4084,.T.);
#4082 = VERTEX_POINT('',#4083);
#4083 = CARTESIAN_POINT('',(-0.1,-2.79,1.25));
#4084 = LINE('',#4085,#4086);
#4085 = CARTESIAN_POINT('',(-0.1,-2.79,1.25));
#4086 = VECTOR('',#4087,1.);
#4087 = DIRECTION('',(-4.440892098501E-16,1.,0.));
#4088 = ORIENTED_EDGE('',*,*,#4089,.F.);
#4089 = EDGE_CURVE('',#4090,#4082,#4092,.T.);
#4090 = VERTEX_POINT('',#4091);
#4091 = CARTESIAN_POINT('',(-0.1,-2.79,5.85));
#4092 = LINE('',#4093,#4094);
#4093 = CARTESIAN_POINT('',(-0.1,-2.79,5.85));
#4094 = VECTOR('',#4095,1.);
#4095 = DIRECTION('',(-0.,0.,-1.));
#4096 = ORIENTED_EDGE('',*,*,#4097,.F.);
#4097 = EDGE_CURVE('',#3440,#4090,#4098,.T.);
#4098 = LINE('',#4099,#4100);
#4099 = CARTESIAN_POINT('',(-0.1,-2.84,5.9));
#4100 = VECTOR('',#4101,1.);
#4101 = DIRECTION('',(-3.140184917366E-16,0.707106781187,-0.707106781187
    ));
#4102 = ORIENTED_EDGE('',*,*,#3447,.T.);
#4103 = PLANE('',#4104);
#4104 = AXIS2_PLACEMENT_3D('',#4105,#4106,#4107);
#4105 = CARTESIAN_POINT('',(-0.1,-2.24,0.2));
#4106 = DIRECTION('',(1.,4.440892098501E-16,0.));
#4107 = DIRECTION('',(0.,0.,-1.));
#4108 = ADVANCED_FACE('',(#4109),#4127,.T.);
#4109 = FACE_BOUND('',#4110,.T.);
#4110 = EDGE_LOOP('',(#4111,#4112,#4120,#4126));
#4111 = ORIENTED_EDGE('',*,*,#3439,.T.);
#4112 = ORIENTED_EDGE('',*,*,#4113,.T.);
#4113 = EDGE_CURVE('',#3432,#4114,#4116,.T.);
#4114 = VERTEX_POINT('',#4115);
#4115 = CARTESIAN_POINT('',(0.1,-2.79,5.85));
#4116 = LINE('',#4117,#4118);
#4117 = CARTESIAN_POINT('',(0.1,-2.84,5.9));
#4118 = VECTOR('',#4119,1.);
#4119 = DIRECTION('',(-3.140184917366E-16,0.707106781187,-0.707106781187
    ));
#4120 = ORIENTED_EDGE('',*,*,#4121,.F.);
#4121 = EDGE_CURVE('',#4090,#4114,#4122,.T.);
#4122 = LINE('',#4123,#4124);
#4123 = CARTESIAN_POINT('',(-0.1,-2.79,5.85));
#4124 = VECTOR('',#4125,1.);
#4125 = DIRECTION('',(1.,4.440892098501E-16,0.));
#4126 = ORIENTED_EDGE('',*,*,#4097,.F.);
#4127 = PLANE('',#4128);
#4128 = AXIS2_PLACEMENT_3D('',#4129,#4130,#4131);
#4129 = CARTESIAN_POINT('',(-0.1,-2.84,5.9));
#4130 = DIRECTION('',(-3.140184917366E-16,0.707106781187,0.707106781187)
  );
#4131 = DIRECTION('',(-3.140184917366E-16,0.707106781187,-0.707106781187
    ));
#4132 = ADVANCED_FACE('',(#4133),#4174,.F.);
#4133 = FACE_BOUND('',#4134,.F.);
#4134 = EDGE_LOOP('',(#4135,#4136,#4142,#4143,#4144,#4152,#4160,#4168));
#4135 = ORIENTED_EDGE('',*,*,#3527,.T.);
#4136 = ORIENTED_EDGE('',*,*,#4137,.F.);
#4137 = EDGE_CURVE('',#3424,#3528,#4138,.T.);
#4138 = LINE('',#4139,#4140);
#4139 = CARTESIAN_POINT('',(0.1,-2.84,0.9));
#4140 = VECTOR('',#4141,1.);
#4141 = DIRECTION('',(-4.440892098501E-16,1.,0.));
#4142 = ORIENTED_EDGE('',*,*,#3431,.T.);
#4143 = ORIENTED_EDGE('',*,*,#4113,.T.);
#4144 = ORIENTED_EDGE('',*,*,#4145,.T.);
#4145 = EDGE_CURVE('',#4114,#4146,#4148,.T.);
#4146 = VERTEX_POINT('',#4147);
#4147 = CARTESIAN_POINT('',(0.1,-2.79,1.25));
#4148 = LINE('',#4149,#4150);
#4149 = CARTESIAN_POINT('',(0.1,-2.79,5.85));
#4150 = VECTOR('',#4151,1.);
#4151 = DIRECTION('',(-0.,0.,-1.));
#4152 = ORIENTED_EDGE('',*,*,#4153,.T.);
#4153 = EDGE_CURVE('',#4146,#4154,#4156,.T.);
#4154 = VERTEX_POINT('',#4155);
#4155 = CARTESIAN_POINT('',(0.1,-2.29,1.25));
#4156 = LINE('',#4157,#4158);
#4157 = CARTESIAN_POINT('',(0.1,-2.79,1.25));
#4158 = VECTOR('',#4159,1.);
#4159 = DIRECTION('',(-4.440892098501E-16,1.,0.));
#4160 = ORIENTED_EDGE('',*,*,#4161,.T.);
#4161 = EDGE_CURVE('',#4154,#4162,#4164,.T.);
#4162 = VERTEX_POINT('',#4163);
#4163 = CARTESIAN_POINT('',(0.1,-2.29,5.85));
#4164 = LINE('',#4165,#4166);
#4165 = CARTESIAN_POINT('',(0.1,-2.29,1.25));
#4166 = VECTOR('',#4167,1.);
#4167 = DIRECTION('',(0.,0.,1.));
#4168 = ORIENTED_EDGE('',*,*,#4169,.T.);
#4169 = EDGE_CURVE('',#4162,#3520,#4170,.T.);
#4170 = LINE('',#4171,#4172);
#4171 = CARTESIAN_POINT('',(0.1,-2.29,5.85));
#4172 = VECTOR('',#4173,1.);
#4173 = DIRECTION('',(-3.140184917366E-16,0.707106781187,0.707106781187)
  );
#4174 = PLANE('',#4175);
#4175 = AXIS2_PLACEMENT_3D('',#4176,#4177,#4178);
#4176 = CARTESIAN_POINT('',(0.1,-2.24,0.2));
#4177 = DIRECTION('',(-1.,-4.440892098501E-16,0.));
#4178 = DIRECTION('',(0.,0.,1.));
#4179 = ADVANCED_FACE('',(#4180),#4186,.F.);
#4180 = FACE_BOUND('',#4181,.F.);
#4181 = EDGE_LOOP('',(#4182,#4183,#4184,#4185));
#4182 = ORIENTED_EDGE('',*,*,#3550,.F.);
#4183 = ORIENTED_EDGE('',*,*,#3423,.F.);
#4184 = ORIENTED_EDGE('',*,*,#4137,.T.);
#4185 = ORIENTED_EDGE('',*,*,#3535,.F.);
#4186 = PLANE('',#4187);
#4187 = AXIS2_PLACEMENT_3D('',#4188,#4189,#4190);
#4188 = CARTESIAN_POINT('',(0.3,-2.84,0.9));
#4189 = DIRECTION('',(-0.,0.,-1.));
#4190 = DIRECTION('',(4.440892098501E-16,-1.,-0.));
#4191 = ADVANCED_FACE('',(#4192),#4203,.T.);
#4192 = FACE_BOUND('',#4193,.T.);
#4193 = EDGE_LOOP('',(#4194,#4200,#4201,#4202));
#4194 = ORIENTED_EDGE('',*,*,#4195,.T.);
#4195 = EDGE_CURVE('',#4066,#4162,#4196,.T.);
#4196 = LINE('',#4197,#4198);
#4197 = CARTESIAN_POINT('',(-0.1,-2.29,5.85));
#4198 = VECTOR('',#4199,1.);
#4199 = DIRECTION('',(1.,4.440892098501E-16,0.));
#4200 = ORIENTED_EDGE('',*,*,#4169,.T.);
#4201 = ORIENTED_EDGE('',*,*,#3519,.F.);
#4202 = ORIENTED_EDGE('',*,*,#4065,.F.);
#4203 = PLANE('',#4204);
#4204 = AXIS2_PLACEMENT_3D('',#4205,#4206,#4207);
#4205 = CARTESIAN_POINT('',(-0.1,-2.29,5.85));
#4206 = DIRECTION('',(3.140184917366E-16,-0.707106781187,0.707106781187)
  );
#4207 = DIRECTION('',(-3.140184917366E-16,0.707106781187,0.707106781187)
  );
#4208 = ADVANCED_FACE('',(#4209),#4220,.F.);
#4209 = FACE_BOUND('',#4210,.F.);
#4210 = EDGE_LOOP('',(#4211,#4217,#4218,#4219));
#4211 = ORIENTED_EDGE('',*,*,#4212,.T.);
#4212 = EDGE_CURVE('',#3664,#3608,#4213,.T.);
#4213 = LINE('',#4214,#4215);
#4214 = CARTESIAN_POINT('',(-0.1,-4.78,0.9));
#4215 = VECTOR('',#4216,1.);
#4216 = DIRECTION('',(4.440892098501E-16,-1.,0.));
#4217 = ORIENTED_EDGE('',*,*,#3615,.F.);
#4218 = ORIENTED_EDGE('',*,*,#3637,.F.);
#4219 = ORIENTED_EDGE('',*,*,#3663,.F.);
#4220 = PLANE('',#4221);
#4221 = AXIS2_PLACEMENT_3D('',#4222,#4223,#4224);
#4222 = CARTESIAN_POINT('',(0.3,-5.38,0.9));
#4223 = DIRECTION('',(-0.,0.,-1.));
#4224 = DIRECTION('',(4.440892098501E-16,-1.,-0.));
#4225 = ADVANCED_FACE('',(#4226),#4269,.F.);
#4226 = FACE_BOUND('',#4227,.F.);
#4227 = EDGE_LOOP('',(#4228,#4229,#4230,#4238,#4246,#4254,#4262,#4268));
#4228 = ORIENTED_EDGE('',*,*,#4212,.F.);
#4229 = ORIENTED_EDGE('',*,*,#3671,.T.);
#4230 = ORIENTED_EDGE('',*,*,#4231,.F.);
#4231 = EDGE_CURVE('',#4232,#3672,#4234,.T.);
#4232 = VERTEX_POINT('',#4233);
#4233 = CARTESIAN_POINT('',(-0.1,-4.83,5.85));
#4234 = LINE('',#4235,#4236);
#4235 = CARTESIAN_POINT('',(-0.1,-4.83,5.85));
#4236 = VECTOR('',#4237,1.);
#4237 = DIRECTION('',(-3.140184917366E-16,0.707106781187,0.707106781187)
  );
#4238 = ORIENTED_EDGE('',*,*,#4239,.F.);
#4239 = EDGE_CURVE('',#4240,#4232,#4242,.T.);
#4240 = VERTEX_POINT('',#4241);
#4241 = CARTESIAN_POINT('',(-0.1,-4.83,1.25));
#4242 = LINE('',#4243,#4244);
#4243 = CARTESIAN_POINT('',(-0.1,-4.83,1.25));
#4244 = VECTOR('',#4245,1.);
#4245 = DIRECTION('',(0.,0.,1.));
#4246 = ORIENTED_EDGE('',*,*,#4247,.F.);
#4247 = EDGE_CURVE('',#4248,#4240,#4250,.T.);
#4248 = VERTEX_POINT('',#4249);
#4249 = CARTESIAN_POINT('',(-0.1,-5.33,1.25));
#4250 = LINE('',#4251,#4252);
#4251 = CARTESIAN_POINT('',(-0.1,-5.33,1.25));
#4252 = VECTOR('',#4253,1.);
#4253 = DIRECTION('',(-4.440892098501E-16,1.,0.));
#4254 = ORIENTED_EDGE('',*,*,#4255,.F.);
#4255 = EDGE_CURVE('',#4256,#4248,#4258,.T.);
#4256 = VERTEX_POINT('',#4257);
#4257 = CARTESIAN_POINT('',(-0.1,-5.33,5.85));
#4258 = LINE('',#4259,#4260);
#4259 = CARTESIAN_POINT('',(-0.1,-5.33,5.85));
#4260 = VECTOR('',#4261,1.);
#4261 = DIRECTION('',(-0.,0.,-1.));
#4262 = ORIENTED_EDGE('',*,*,#4263,.F.);
#4263 = EDGE_CURVE('',#3600,#4256,#4264,.T.);
#4264 = LINE('',#4265,#4266);
#4265 = CARTESIAN_POINT('',(-0.1,-5.38,5.9));
#4266 = VECTOR('',#4267,1.);
#4267 = DIRECTION('',(-3.140184917366E-16,0.707106781187,-0.707106781187
    ));
#4268 = ORIENTED_EDGE('',*,*,#3607,.T.);
#4269 = PLANE('',#4270);
#4270 = AXIS2_PLACEMENT_3D('',#4271,#4272,#4273);
#4271 = CARTESIAN_POINT('',(-0.1,-4.78,0.2));
#4272 = DIRECTION('',(1.,4.440892098501E-16,0.));
#4273 = DIRECTION('',(0.,0.,-1.));
#4274 = ADVANCED_FACE('',(#4275),#4293,.T.);
#4275 = FACE_BOUND('',#4276,.T.);
#4276 = EDGE_LOOP('',(#4277,#4278,#4286,#4292));
#4277 = ORIENTED_EDGE('',*,*,#3599,.T.);
#4278 = ORIENTED_EDGE('',*,*,#4279,.T.);
#4279 = EDGE_CURVE('',#3592,#4280,#4282,.T.);
#4280 = VERTEX_POINT('',#4281);
#4281 = CARTESIAN_POINT('',(0.1,-5.33,5.85));
#4282 = LINE('',#4283,#4284);
#4283 = CARTESIAN_POINT('',(0.1,-5.38,5.9));
#4284 = VECTOR('',#4285,1.);
#4285 = DIRECTION('',(-3.140184917366E-16,0.707106781187,-0.707106781187
    ));
#4286 = ORIENTED_EDGE('',*,*,#4287,.F.);
#4287 = EDGE_CURVE('',#4256,#4280,#4288,.T.);
#4288 = LINE('',#4289,#4290);
#4289 = CARTESIAN_POINT('',(-0.1,-5.33,5.85));
#4290 = VECTOR('',#4291,1.);
#4291 = DIRECTION('',(1.,4.440892098501E-16,0.));
#4292 = ORIENTED_EDGE('',*,*,#4263,.F.);
#4293 = PLANE('',#4294);
#4294 = AXIS2_PLACEMENT_3D('',#4295,#4296,#4297);
#4295 = CARTESIAN_POINT('',(-0.1,-5.38,5.9));
#4296 = DIRECTION('',(-3.140184917366E-16,0.707106781187,0.707106781187)
  );
#4297 = DIRECTION('',(-3.140184917366E-16,0.707106781187,-0.707106781187
    ));
#4298 = ADVANCED_FACE('',(#4299),#4340,.F.);
#4299 = FACE_BOUND('',#4300,.F.);
#4300 = EDGE_LOOP('',(#4301,#4302,#4308,#4309,#4310,#4318,#4326,#4334));
#4301 = ORIENTED_EDGE('',*,*,#3687,.T.);
#4302 = ORIENTED_EDGE('',*,*,#4303,.F.);
#4303 = EDGE_CURVE('',#3584,#3688,#4304,.T.);
#4304 = LINE('',#4305,#4306);
#4305 = CARTESIAN_POINT('',(0.1,-5.38,0.9));
#4306 = VECTOR('',#4307,1.);
#4307 = DIRECTION('',(-4.440892098501E-16,1.,0.));
#4308 = ORIENTED_EDGE('',*,*,#3591,.T.);
#4309 = ORIENTED_EDGE('',*,*,#4279,.T.);
#4310 = ORIENTED_EDGE('',*,*,#4311,.T.);
#4311 = EDGE_CURVE('',#4280,#4312,#4314,.T.);
#4312 = VERTEX_POINT('',#4313);
#4313 = CARTESIAN_POINT('',(0.1,-5.33,1.25));
#4314 = LINE('',#4315,#4316);
#4315 = CARTESIAN_POINT('',(0.1,-5.33,5.85));
#4316 = VECTOR('',#4317,1.);
#4317 = DIRECTION('',(-0.,0.,-1.));
#4318 = ORIENTED_EDGE('',*,*,#4319,.T.);
#4319 = EDGE_CURVE('',#4312,#4320,#4322,.T.);
#4320 = VERTEX_POINT('',#4321);
#4321 = CARTESIAN_POINT('',(0.1,-4.83,1.25));
#4322 = LINE('',#4323,#4324);
#4323 = CARTESIAN_POINT('',(0.1,-5.33,1.25));
#4324 = VECTOR('',#4325,1.);
#4325 = DIRECTION('',(-4.440892098501E-16,1.,0.));
#4326 = ORIENTED_EDGE('',*,*,#4327,.T.);
#4327 = EDGE_CURVE('',#4320,#4328,#4330,.T.);
#4328 = VERTEX_POINT('',#4329);
#4329 = CARTESIAN_POINT('',(0.1,-4.83,5.85));
#4330 = LINE('',#4331,#4332);
#4331 = CARTESIAN_POINT('',(0.1,-4.83,1.25));
#4332 = VECTOR('',#4333,1.);
#4333 = DIRECTION('',(0.,0.,1.));
#4334 = ORIENTED_EDGE('',*,*,#4335,.T.);
#4335 = EDGE_CURVE('',#4328,#3680,#4336,.T.);
#4336 = LINE('',#4337,#4338);
#4337 = CARTESIAN_POINT('',(0.1,-4.83,5.85));
#4338 = VECTOR('',#4339,1.);
#4339 = DIRECTION('',(-3.140184917366E-16,0.707106781187,0.707106781187)
  );
#4340 = PLANE('',#4341);
#4341 = AXIS2_PLACEMENT_3D('',#4342,#4343,#4344);
#4342 = CARTESIAN_POINT('',(0.1,-4.78,0.2));
#4343 = DIRECTION('',(-1.,-4.440892098501E-16,0.));
#4344 = DIRECTION('',(0.,0.,1.));
#4345 = ADVANCED_FACE('',(#4346),#4352,.F.);
#4346 = FACE_BOUND('',#4347,.F.);
#4347 = EDGE_LOOP('',(#4348,#4349,#4350,#4351));
#4348 = ORIENTED_EDGE('',*,*,#3710,.F.);
#4349 = ORIENTED_EDGE('',*,*,#3583,.F.);
#4350 = ORIENTED_EDGE('',*,*,#4303,.T.);
#4351 = ORIENTED_EDGE('',*,*,#3695,.F.);
#4352 = PLANE('',#4353);
#4353 = AXIS2_PLACEMENT_3D('',#4354,#4355,#4356);
#4354 = CARTESIAN_POINT('',(0.3,-5.38,0.9));
#4355 = DIRECTION('',(-0.,0.,-1.));
#4356 = DIRECTION('',(4.440892098501E-16,-1.,-0.));
#4357 = ADVANCED_FACE('',(#4358),#4369,.T.);
#4358 = FACE_BOUND('',#4359,.T.);
#4359 = EDGE_LOOP('',(#4360,#4366,#4367,#4368));
#4360 = ORIENTED_EDGE('',*,*,#4361,.T.);
#4361 = EDGE_CURVE('',#4232,#4328,#4362,.T.);
#4362 = LINE('',#4363,#4364);
#4363 = CARTESIAN_POINT('',(-0.1,-4.83,5.85));
#4364 = VECTOR('',#4365,1.);
#4365 = DIRECTION('',(1.,4.440892098501E-16,0.));
#4366 = ORIENTED_EDGE('',*,*,#4335,.T.);
#4367 = ORIENTED_EDGE('',*,*,#3679,.F.);
#4368 = ORIENTED_EDGE('',*,*,#4231,.F.);
#4369 = PLANE('',#4370);
#4370 = AXIS2_PLACEMENT_3D('',#4371,#4372,#4373);
#4371 = CARTESIAN_POINT('',(-0.1,-4.83,5.85));
#4372 = DIRECTION('',(3.140184917366E-16,-0.707106781187,0.707106781187)
  );
#4373 = DIRECTION('',(-3.140184917366E-16,0.707106781187,0.707106781187)
  );
#4374 = ADVANCED_FACE('',(#4375),#4386,.F.);
#4375 = FACE_BOUND('',#4376,.F.);
#4376 = EDGE_LOOP('',(#4377,#4383,#4384,#4385));
#4377 = ORIENTED_EDGE('',*,*,#4378,.T.);
#4378 = EDGE_CURVE('',#3824,#3768,#4379,.T.);
#4379 = LINE('',#4380,#4381);
#4380 = CARTESIAN_POINT('',(-0.1,0.3,0.9));
#4381 = VECTOR('',#4382,1.);
#4382 = DIRECTION('',(4.440892098501E-16,-1.,0.));
#4383 = ORIENTED_EDGE('',*,*,#3775,.F.);
#4384 = ORIENTED_EDGE('',*,*,#3797,.F.);
#4385 = ORIENTED_EDGE('',*,*,#3823,.F.);
#4386 = PLANE('',#4387);
#4387 = AXIS2_PLACEMENT_3D('',#4388,#4389,#4390);
#4388 = CARTESIAN_POINT('',(0.3,-0.3,0.9));
#4389 = DIRECTION('',(-0.,0.,-1.));
#4390 = DIRECTION('',(4.440892098501E-16,-1.,-0.));
#4391 = ADVANCED_FACE('',(#4392),#4435,.F.);
#4392 = FACE_BOUND('',#4393,.F.);
#4393 = EDGE_LOOP('',(#4394,#4395,#4396,#4404,#4412,#4420,#4428,#4434));
#4394 = ORIENTED_EDGE('',*,*,#4378,.F.);
#4395 = ORIENTED_EDGE('',*,*,#3831,.T.);
#4396 = ORIENTED_EDGE('',*,*,#4397,.F.);
#4397 = EDGE_CURVE('',#4398,#3832,#4400,.T.);
#4398 = VERTEX_POINT('',#4399);
#4399 = CARTESIAN_POINT('',(-0.1,0.25,5.85));
#4400 = LINE('',#4401,#4402);
#4401 = CARTESIAN_POINT('',(-0.1,0.25,5.85));
#4402 = VECTOR('',#4403,1.);
#4403 = DIRECTION('',(-3.140184917366E-16,0.707106781187,0.707106781187)
  );
#4404 = ORIENTED_EDGE('',*,*,#4405,.F.);
#4405 = EDGE_CURVE('',#4406,#4398,#4408,.T.);
#4406 = VERTEX_POINT('',#4407);
#4407 = CARTESIAN_POINT('',(-0.1,0.25,1.25));
#4408 = LINE('',#4409,#4410);
#4409 = CARTESIAN_POINT('',(-0.1,0.25,1.25));
#4410 = VECTOR('',#4411,1.);
#4411 = DIRECTION('',(0.,0.,1.));
#4412 = ORIENTED_EDGE('',*,*,#4413,.F.);
#4413 = EDGE_CURVE('',#4414,#4406,#4416,.T.);
#4414 = VERTEX_POINT('',#4415);
#4415 = CARTESIAN_POINT('',(-0.1,-0.25,1.25));
#4416 = LINE('',#4417,#4418);
#4417 = CARTESIAN_POINT('',(-0.1,-0.25,1.25));
#4418 = VECTOR('',#4419,1.);
#4419 = DIRECTION('',(-4.440892098501E-16,1.,0.));
#4420 = ORIENTED_EDGE('',*,*,#4421,.F.);
#4421 = EDGE_CURVE('',#4422,#4414,#4424,.T.);
#4422 = VERTEX_POINT('',#4423);
#4423 = CARTESIAN_POINT('',(-0.1,-0.25,5.85));
#4424 = LINE('',#4425,#4426);
#4425 = CARTESIAN_POINT('',(-0.1,-0.25,5.85));
#4426 = VECTOR('',#4427,1.);
#4427 = DIRECTION('',(-0.,0.,-1.));
#4428 = ORIENTED_EDGE('',*,*,#4429,.F.);
#4429 = EDGE_CURVE('',#3760,#4422,#4430,.T.);
#4430 = LINE('',#4431,#4432);
#4431 = CARTESIAN_POINT('',(-0.1,-0.3,5.9));
#4432 = VECTOR('',#4433,1.);
#4433 = DIRECTION('',(-3.140184917366E-16,0.707106781187,-0.707106781187
    ));
#4434 = ORIENTED_EDGE('',*,*,#3767,.T.);
#4435 = PLANE('',#4436);
#4436 = AXIS2_PLACEMENT_3D('',#4437,#4438,#4439);
#4437 = CARTESIAN_POINT('',(-0.1,0.3,0.2));
#4438 = DIRECTION('',(1.,4.440892098501E-16,0.));
#4439 = DIRECTION('',(0.,0.,-1.));
#4440 = ADVANCED_FACE('',(#4441),#4459,.T.);
#4441 = FACE_BOUND('',#4442,.T.);
#4442 = EDGE_LOOP('',(#4443,#4444,#4452,#4458));
#4443 = ORIENTED_EDGE('',*,*,#3759,.T.);
#4444 = ORIENTED_EDGE('',*,*,#4445,.T.);
#4445 = EDGE_CURVE('',#3752,#4446,#4448,.T.);
#4446 = VERTEX_POINT('',#4447);
#4447 = CARTESIAN_POINT('',(0.1,-0.25,5.85));
#4448 = LINE('',#4449,#4450);
#4449 = CARTESIAN_POINT('',(0.1,-0.3,5.9));
#4450 = VECTOR('',#4451,1.);
#4451 = DIRECTION('',(-3.140184917366E-16,0.707106781187,-0.707106781187
    ));
#4452 = ORIENTED_EDGE('',*,*,#4453,.F.);
#4453 = EDGE_CURVE('',#4422,#4446,#4454,.T.);
#4454 = LINE('',#4455,#4456);
#4455 = CARTESIAN_POINT('',(-0.1,-0.25,5.85));
#4456 = VECTOR('',#4457,1.);
#4457 = DIRECTION('',(1.,4.440892098501E-16,0.));
#4458 = ORIENTED_EDGE('',*,*,#4429,.F.);
#4459 = PLANE('',#4460);
#4460 = AXIS2_PLACEMENT_3D('',#4461,#4462,#4463);
#4461 = CARTESIAN_POINT('',(-0.1,-0.3,5.9));
#4462 = DIRECTION('',(-3.140184917366E-16,0.707106781187,0.707106781187)
  );
#4463 = DIRECTION('',(-3.140184917366E-16,0.707106781187,-0.707106781187
    ));
#4464 = ADVANCED_FACE('',(#4465),#4506,.F.);
#4465 = FACE_BOUND('',#4466,.F.);
#4466 = EDGE_LOOP('',(#4467,#4468,#4474,#4475,#4476,#4484,#4492,#4500));
#4467 = ORIENTED_EDGE('',*,*,#3847,.T.);
#4468 = ORIENTED_EDGE('',*,*,#4469,.F.);
#4469 = EDGE_CURVE('',#3744,#3848,#4470,.T.);
#4470 = LINE('',#4471,#4472);
#4471 = CARTESIAN_POINT('',(0.1,-0.3,0.9));
#4472 = VECTOR('',#4473,1.);
#4473 = DIRECTION('',(-4.440892098501E-16,1.,0.));
#4474 = ORIENTED_EDGE('',*,*,#3751,.T.);
#4475 = ORIENTED_EDGE('',*,*,#4445,.T.);
#4476 = ORIENTED_EDGE('',*,*,#4477,.T.);
#4477 = EDGE_CURVE('',#4446,#4478,#4480,.T.);
#4478 = VERTEX_POINT('',#4479);
#4479 = CARTESIAN_POINT('',(0.1,-0.25,1.25));
#4480 = LINE('',#4481,#4482);
#4481 = CARTESIAN_POINT('',(0.1,-0.25,5.85));
#4482 = VECTOR('',#4483,1.);
#4483 = DIRECTION('',(-0.,0.,-1.));
#4484 = ORIENTED_EDGE('',*,*,#4485,.T.);
#4485 = EDGE_CURVE('',#4478,#4486,#4488,.T.);
#4486 = VERTEX_POINT('',#4487);
#4487 = CARTESIAN_POINT('',(0.1,0.25,1.25));
#4488 = LINE('',#4489,#4490);
#4489 = CARTESIAN_POINT('',(0.1,-0.25,1.25));
#4490 = VECTOR('',#4491,1.);
#4491 = DIRECTION('',(-4.440892098501E-16,1.,0.));
#4492 = ORIENTED_EDGE('',*,*,#4493,.T.);
#4493 = EDGE_CURVE('',#4486,#4494,#4496,.T.);
#4494 = VERTEX_POINT('',#4495);
#4495 = CARTESIAN_POINT('',(0.1,0.25,5.85));
#4496 = LINE('',#4497,#4498);
#4497 = CARTESIAN_POINT('',(0.1,0.25,1.25));
#4498 = VECTOR('',#4499,1.);
#4499 = DIRECTION('',(0.,0.,1.));
#4500 = ORIENTED_EDGE('',*,*,#4501,.T.);
#4501 = EDGE_CURVE('',#4494,#3840,#4502,.T.);
#4502 = LINE('',#4503,#4504);
#4503 = CARTESIAN_POINT('',(0.1,0.25,5.85));
#4504 = VECTOR('',#4505,1.);
#4505 = DIRECTION('',(-3.140184917366E-16,0.707106781187,0.707106781187)
  );
#4506 = PLANE('',#4507);
#4507 = AXIS2_PLACEMENT_3D('',#4508,#4509,#4510);
#4508 = CARTESIAN_POINT('',(0.1,0.3,0.2));
#4509 = DIRECTION('',(-1.,-4.440892098501E-16,0.));
#4510 = DIRECTION('',(0.,0.,1.));
#4511 = ADVANCED_FACE('',(#4512),#4518,.F.);
#4512 = FACE_BOUND('',#4513,.F.);
#4513 = EDGE_LOOP('',(#4514,#4515,#4516,#4517));
#4514 = ORIENTED_EDGE('',*,*,#3870,.F.);
#4515 = ORIENTED_EDGE('',*,*,#3743,.F.);
#4516 = ORIENTED_EDGE('',*,*,#4469,.T.);
#4517 = ORIENTED_EDGE('',*,*,#3855,.F.);
#4518 = PLANE('',#4519);
#4519 = AXIS2_PLACEMENT_3D('',#4520,#4521,#4522);
#4520 = CARTESIAN_POINT('',(0.3,-0.3,0.9));
#4521 = DIRECTION('',(-0.,0.,-1.));
#4522 = DIRECTION('',(4.440892098501E-16,-1.,-0.));
#4523 = ADVANCED_FACE('',(#4524),#4535,.T.);
#4524 = FACE_BOUND('',#4525,.T.);
#4525 = EDGE_LOOP('',(#4526,#4532,#4533,#4534));
#4526 = ORIENTED_EDGE('',*,*,#4527,.T.);
#4527 = EDGE_CURVE('',#4398,#4494,#4528,.T.);
#4528 = LINE('',#4529,#4530);
#4529 = CARTESIAN_POINT('',(-0.1,0.25,5.85));
#4530 = VECTOR('',#4531,1.);
#4531 = DIRECTION('',(1.,4.440892098501E-16,0.));
#4532 = ORIENTED_EDGE('',*,*,#4501,.T.);
#4533 = ORIENTED_EDGE('',*,*,#3839,.F.);
#4534 = ORIENTED_EDGE('',*,*,#4397,.F.);
#4535 = PLANE('',#4536);
#4536 = AXIS2_PLACEMENT_3D('',#4537,#4538,#4539);
#4537 = CARTESIAN_POINT('',(-0.1,0.25,5.85));
#4538 = DIRECTION('',(3.140184917366E-16,-0.707106781187,0.707106781187)
  );
#4539 = DIRECTION('',(-3.140184917366E-16,0.707106781187,0.707106781187)
  );
#4540 = ADVANCED_FACE('',(#4541),#4552,.F.);
#4541 = FACE_BOUND('',#4542,.F.);
#4542 = EDGE_LOOP('',(#4543,#4549,#4550,#4551));
#4543 = ORIENTED_EDGE('',*,*,#4544,.T.);
#4544 = EDGE_CURVE('',#3984,#3928,#4545,.T.);
#4545 = LINE('',#4546,#4547);
#4546 = CARTESIAN_POINT('',(-0.1,-7.32,0.9));
#4547 = VECTOR('',#4548,1.);
#4548 = DIRECTION('',(4.440892098501E-16,-1.,0.));
#4549 = ORIENTED_EDGE('',*,*,#3935,.F.);
#4550 = ORIENTED_EDGE('',*,*,#3957,.F.);
#4551 = ORIENTED_EDGE('',*,*,#3983,.F.);
#4552 = PLANE('',#4553);
#4553 = AXIS2_PLACEMENT_3D('',#4554,#4555,#4556);
#4554 = CARTESIAN_POINT('',(0.3,-7.92,0.9));
#4555 = DIRECTION('',(-0.,0.,-1.));
#4556 = DIRECTION('',(4.440892098501E-16,-1.,-0.));
#4557 = ADVANCED_FACE('',(#4558),#4601,.F.);
#4558 = FACE_BOUND('',#4559,.F.);
#4559 = EDGE_LOOP('',(#4560,#4561,#4562,#4570,#4578,#4586,#4594,#4600));
#4560 = ORIENTED_EDGE('',*,*,#4544,.F.);
#4561 = ORIENTED_EDGE('',*,*,#3991,.T.);
#4562 = ORIENTED_EDGE('',*,*,#4563,.F.);
#4563 = EDGE_CURVE('',#4564,#3992,#4566,.T.);
#4564 = VERTEX_POINT('',#4565);
#4565 = CARTESIAN_POINT('',(-0.1,-7.37,5.85));
#4566 = LINE('',#4567,#4568);
#4567 = CARTESIAN_POINT('',(-0.1,-7.37,5.85));
#4568 = VECTOR('',#4569,1.);
#4569 = DIRECTION('',(-3.140184917366E-16,0.707106781187,0.707106781187)
  );
#4570 = ORIENTED_EDGE('',*,*,#4571,.F.);
#4571 = EDGE_CURVE('',#4572,#4564,#4574,.T.);
#4572 = VERTEX_POINT('',#4573);
#4573 = CARTESIAN_POINT('',(-0.1,-7.37,1.25));
#4574 = LINE('',#4575,#4576);
#4575 = CARTESIAN_POINT('',(-0.1,-7.37,1.25));
#4576 = VECTOR('',#4577,1.);
#4577 = DIRECTION('',(0.,0.,1.));
#4578 = ORIENTED_EDGE('',*,*,#4579,.F.);
#4579 = EDGE_CURVE('',#4580,#4572,#4582,.T.);
#4580 = VERTEX_POINT('',#4581);
#4581 = CARTESIAN_POINT('',(-0.1,-7.87,1.25));
#4582 = LINE('',#4583,#4584);
#4583 = CARTESIAN_POINT('',(-0.1,-7.87,1.25));
#4584 = VECTOR('',#4585,1.);
#4585 = DIRECTION('',(-4.440892098501E-16,1.,0.));
#4586 = ORIENTED_EDGE('',*,*,#4587,.F.);
#4587 = EDGE_CURVE('',#4588,#4580,#4590,.T.);
#4588 = VERTEX_POINT('',#4589);
#4589 = CARTESIAN_POINT('',(-0.1,-7.87,5.85));
#4590 = LINE('',#4591,#4592);
#4591 = CARTESIAN_POINT('',(-0.1,-7.87,5.85));
#4592 = VECTOR('',#4593,1.);
#4593 = DIRECTION('',(-0.,0.,-1.));
#4594 = ORIENTED_EDGE('',*,*,#4595,.F.);
#4595 = EDGE_CURVE('',#3920,#4588,#4596,.T.);
#4596 = LINE('',#4597,#4598);
#4597 = CARTESIAN_POINT('',(-0.1,-7.92,5.9));
#4598 = VECTOR('',#4599,1.);
#4599 = DIRECTION('',(-3.140184917366E-16,0.707106781187,-0.707106781187
    ));
#4600 = ORIENTED_EDGE('',*,*,#3927,.T.);
#4601 = PLANE('',#4602);
#4602 = AXIS2_PLACEMENT_3D('',#4603,#4604,#4605);
#4603 = CARTESIAN_POINT('',(-0.1,-7.32,0.2));
#4604 = DIRECTION('',(1.,4.440892098501E-16,0.));
#4605 = DIRECTION('',(0.,0.,-1.));
#4606 = ADVANCED_FACE('',(#4607),#4625,.T.);
#4607 = FACE_BOUND('',#4608,.T.);
#4608 = EDGE_LOOP('',(#4609,#4610,#4618,#4624));
#4609 = ORIENTED_EDGE('',*,*,#3919,.T.);
#4610 = ORIENTED_EDGE('',*,*,#4611,.T.);
#4611 = EDGE_CURVE('',#3912,#4612,#4614,.T.);
#4612 = VERTEX_POINT('',#4613);
#4613 = CARTESIAN_POINT('',(0.1,-7.87,5.85));
#4614 = LINE('',#4615,#4616);
#4615 = CARTESIAN_POINT('',(0.1,-7.92,5.9));
#4616 = VECTOR('',#4617,1.);
#4617 = DIRECTION('',(-3.140184917366E-16,0.707106781187,-0.707106781187
    ));
#4618 = ORIENTED_EDGE('',*,*,#4619,.F.);
#4619 = EDGE_CURVE('',#4588,#4612,#4620,.T.);
#4620 = LINE('',#4621,#4622);
#4621 = CARTESIAN_POINT('',(-0.1,-7.87,5.85));
#4622 = VECTOR('',#4623,1.);
#4623 = DIRECTION('',(1.,4.440892098501E-16,0.));
#4624 = ORIENTED_EDGE('',*,*,#4595,.F.);
#4625 = PLANE('',#4626);
#4626 = AXIS2_PLACEMENT_3D('',#4627,#4628,#4629);
#4627 = CARTESIAN_POINT('',(-0.1,-7.92,5.9));
#4628 = DIRECTION('',(-3.140184917366E-16,0.707106781187,0.707106781187)
  );
#4629 = DIRECTION('',(-3.140184917366E-16,0.707106781187,-0.707106781187
    ));
#4630 = ADVANCED_FACE('',(#4631),#4672,.F.);
#4631 = FACE_BOUND('',#4632,.F.);
#4632 = EDGE_LOOP('',(#4633,#4634,#4640,#4641,#4642,#4650,#4658,#4666));
#4633 = ORIENTED_EDGE('',*,*,#4007,.T.);
#4634 = ORIENTED_EDGE('',*,*,#4635,.F.);
#4635 = EDGE_CURVE('',#3904,#4008,#4636,.T.);
#4636 = LINE('',#4637,#4638);
#4637 = CARTESIAN_POINT('',(0.1,-7.92,0.9));
#4638 = VECTOR('',#4639,1.);
#4639 = DIRECTION('',(-4.440892098501E-16,1.,0.));
#4640 = ORIENTED_EDGE('',*,*,#3911,.T.);
#4641 = ORIENTED_EDGE('',*,*,#4611,.T.);
#4642 = ORIENTED_EDGE('',*,*,#4643,.T.);
#4643 = EDGE_CURVE('',#4612,#4644,#4646,.T.);
#4644 = VERTEX_POINT('',#4645);
#4645 = CARTESIAN_POINT('',(0.1,-7.87,1.25));
#4646 = LINE('',#4647,#4648);
#4647 = CARTESIAN_POINT('',(0.1,-7.87,5.85));
#4648 = VECTOR('',#4649,1.);
#4649 = DIRECTION('',(-0.,0.,-1.));
#4650 = ORIENTED_EDGE('',*,*,#4651,.T.);
#4651 = EDGE_CURVE('',#4644,#4652,#4654,.T.);
#4652 = VERTEX_POINT('',#4653);
#4653 = CARTESIAN_POINT('',(0.1,-7.37,1.25));
#4654 = LINE('',#4655,#4656);
#4655 = CARTESIAN_POINT('',(0.1,-7.87,1.25));
#4656 = VECTOR('',#4657,1.);
#4657 = DIRECTION('',(-4.440892098501E-16,1.,0.));
#4658 = ORIENTED_EDGE('',*,*,#4659,.T.);
#4659 = EDGE_CURVE('',#4652,#4660,#4662,.T.);
#4660 = VERTEX_POINT('',#4661);
#4661 = CARTESIAN_POINT('',(0.1,-7.37,5.85));
#4662 = LINE('',#4663,#4664);
#4663 = CARTESIAN_POINT('',(0.1,-7.37,1.25));
#4664 = VECTOR('',#4665,1.);
#4665 = DIRECTION('',(0.,0.,1.));
#4666 = ORIENTED_EDGE('',*,*,#4667,.T.);
#4667 = EDGE_CURVE('',#4660,#4000,#4668,.T.);
#4668 = LINE('',#4669,#4670);
#4669 = CARTESIAN_POINT('',(0.1,-7.37,5.85));
#4670 = VECTOR('',#4671,1.);
#4671 = DIRECTION('',(-3.140184917366E-16,0.707106781187,0.707106781187)
  );
#4672 = PLANE('',#4673);
#4673 = AXIS2_PLACEMENT_3D('',#4674,#4675,#4676);
#4674 = CARTESIAN_POINT('',(0.1,-7.32,0.2));
#4675 = DIRECTION('',(-1.,-4.440892098501E-16,0.));
#4676 = DIRECTION('',(0.,0.,1.));
#4677 = ADVANCED_FACE('',(#4678),#4684,.F.);
#4678 = FACE_BOUND('',#4679,.F.);
#4679 = EDGE_LOOP('',(#4680,#4681,#4682,#4683));
#4680 = ORIENTED_EDGE('',*,*,#4030,.F.);
#4681 = ORIENTED_EDGE('',*,*,#3903,.F.);
#4682 = ORIENTED_EDGE('',*,*,#4635,.T.);
#4683 = ORIENTED_EDGE('',*,*,#4015,.F.);
#4684 = PLANE('',#4685);
#4685 = AXIS2_PLACEMENT_3D('',#4686,#4687,#4688);
#4686 = CARTESIAN_POINT('',(0.3,-7.92,0.9));
#4687 = DIRECTION('',(-0.,0.,-1.));
#4688 = DIRECTION('',(4.440892098501E-16,-1.,-0.));
#4689 = ADVANCED_FACE('',(#4690),#4701,.T.);
#4690 = FACE_BOUND('',#4691,.T.);
#4691 = EDGE_LOOP('',(#4692,#4698,#4699,#4700));
#4692 = ORIENTED_EDGE('',*,*,#4693,.T.);
#4693 = EDGE_CURVE('',#4564,#4660,#4694,.T.);
#4694 = LINE('',#4695,#4696);
#4695 = CARTESIAN_POINT('',(-0.1,-7.37,5.85));
#4696 = VECTOR('',#4697,1.);
#4697 = DIRECTION('',(1.,4.440892098501E-16,0.));
#4698 = ORIENTED_EDGE('',*,*,#4667,.T.);
#4699 = ORIENTED_EDGE('',*,*,#3999,.F.);
#4700 = ORIENTED_EDGE('',*,*,#4563,.F.);
#4701 = PLANE('',#4702);
#4702 = AXIS2_PLACEMENT_3D('',#4703,#4704,#4705);
#4703 = CARTESIAN_POINT('',(-0.1,-7.37,5.85));
#4704 = DIRECTION('',(3.140184917366E-16,-0.707106781187,0.707106781187)
  );
#4705 = DIRECTION('',(-3.140184917366E-16,0.707106781187,0.707106781187)
  );
#4706 = ADVANCED_FACE('',(#4707),#4718,.T.);
#4707 = FACE_BOUND('',#4708,.T.);
#4708 = EDGE_LOOP('',(#4709,#4710,#4711,#4717));
#4709 = ORIENTED_EDGE('',*,*,#4121,.T.);
#4710 = ORIENTED_EDGE('',*,*,#4145,.T.);
#4711 = ORIENTED_EDGE('',*,*,#4712,.F.);
#4712 = EDGE_CURVE('',#4082,#4146,#4713,.T.);
#4713 = LINE('',#4714,#4715);
#4714 = CARTESIAN_POINT('',(-0.1,-2.79,1.25));
#4715 = VECTOR('',#4716,1.);
#4716 = DIRECTION('',(1.,4.440892098501E-16,0.));
#4717 = ORIENTED_EDGE('',*,*,#4089,.F.);
#4718 = PLANE('',#4719);
#4719 = AXIS2_PLACEMENT_3D('',#4720,#4721,#4722);
#4720 = CARTESIAN_POINT('',(-0.1,-2.79,5.85));
#4721 = DIRECTION('',(-4.440892098501E-16,1.,0.));
#4722 = DIRECTION('',(0.,0.,-1.));
#4723 = ADVANCED_FACE('',(#4724),#4735,.T.);
#4724 = FACE_BOUND('',#4725,.T.);
#4725 = EDGE_LOOP('',(#4726,#4727,#4728,#4734));
#4726 = ORIENTED_EDGE('',*,*,#4712,.T.);
#4727 = ORIENTED_EDGE('',*,*,#4153,.T.);
#4728 = ORIENTED_EDGE('',*,*,#4729,.F.);
#4729 = EDGE_CURVE('',#4074,#4154,#4730,.T.);
#4730 = LINE('',#4731,#4732);
#4731 = CARTESIAN_POINT('',(-0.1,-2.29,1.25));
#4732 = VECTOR('',#4733,1.);
#4733 = DIRECTION('',(1.,4.440892098501E-16,0.));
#4734 = ORIENTED_EDGE('',*,*,#4081,.F.);
#4735 = PLANE('',#4736);
#4736 = AXIS2_PLACEMENT_3D('',#4737,#4738,#4739);
#4737 = CARTESIAN_POINT('',(-0.1,-2.79,1.25));
#4738 = DIRECTION('',(0.,0.,1.));
#4739 = DIRECTION('',(-4.440892098501E-16,1.,0.));
#4740 = ADVANCED_FACE('',(#4741),#4747,.T.);
#4741 = FACE_BOUND('',#4742,.T.);
#4742 = EDGE_LOOP('',(#4743,#4744,#4745,#4746));
#4743 = ORIENTED_EDGE('',*,*,#4729,.T.);
#4744 = ORIENTED_EDGE('',*,*,#4161,.T.);
#4745 = ORIENTED_EDGE('',*,*,#4195,.F.);
#4746 = ORIENTED_EDGE('',*,*,#4073,.F.);
#4747 = PLANE('',#4748);
#4748 = AXIS2_PLACEMENT_3D('',#4749,#4750,#4751);
#4749 = CARTESIAN_POINT('',(-0.1,-2.29,1.25));
#4750 = DIRECTION('',(4.440892098501E-16,-1.,0.));
#4751 = DIRECTION('',(0.,0.,1.));
#4752 = ADVANCED_FACE('',(#4753),#4764,.T.);
#4753 = FACE_BOUND('',#4754,.T.);
#4754 = EDGE_LOOP('',(#4755,#4756,#4757,#4763));
#4755 = ORIENTED_EDGE('',*,*,#4287,.T.);
#4756 = ORIENTED_EDGE('',*,*,#4311,.T.);
#4757 = ORIENTED_EDGE('',*,*,#4758,.F.);
#4758 = EDGE_CURVE('',#4248,#4312,#4759,.T.);
#4759 = LINE('',#4760,#4761);
#4760 = CARTESIAN_POINT('',(-0.1,-5.33,1.25));
#4761 = VECTOR('',#4762,1.);
#4762 = DIRECTION('',(1.,4.440892098501E-16,0.));
#4763 = ORIENTED_EDGE('',*,*,#4255,.F.);
#4764 = PLANE('',#4765);
#4765 = AXIS2_PLACEMENT_3D('',#4766,#4767,#4768);
#4766 = CARTESIAN_POINT('',(-0.1,-5.33,5.85));
#4767 = DIRECTION('',(-4.440892098501E-16,1.,0.));
#4768 = DIRECTION('',(0.,0.,-1.));
#4769 = ADVANCED_FACE('',(#4770),#4781,.T.);
#4770 = FACE_BOUND('',#4771,.T.);
#4771 = EDGE_LOOP('',(#4772,#4773,#4774,#4780));
#4772 = ORIENTED_EDGE('',*,*,#4758,.T.);
#4773 = ORIENTED_EDGE('',*,*,#4319,.T.);
#4774 = ORIENTED_EDGE('',*,*,#4775,.F.);
#4775 = EDGE_CURVE('',#4240,#4320,#4776,.T.);
#4776 = LINE('',#4777,#4778);
#4777 = CARTESIAN_POINT('',(-0.1,-4.83,1.25));
#4778 = VECTOR('',#4779,1.);
#4779 = DIRECTION('',(1.,4.440892098501E-16,0.));
#4780 = ORIENTED_EDGE('',*,*,#4247,.F.);
#4781 = PLANE('',#4782);
#4782 = AXIS2_PLACEMENT_3D('',#4783,#4784,#4785);
#4783 = CARTESIAN_POINT('',(-0.1,-5.33,1.25));
#4784 = DIRECTION('',(0.,0.,1.));
#4785 = DIRECTION('',(-4.440892098501E-16,1.,0.));
#4786 = ADVANCED_FACE('',(#4787),#4793,.T.);
#4787 = FACE_BOUND('',#4788,.T.);
#4788 = EDGE_LOOP('',(#4789,#4790,#4791,#4792));
#4789 = ORIENTED_EDGE('',*,*,#4775,.T.);
#4790 = ORIENTED_EDGE('',*,*,#4327,.T.);
#4791 = ORIENTED_EDGE('',*,*,#4361,.F.);
#4792 = ORIENTED_EDGE('',*,*,#4239,.F.);
#4793 = PLANE('',#4794);
#4794 = AXIS2_PLACEMENT_3D('',#4795,#4796,#4797);
#4795 = CARTESIAN_POINT('',(-0.1,-4.83,1.25));
#4796 = DIRECTION('',(4.440892098501E-16,-1.,0.));
#4797 = DIRECTION('',(0.,0.,1.));
#4798 = ADVANCED_FACE('',(#4799),#4810,.T.);
#4799 = FACE_BOUND('',#4800,.T.);
#4800 = EDGE_LOOP('',(#4801,#4802,#4803,#4809));
#4801 = ORIENTED_EDGE('',*,*,#4453,.T.);
#4802 = ORIENTED_EDGE('',*,*,#4477,.T.);
#4803 = ORIENTED_EDGE('',*,*,#4804,.F.);
#4804 = EDGE_CURVE('',#4414,#4478,#4805,.T.);
#4805 = LINE('',#4806,#4807);
#4806 = CARTESIAN_POINT('',(-0.1,-0.25,1.25));
#4807 = VECTOR('',#4808,1.);
#4808 = DIRECTION('',(1.,4.440892098501E-16,0.));
#4809 = ORIENTED_EDGE('',*,*,#4421,.F.);
#4810 = PLANE('',#4811);
#4811 = AXIS2_PLACEMENT_3D('',#4812,#4813,#4814);
#4812 = CARTESIAN_POINT('',(-0.1,-0.25,5.85));
#4813 = DIRECTION('',(-4.440892098501E-16,1.,0.));
#4814 = DIRECTION('',(0.,0.,-1.));
#4815 = ADVANCED_FACE('',(#4816),#4827,.T.);
#4816 = FACE_BOUND('',#4817,.T.);
#4817 = EDGE_LOOP('',(#4818,#4819,#4820,#4826));
#4818 = ORIENTED_EDGE('',*,*,#4804,.T.);
#4819 = ORIENTED_EDGE('',*,*,#4485,.T.);
#4820 = ORIENTED_EDGE('',*,*,#4821,.F.);
#4821 = EDGE_CURVE('',#4406,#4486,#4822,.T.);
#4822 = LINE('',#4823,#4824);
#4823 = CARTESIAN_POINT('',(-0.1,0.25,1.25));
#4824 = VECTOR('',#4825,1.);
#4825 = DIRECTION('',(1.,4.440892098501E-16,0.));
#4826 = ORIENTED_EDGE('',*,*,#4413,.F.);
#4827 = PLANE('',#4828);
#4828 = AXIS2_PLACEMENT_3D('',#4829,#4830,#4831);
#4829 = CARTESIAN_POINT('',(-0.1,-0.25,1.25));
#4830 = DIRECTION('',(0.,0.,1.));
#4831 = DIRECTION('',(-4.440892098501E-16,1.,0.));
#4832 = ADVANCED_FACE('',(#4833),#4839,.T.);
#4833 = FACE_BOUND('',#4834,.T.);
#4834 = EDGE_LOOP('',(#4835,#4836,#4837,#4838));
#4835 = ORIENTED_EDGE('',*,*,#4821,.T.);
#4836 = ORIENTED_EDGE('',*,*,#4493,.T.);
#4837 = ORIENTED_EDGE('',*,*,#4527,.F.);
#4838 = ORIENTED_EDGE('',*,*,#4405,.F.);
#4839 = PLANE('',#4840);
#4840 = AXIS2_PLACEMENT_3D('',#4841,#4842,#4843);
#4841 = CARTESIAN_POINT('',(-0.1,0.25,1.25));
#4842 = DIRECTION('',(4.440892098501E-16,-1.,0.));
#4843 = DIRECTION('',(0.,0.,1.));
#4844 = ADVANCED_FACE('',(#4845),#4856,.T.);
#4845 = FACE_BOUND('',#4846,.T.);
#4846 = EDGE_LOOP('',(#4847,#4848,#4849,#4855));
#4847 = ORIENTED_EDGE('',*,*,#4619,.T.);
#4848 = ORIENTED_EDGE('',*,*,#4643,.T.);
#4849 = ORIENTED_EDGE('',*,*,#4850,.F.);
#4850 = EDGE_CURVE('',#4580,#4644,#4851,.T.);
#4851 = LINE('',#4852,#4853);
#4852 = CARTESIAN_POINT('',(-0.1,-7.87,1.25));
#4853 = VECTOR('',#4854,1.);
#4854 = DIRECTION('',(1.,4.440892098501E-16,0.));
#4855 = ORIENTED_EDGE('',*,*,#4587,.F.);
#4856 = PLANE('',#4857);
#4857 = AXIS2_PLACEMENT_3D('',#4858,#4859,#4860);
#4858 = CARTESIAN_POINT('',(-0.1,-7.87,5.85));
#4859 = DIRECTION('',(-4.440892098501E-16,1.,0.));
#4860 = DIRECTION('',(0.,0.,-1.));
#4861 = ADVANCED_FACE('',(#4862),#4873,.T.);
#4862 = FACE_BOUND('',#4863,.T.);
#4863 = EDGE_LOOP('',(#4864,#4865,#4866,#4872));
#4864 = ORIENTED_EDGE('',*,*,#4850,.T.);
#4865 = ORIENTED_EDGE('',*,*,#4651,.T.);
#4866 = ORIENTED_EDGE('',*,*,#4867,.F.);
#4867 = EDGE_CURVE('',#4572,#4652,#4868,.T.);
#4868 = LINE('',#4869,#4870);
#4869 = CARTESIAN_POINT('',(-0.1,-7.37,1.25));
#4870 = VECTOR('',#4871,1.);
#4871 = DIRECTION('',(1.,4.440892098501E-16,0.));
#4872 = ORIENTED_EDGE('',*,*,#4579,.F.);
#4873 = PLANE('',#4874);
#4874 = AXIS2_PLACEMENT_3D('',#4875,#4876,#4877);
#4875 = CARTESIAN_POINT('',(-0.1,-7.87,1.25));
#4876 = DIRECTION('',(0.,0.,1.));
#4877 = DIRECTION('',(-4.440892098501E-16,1.,0.));
#4878 = ADVANCED_FACE('',(#4879),#4885,.T.);
#4879 = FACE_BOUND('',#4880,.T.);
#4880 = EDGE_LOOP('',(#4881,#4882,#4883,#4884));
#4881 = ORIENTED_EDGE('',*,*,#4867,.T.);
#4882 = ORIENTED_EDGE('',*,*,#4659,.T.);
#4883 = ORIENTED_EDGE('',*,*,#4693,.F.);
#4884 = ORIENTED_EDGE('',*,*,#4571,.F.);
#4885 = PLANE('',#4886);
#4886 = AXIS2_PLACEMENT_3D('',#4887,#4888,#4889);
#4887 = CARTESIAN_POINT('',(-0.1,-7.37,1.25));
#4888 = DIRECTION('',(4.440892098501E-16,-1.,0.));
#4889 = DIRECTION('',(0.,0.,1.));
#4890 = ( GEOMETRIC_REPRESENTATION_CONTEXT(3) 
GLOBAL_UNCERTAINTY_ASSIGNED_CONTEXT((#4894)) 
GLOBAL_UNIT_ASSIGNED_CONTEXT((#4891,#4892,#4893)) REPRESENTATION_CONTEXT
('Context #1','3D Context with UNIT and UNCERTAINTY') );
#4891 = ( LENGTH_UNIT() NAMED_UNIT(*) SI_UNIT(.MILLI.,.METRE.) );
#4892 = ( NAMED_UNIT(*) PLANE_ANGLE_UNIT() SI_UNIT($,.RADIAN.) );
#4893 = ( NAMED_UNIT(*) SI_UNIT($,.STERADIAN.) SOLID_ANGLE_UNIT() );
#4894 = UNCERTAINTY_MEASURE_WITH_UNIT(LENGTH_MEASURE(1.E-07),#4891,
  'distance_accuracy_value','confusion accuracy');
#4895 = CONTEXT_DEPENDENT_SHAPE_REPRESENTATION(#4896,#4898);
#4896 = ( REPRESENTATION_RELATIONSHIP('','',#935,#912) 
REPRESENTATION_RELATIONSHIP_WITH_TRANSFORMATION(#4897) 
SHAPE_REPRESENTATION_RELATIONSHIP() );
#4897 = ITEM_DEFINED_TRANSFORMATION('','',#11,#913);
#4898 = PRODUCT_DEFINITION_SHAPE('Placement','Placement of an item',
  #4899);
#4899 = NEXT_ASSEMBLY_USAGE_OCCURRENCE('8','=>[0:1:1:7]','',#907,#930,$
  );
#4900 = PRODUCT_RELATED_PRODUCT_CATEGORY('part',$,(#932));
#4901 = CONTEXT_DEPENDENT_SHAPE_REPRESENTATION(#4902,#4904);
#4902 = ( REPRESENTATION_RELATIONSHIP('','',#473,#10) 
REPRESENTATION_RELATIONSHIP_WITH_TRANSFORMATION(#4903) 
SHAPE_REPRESENTATION_RELATIONSHIP() );
#4903 = ITEM_DEFINED_TRANSFORMATION('','',#11,#39);
#4904 = PRODUCT_DEFINITION_SHAPE('Placement','Placement of an item',
  #4905);
#4905 = NEXT_ASSEMBLY_USAGE_OCCURRENCE('10','D7','',#5,#468,$);
#4906 = SHAPE_DEFINITION_REPRESENTATION(#4907,#4913);
#4907 = PRODUCT_DEFINITION_SHAPE('','',#4908);
#4908 = PRODUCT_DEFINITION('design','',#4909,#4912);
#4909 = PRODUCT_DEFINITION_FORMATION('','',#4910);
#4910 = PRODUCT('LED_SK6812_PLCC4_5.0x5.0mm_P3.2mm',
  'LED_SK6812_PLCC4_5.0x5.0mm_P3.2mm','',(#4911));
#4911 = PRODUCT_CONTEXT('',#2,'mechanical');
#4912 = PRODUCT_DEFINITION_CONTEXT('part definition',#2,'design');
#4913 = SHAPE_REPRESENTATION('',(#11,#4914),#4918);
#4914 = AXIS2_PLACEMENT_3D('',#4915,#4916,#4917);
#4915 = CARTESIAN_POINT('',(0.,0.,0.));
#4916 = DIRECTION('',(0.,0.,1.));
#4917 = DIRECTION('',(1.,0.,-0.));
#4918 = ( GEOMETRIC_REPRESENTATION_CONTEXT(3) 
GLOBAL_UNCERTAINTY_ASSIGNED_CONTEXT((#4922)) 
GLOBAL_UNIT_ASSIGNED_CONTEXT((#4919,#4920,#4921)) REPRESENTATION_CONTEXT
('Context #1','3D Context with UNIT and UNCERTAINTY') );
#4919 = ( LENGTH_UNIT() NAMED_UNIT(*) SI_UNIT(.MILLI.,.METRE.) );
#4920 = ( NAMED_UNIT(*) PLANE_ANGLE_UNIT() SI_UNIT($,.RADIAN.) );
#4921 = ( NAMED_UNIT(*) SI_UNIT($,.STERADIAN.) SOLID_ANGLE_UNIT() );
#4922 = UNCERTAINTY_MEASURE_WITH_UNIT(LENGTH_MEASURE(1.E-07),#4919,
  'distance_accuracy_value','confusion accuracy');
#4923 = CONTEXT_DEPENDENT_SHAPE_REPRESENTATION(#4924,#4926);
#4924 = ( REPRESENTATION_RELATIONSHIP('','',#4913,#10) 
REPRESENTATION_RELATIONSHIP_WITH_TRANSFORMATION(#4925) 
SHAPE_REPRESENTATION_RELATIONSHIP() );
#4925 = ITEM_DEFINED_TRANSFORMATION('','',#11,#43);
#4926 = PRODUCT_DEFINITION_SHAPE('Placement','Placement of an item',
  #4927);
#4927 = NEXT_ASSEMBLY_USAGE_OCCURRENCE('12','D11','',#5,#4908,$);
#4928 = PRODUCT_RELATED_PRODUCT_CATEGORY('part',$,(#4910));
#4929 = SHAPE_DEFINITION_REPRESENTATION(#4930,#4936);
#4930 = PRODUCT_DEFINITION_SHAPE('','',#4931);
#4931 = PRODUCT_DEFINITION('design','',#4932,#4935);
#4932 = PRODUCT_DEFINITION_FORMATION('','',#4933);
#4933 = PRODUCT('LED_SK6812_PLCC4_50x50mm_P32mm',
  'LED_SK6812_PLCC4_50x50mm_P32mm','',(#4934));
#4934 = PRODUCT_CONTEXT('',#2,'mechanical');
#4935 = PRODUCT_DEFINITION_CONTEXT('part definition',#2,'design');
#4936 = ADVANCED_BREP_SHAPE_REPRESENTATION('',(#11,#4937),#7204);
#4937 = MANIFOLD_SOLID_BREP('',#4938);
#4938 = CLOSED_SHELL('',(#4939,#4998,#5023,#5056,#5081,#5106,#5131,#5148
    ,#5173,#5204,#5244,#5375,#5499,#5516,#5525,#5536,#5704,#5735,#5766,
    #5797,#5882,#5906,#5984,#6015,#6100,#6124,#6202,#6233,#6264,#6295,
    #6380,#6404,#6482,#6513,#6598,#6622,#6700,#6717,#6734,#6751,#6768,
    #6785,#6802,#6819,#6841,#6853,#6870,#6882,#6894,#6911,#6933,#6945,
    #6957,#6974,#6986,#7003,#7020,#7037,#7059,#7071,#7083,#7100,#7112,
    #7129,#7151,#7163,#7180,#7192));
#4939 = ADVANCED_FACE('',(#4940,#4951),#4993,.T.);
#4940 = FACE_BOUND('',#4941,.T.);
#4941 = EDGE_LOOP('',(#4942));
#4942 = ORIENTED_EDGE('',*,*,#4943,.T.);
#4943 = EDGE_CURVE('',#4944,#4944,#4946,.T.);
#4944 = VERTEX_POINT('',#4945);
#4945 = CARTESIAN_POINT('',(-1.986666666667,2.432964974306E-16,1.7));
#4946 = CIRCLE('',#4947,1.986666666667);
#4947 = AXIS2_PLACEMENT_3D('',#4948,#4949,#4950);
#4948 = CARTESIAN_POINT('',(0.,0.,1.7));
#4949 = DIRECTION('',(0.,0.,-1.));
#4950 = DIRECTION('',(-1.,1.224646799147E-16,0.));
#4951 = FACE_BOUND('',#4952,.T.);
#4952 = EDGE_LOOP('',(#4953,#4963,#4971,#4979,#4987));
#4953 = ORIENTED_EDGE('',*,*,#4954,.T.);
#4954 = EDGE_CURVE('',#4955,#4957,#4959,.T.);
#4955 = VERTEX_POINT('',#4956);
#4956 = CARTESIAN_POINT('',(1.431329009077,-2.42,1.7));
#4957 = VERTEX_POINT('',#4958);
#4958 = CARTESIAN_POINT('',(2.42,-1.431329009077,1.7));
#4959 = LINE('',#4960,#4961);
#4960 = CARTESIAN_POINT('',(1.407897551572,-2.443431457505,1.7));
#4961 = VECTOR('',#4962,1.);
#4962 = DIRECTION('',(0.707106781187,0.707106781187,0.));
#4963 = ORIENTED_EDGE('',*,*,#4964,.T.);
#4964 = EDGE_CURVE('',#4957,#4965,#4967,.T.);
#4965 = VERTEX_POINT('',#4966);
#4966 = CARTESIAN_POINT('',(2.42,2.42,1.7));
#4967 = LINE('',#4968,#4969);
#4968 = CARTESIAN_POINT('',(2.42,-1.464466094067,1.7));
#4969 = VECTOR('',#4970,1.);
#4970 = DIRECTION('',(1.224646799147E-16,1.,0.));
#4971 = ORIENTED_EDGE('',*,*,#4972,.T.);
#4972 = EDGE_CURVE('',#4965,#4973,#4975,.T.);
#4973 = VERTEX_POINT('',#4974);
#4974 = CARTESIAN_POINT('',(-2.42,2.42,1.7));
#4975 = LINE('',#4976,#4977);
#4976 = CARTESIAN_POINT('',(2.5,2.42,1.7));
#4977 = VECTOR('',#4978,1.);
#4978 = DIRECTION('',(-1.,1.224646799147E-16,0.));
#4979 = ORIENTED_EDGE('',*,*,#4980,.T.);
#4980 = EDGE_CURVE('',#4973,#4981,#4983,.T.);
#4981 = VERTEX_POINT('',#4982);
#4982 = CARTESIAN_POINT('',(-2.42,-2.42,1.7));
#4983 = LINE('',#4984,#4985);
#4984 = CARTESIAN_POINT('',(-2.42,2.5,1.7));
#4985 = VECTOR('',#4986,1.);
#4986 = DIRECTION('',(-1.224646799147E-16,-1.,0.));
#4987 = ORIENTED_EDGE('',*,*,#4988,.T.);
#4988 = EDGE_CURVE('',#4981,#4955,#4989,.T.);
#4989 = LINE('',#4990,#4991);
#4990 = CARTESIAN_POINT('',(-2.5,-2.42,1.7));
#4991 = VECTOR('',#4992,1.);
#4992 = DIRECTION('',(1.,-1.224646799147E-16,0.));
#4993 = PLANE('',#4994);
#4994 = AXIS2_PLACEMENT_3D('',#4995,#4996,#4997);
#4995 = CARTESIAN_POINT('',(0.,0.,1.7));
#4996 = DIRECTION('',(0.,0.,1.));
#4997 = DIRECTION('',(-1.,1.224646799147E-16,0.));
#4998 = ADVANCED_FACE('',(#4999),#5018,.F.);
#4999 = FACE_BOUND('',#5000,.F.);
#5000 = EDGE_LOOP('',(#5001,#5009,#5010,#5011));
#5001 = ORIENTED_EDGE('',*,*,#5002,.F.);
#5002 = EDGE_CURVE('',#4944,#5003,#5005,.T.);
#5003 = VERTEX_POINT('',#5004);
#5004 = CARTESIAN_POINT('',(-1.666666666667,2.041077998579E-16,1.38));
#5005 = LINE('',#5006,#5007);
#5006 = CARTESIAN_POINT('',(-1.666666666667,2.041077998579E-16,1.38));
#5007 = VECTOR('',#5008,1.);
#5008 = DIRECTION('',(0.707106781187,-8.659560562349E-17,-0.707106781187
    ));
#5009 = ORIENTED_EDGE('',*,*,#4943,.T.);
#5010 = ORIENTED_EDGE('',*,*,#5002,.T.);
#5011 = ORIENTED_EDGE('',*,*,#5012,.F.);
#5012 = EDGE_CURVE('',#5003,#5003,#5013,.T.);
#5013 = CIRCLE('',#5014,1.666666666667);
#5014 = AXIS2_PLACEMENT_3D('',#5015,#5016,#5017);
#5015 = CARTESIAN_POINT('',(0.,0.,1.38));
#5016 = DIRECTION('',(0.,0.,-1.));
#5017 = DIRECTION('',(-1.,1.224646799147E-16,0.));
#5018 = CONICAL_SURFACE('',#5019,1.666666666667,0.785398163397);
#5019 = AXIS2_PLACEMENT_3D('',#5020,#5021,#5022);
#5020 = CARTESIAN_POINT('',(0.,0.,1.38));
#5021 = DIRECTION('',(0.,0.,1.));
#5022 = DIRECTION('',(-1.,1.224646799147E-16,0.));
#5023 = ADVANCED_FACE('',(#5024),#5051,.T.);
#5024 = FACE_BOUND('',#5025,.T.);
#5025 = EDGE_LOOP('',(#5026,#5035,#5043,#5050));
#5026 = ORIENTED_EDGE('',*,*,#5027,.T.);
#5027 = EDGE_CURVE('',#4955,#5028,#5030,.T.);
#5028 = VERTEX_POINT('',#5029);
#5029 = CARTESIAN_POINT('',(1.464466094067,-2.5,1.62));
#5030 = ELLIPSE('',#5031,8.659137602339E-02,8.E-02);
#5031 = AXIS2_PLACEMENT_3D('',#5032,#5033,#5034);
#5032 = CARTESIAN_POINT('',(1.431329009077,-2.42,1.62));
#5033 = DIRECTION('',(0.923879532511,0.382683432365,-0.));
#5034 = DIRECTION('',(-0.382683432365,0.923879532511,0.));
#5035 = ORIENTED_EDGE('',*,*,#5036,.T.);
#5036 = EDGE_CURVE('',#5028,#5037,#5039,.T.);
#5037 = VERTEX_POINT('',#5038);
#5038 = CARTESIAN_POINT('',(2.5,-1.464466094067,1.62));
#5039 = LINE('',#5040,#5041);
#5040 = CARTESIAN_POINT('',(1.464466094067,-2.5,1.62));
#5041 = VECTOR('',#5042,1.);
#5042 = DIRECTION('',(0.707106781187,0.707106781187,0.));
#5043 = ORIENTED_EDGE('',*,*,#5044,.F.);
#5044 = EDGE_CURVE('',#4957,#5037,#5045,.T.);
#5045 = ELLIPSE('',#5046,8.659137602339E-02,8.E-02);
#5046 = AXIS2_PLACEMENT_3D('',#5047,#5048,#5049);
#5047 = CARTESIAN_POINT('',(2.42,-1.431329009077,1.62));
#5048 = DIRECTION('',(0.382683432365,0.923879532511,0.));
#5049 = DIRECTION('',(0.923879532511,-0.382683432365,0.));
#5050 = ORIENTED_EDGE('',*,*,#4954,.F.);
#5051 = CYLINDRICAL_SURFACE('',#5052,8.E-02);
#5052 = AXIS2_PLACEMENT_3D('',#5053,#5054,#5055);
#5053 = CARTESIAN_POINT('',(1.407897551572,-2.443431457505,1.62));
#5054 = DIRECTION('',(0.707106781187,0.707106781187,0.));
#5055 = DIRECTION('',(0.,-0.,1.));
#5056 = ADVANCED_FACE('',(#5057),#5076,.T.);
#5057 = FACE_BOUND('',#5058,.T.);
#5058 = EDGE_LOOP('',(#5059,#5068,#5074,#5075));
#5059 = ORIENTED_EDGE('',*,*,#5060,.F.);
#5060 = EDGE_CURVE('',#5061,#4981,#5063,.T.);
#5061 = VERTEX_POINT('',#5062);
#5062 = CARTESIAN_POINT('',(-2.5,-2.5,1.62));
#5063 = ELLIPSE('',#5064,0.11313708499,8.E-02);
#5064 = AXIS2_PLACEMENT_3D('',#5065,#5066,#5067);
#5065 = CARTESIAN_POINT('',(-2.42,-2.42,1.62));
#5066 = DIRECTION('',(-0.707106781187,0.707106781187,0.));
#5067 = DIRECTION('',(-0.707106781187,-0.707106781187,0.));
#5068 = ORIENTED_EDGE('',*,*,#5069,.T.);
#5069 = EDGE_CURVE('',#5061,#5028,#5070,.T.);
#5070 = LINE('',#5071,#5072);
#5071 = CARTESIAN_POINT('',(-2.5,-2.5,1.62));
#5072 = VECTOR('',#5073,1.);
#5073 = DIRECTION('',(1.,-1.224646799147E-16,0.));
#5074 = ORIENTED_EDGE('',*,*,#5027,.F.);
#5075 = ORIENTED_EDGE('',*,*,#4988,.F.);
#5076 = CYLINDRICAL_SURFACE('',#5077,8.E-02);
#5077 = AXIS2_PLACEMENT_3D('',#5078,#5079,#5080);
#5078 = CARTESIAN_POINT('',(-2.5,-2.42,1.62));
#5079 = DIRECTION('',(1.,-1.224646799147E-16,0.));
#5080 = DIRECTION('',(0.,0.,1.));
#5081 = ADVANCED_FACE('',(#5082),#5101,.T.);
#5082 = FACE_BOUND('',#5083,.T.);
#5083 = EDGE_LOOP('',(#5084,#5092,#5099,#5100));
#5084 = ORIENTED_EDGE('',*,*,#5085,.T.);
#5085 = EDGE_CURVE('',#5037,#5086,#5088,.T.);
#5086 = VERTEX_POINT('',#5087);
#5087 = CARTESIAN_POINT('',(2.5,2.5,1.62));
#5088 = LINE('',#5089,#5090);
#5089 = CARTESIAN_POINT('',(2.5,-1.464466094067,1.62));
#5090 = VECTOR('',#5091,1.);
#5091 = DIRECTION('',(1.224646799147E-16,1.,0.));
#5092 = ORIENTED_EDGE('',*,*,#5093,.T.);
#5093 = EDGE_CURVE('',#5086,#4965,#5094,.T.);
#5094 = ELLIPSE('',#5095,0.11313708499,8.E-02);
#5095 = AXIS2_PLACEMENT_3D('',#5096,#5097,#5098);
#5096 = CARTESIAN_POINT('',(2.42,2.42,1.62));
#5097 = DIRECTION('',(0.707106781187,-0.707106781187,-0.));
#5098 = DIRECTION('',(-0.707106781187,-0.707106781187,0.));
#5099 = ORIENTED_EDGE('',*,*,#4964,.F.);
#5100 = ORIENTED_EDGE('',*,*,#5044,.T.);
#5101 = CYLINDRICAL_SURFACE('',#5102,8.E-02);
#5102 = AXIS2_PLACEMENT_3D('',#5103,#5104,#5105);
#5103 = CARTESIAN_POINT('',(2.42,-1.464466094067,1.62));
#5104 = DIRECTION('',(1.224646799147E-16,1.,0.));
#5105 = DIRECTION('',(1.,-1.224646799147E-16,0.));
#5106 = ADVANCED_FACE('',(#5107),#5126,.T.);
#5107 = FACE_BOUND('',#5108,.T.);
#5108 = EDGE_LOOP('',(#5109,#5117,#5118,#5119));
#5109 = ORIENTED_EDGE('',*,*,#5110,.T.);
#5110 = EDGE_CURVE('',#5111,#5061,#5113,.T.);
#5111 = VERTEX_POINT('',#5112);
#5112 = CARTESIAN_POINT('',(-2.5,2.5,1.62));
#5113 = LINE('',#5114,#5115);
#5114 = CARTESIAN_POINT('',(-2.5,2.5,1.62));
#5115 = VECTOR('',#5116,1.);
#5116 = DIRECTION('',(-1.224646799147E-16,-1.,0.));
#5117 = ORIENTED_EDGE('',*,*,#5060,.T.);
#5118 = ORIENTED_EDGE('',*,*,#4980,.F.);
#5119 = ORIENTED_EDGE('',*,*,#5120,.F.);
#5120 = EDGE_CURVE('',#5111,#4973,#5121,.T.);
#5121 = ELLIPSE('',#5122,0.11313708499,8.E-02);
#5122 = AXIS2_PLACEMENT_3D('',#5123,#5124,#5125);
#5123 = CARTESIAN_POINT('',(-2.42,2.42,1.62));
#5124 = DIRECTION('',(0.707106781187,0.707106781187,-0.));
#5125 = DIRECTION('',(-0.707106781187,0.707106781187,0.));
#5126 = CYLINDRICAL_SURFACE('',#5127,8.E-02);
#5127 = AXIS2_PLACEMENT_3D('',#5128,#5129,#5130);
#5128 = CARTESIAN_POINT('',(-2.42,2.5,1.62));
#5129 = DIRECTION('',(-1.224646799147E-16,-1.,0.));
#5130 = DIRECTION('',(-1.,1.224646799147E-16,0.));
#5131 = ADVANCED_FACE('',(#5132),#5143,.T.);
#5132 = FACE_BOUND('',#5133,.T.);
#5133 = EDGE_LOOP('',(#5134,#5140,#5141,#5142));
#5134 = ORIENTED_EDGE('',*,*,#5135,.T.);
#5135 = EDGE_CURVE('',#5086,#5111,#5136,.T.);
#5136 = LINE('',#5137,#5138);
#5137 = CARTESIAN_POINT('',(2.5,2.5,1.62));
#5138 = VECTOR('',#5139,1.);
#5139 = DIRECTION('',(-1.,1.224646799147E-16,0.));
#5140 = ORIENTED_EDGE('',*,*,#5120,.T.);
#5141 = ORIENTED_EDGE('',*,*,#4972,.F.);
#5142 = ORIENTED_EDGE('',*,*,#5093,.F.);
#5143 = CYLINDRICAL_SURFACE('',#5144,8.E-02);
#5144 = AXIS2_PLACEMENT_3D('',#5145,#5146,#5147);
#5145 = CARTESIAN_POINT('',(2.5,2.42,1.62));
#5146 = DIRECTION('',(-1.,1.224646799147E-16,0.));
#5147 = DIRECTION('',(1.224646799147E-16,1.,0.));
#5148 = ADVANCED_FACE('',(#5149),#5168,.F.);
#5149 = FACE_BOUND('',#5150,.F.);
#5150 = EDGE_LOOP('',(#5151,#5159,#5160,#5161));
#5151 = ORIENTED_EDGE('',*,*,#5152,.T.);
#5152 = EDGE_CURVE('',#5153,#5003,#5155,.T.);
#5153 = VERTEX_POINT('',#5154);
#5154 = CARTESIAN_POINT('',(-1.666666666667,2.041077998579E-16,1.3));
#5155 = LINE('',#5156,#5157);
#5156 = CARTESIAN_POINT('',(-1.666666666667,2.041077998579E-16,0.9));
#5157 = VECTOR('',#5158,1.);
#5158 = DIRECTION('',(0.,0.,1.));
#5159 = ORIENTED_EDGE('',*,*,#5012,.T.);
#5160 = ORIENTED_EDGE('',*,*,#5152,.F.);
#5161 = ORIENTED_EDGE('',*,*,#5162,.T.);
#5162 = EDGE_CURVE('',#5153,#5153,#5163,.T.);
#5163 = CIRCLE('',#5164,1.666666666667);
#5164 = AXIS2_PLACEMENT_3D('',#5165,#5166,#5167);
#5165 = CARTESIAN_POINT('',(0.,0.,1.3));
#5166 = DIRECTION('',(0.,0.,1.));
#5167 = DIRECTION('',(-1.,1.224646799147E-16,0.));
#5168 = CYLINDRICAL_SURFACE('',#5169,1.666666666667);
#5169 = AXIS2_PLACEMENT_3D('',#5170,#5171,#5172);
#5170 = CARTESIAN_POINT('',(0.,0.,0.9));
#5171 = DIRECTION('',(0.,0.,-1.));
#5172 = DIRECTION('',(-1.,1.224646799147E-16,0.));
#5173 = ADVANCED_FACE('',(#5174),#5199,.T.);
#5174 = FACE_BOUND('',#5175,.T.);
#5175 = EDGE_LOOP('',(#5176,#5184,#5192,#5198));
#5176 = ORIENTED_EDGE('',*,*,#5177,.T.);
#5177 = EDGE_CURVE('',#5028,#5178,#5180,.T.);
#5178 = VERTEX_POINT('',#5179);
#5179 = CARTESIAN_POINT('',(1.464466094067,-2.5,1.38));
#5180 = LINE('',#5181,#5182);
#5181 = CARTESIAN_POINT('',(1.464466094067,-2.5,0.74));
#5182 = VECTOR('',#5183,1.);
#5183 = DIRECTION('',(0.,0.,-1.));
#5184 = ORIENTED_EDGE('',*,*,#5185,.F.);
#5185 = EDGE_CURVE('',#5186,#5178,#5188,.T.);
#5186 = VERTEX_POINT('',#5187);
#5187 = CARTESIAN_POINT('',(2.5,-1.464466094067,1.38));
#5188 = LINE('',#5189,#5190);
#5189 = CARTESIAN_POINT('',(3.75,-0.214466094067,1.38));
#5190 = VECTOR('',#5191,1.);
#5191 = DIRECTION('',(-0.707106781187,-0.707106781187,0.));
#5192 = ORIENTED_EDGE('',*,*,#5193,.T.);
#5193 = EDGE_CURVE('',#5186,#5037,#5194,.T.);
#5194 = LINE('',#5195,#5196);
#5195 = CARTESIAN_POINT('',(2.5,-1.464466094067,0.74));
#5196 = VECTOR('',#5197,1.);
#5197 = DIRECTION('',(0.,0.,1.));
#5198 = ORIENTED_EDGE('',*,*,#5036,.F.);
#5199 = PLANE('',#5200);
#5200 = AXIS2_PLACEMENT_3D('',#5201,#5202,#5203);
#5201 = CARTESIAN_POINT('',(3.75,-0.214466094067,1.38));
#5202 = DIRECTION('',(0.707106781187,-0.707106781187,0.));
#5203 = DIRECTION('',(-0.707106781187,-0.707106781187,0.));
#5204 = ADVANCED_FACE('',(#5205),#5239,.F.);
#5205 = FACE_BOUND('',#5206,.F.);
#5206 = EDGE_LOOP('',(#5207,#5208,#5216,#5224,#5232,#5238));
#5207 = ORIENTED_EDGE('',*,*,#5177,.T.);
#5208 = ORIENTED_EDGE('',*,*,#5209,.T.);
#5209 = EDGE_CURVE('',#5178,#5210,#5212,.T.);
#5210 = VERTEX_POINT('',#5211);
#5211 = CARTESIAN_POINT('',(2.5,-2.5,1.38));
#5212 = LINE('',#5213,#5214);
#5213 = CARTESIAN_POINT('',(0.625,-2.5,1.38));
#5214 = VECTOR('',#5215,1.);
#5215 = DIRECTION('',(1.,-1.224646799147E-16,0.));
#5216 = ORIENTED_EDGE('',*,*,#5217,.F.);
#5217 = EDGE_CURVE('',#5218,#5210,#5220,.T.);
#5218 = VERTEX_POINT('',#5219);
#5219 = CARTESIAN_POINT('',(2.5,-2.5,0.1));
#5220 = LINE('',#5221,#5222);
#5221 = CARTESIAN_POINT('',(2.5,-2.5,0.1));
#5222 = VECTOR('',#5223,1.);
#5223 = DIRECTION('',(0.,0.,1.));
#5224 = ORIENTED_EDGE('',*,*,#5225,.F.);
#5225 = EDGE_CURVE('',#5226,#5218,#5228,.T.);
#5226 = VERTEX_POINT('',#5227);
#5227 = CARTESIAN_POINT('',(-2.5,-2.5,0.1));
#5228 = LINE('',#5229,#5230);
#5229 = CARTESIAN_POINT('',(-2.5,-2.5,0.1));
#5230 = VECTOR('',#5231,1.);
#5231 = DIRECTION('',(1.,-1.224646799147E-16,0.));
#5232 = ORIENTED_EDGE('',*,*,#5233,.T.);
#5233 = EDGE_CURVE('',#5226,#5061,#5234,.T.);
#5234 = LINE('',#5235,#5236);
#5235 = CARTESIAN_POINT('',(-2.5,-2.5,0.1));
#5236 = VECTOR('',#5237,1.);
#5237 = DIRECTION('',(0.,0.,1.));
#5238 = ORIENTED_EDGE('',*,*,#5069,.T.);
#5239 = PLANE('',#5240);
#5240 = AXIS2_PLACEMENT_3D('',#5241,#5242,#5243);
#5241 = CARTESIAN_POINT('',(-2.5,-2.5,0.1));
#5242 = DIRECTION('',(1.224646799147E-16,1.,0.));
#5243 = DIRECTION('',(1.,-1.224646799147E-16,0.));
#5244 = ADVANCED_FACE('',(#5245,#5302,#5336),#5370,.F.);
#5245 = FACE_BOUND('',#5246,.F.);
#5246 = EDGE_LOOP('',(#5247,#5255,#5263,#5271,#5279,#5287,#5293,#5294,
    #5300,#5301));
#5247 = ORIENTED_EDGE('',*,*,#5248,.F.);
#5248 = EDGE_CURVE('',#5249,#5086,#5251,.T.);
#5249 = VERTEX_POINT('',#5250);
#5250 = CARTESIAN_POINT('',(2.5,2.5,0.1));
#5251 = LINE('',#5252,#5253);
#5252 = CARTESIAN_POINT('',(2.5,2.5,0.1));
#5253 = VECTOR('',#5254,1.);
#5254 = DIRECTION('',(0.,0.,1.));
#5255 = ORIENTED_EDGE('',*,*,#5256,.F.);
#5256 = EDGE_CURVE('',#5257,#5249,#5259,.T.);
#5257 = VERTEX_POINT('',#5258);
#5258 = CARTESIAN_POINT('',(2.5,2.1,0.1));
#5259 = LINE('',#5260,#5261);
#5260 = CARTESIAN_POINT('',(2.5,-2.5,0.1));
#5261 = VECTOR('',#5262,1.);
#5262 = DIRECTION('',(1.224646799147E-16,1.,0.));
#5263 = ORIENTED_EDGE('',*,*,#5264,.F.);
#5264 = EDGE_CURVE('',#5265,#5257,#5267,.T.);
#5265 = VERTEX_POINT('',#5266);
#5266 = CARTESIAN_POINT('',(2.5,1.1,0.1));
#5267 = LINE('',#5268,#5269);
#5268 = CARTESIAN_POINT('',(2.5,-2.5,0.1));
#5269 = VECTOR('',#5270,1.);
#5270 = DIRECTION('',(1.224646799147E-16,1.,0.));
#5271 = ORIENTED_EDGE('',*,*,#5272,.F.);
#5272 = EDGE_CURVE('',#5273,#5265,#5275,.T.);
#5273 = VERTEX_POINT('',#5274);
#5274 = CARTESIAN_POINT('',(2.5,-1.1,0.1));
#5275 = LINE('',#5276,#5277);
#5276 = CARTESIAN_POINT('',(2.5,-2.5,0.1));
#5277 = VECTOR('',#5278,1.);
#5278 = DIRECTION('',(1.224646799147E-16,1.,0.));
#5279 = ORIENTED_EDGE('',*,*,#5280,.F.);
#5280 = EDGE_CURVE('',#5281,#5273,#5283,.T.);
#5281 = VERTEX_POINT('',#5282);
#5282 = CARTESIAN_POINT('',(2.5,-2.1,0.1));
#5283 = LINE('',#5284,#5285);
#5284 = CARTESIAN_POINT('',(2.5,-2.5,0.1));
#5285 = VECTOR('',#5286,1.);
#5286 = DIRECTION('',(1.224646799147E-16,1.,0.));
#5287 = ORIENTED_EDGE('',*,*,#5288,.F.);
#5288 = EDGE_CURVE('',#5218,#5281,#5289,.T.);
#5289 = LINE('',#5290,#5291);
#5290 = CARTESIAN_POINT('',(2.5,-2.5,0.1));
#5291 = VECTOR('',#5292,1.);
#5292 = DIRECTION('',(1.224646799147E-16,1.,0.));
#5293 = ORIENTED_EDGE('',*,*,#5217,.T.);
#5294 = ORIENTED_EDGE('',*,*,#5295,.T.);
#5295 = EDGE_CURVE('',#5210,#5186,#5296,.T.);
#5296 = LINE('',#5297,#5298);
#5297 = CARTESIAN_POINT('',(2.5,-3.125,1.38));
#5298 = VECTOR('',#5299,1.);
#5299 = DIRECTION('',(1.224646799147E-16,1.,0.));
#5300 = ORIENTED_EDGE('',*,*,#5193,.T.);
#5301 = ORIENTED_EDGE('',*,*,#5085,.T.);
#5302 = FACE_BOUND('',#5303,.F.);
#5303 = EDGE_LOOP('',(#5304,#5314,#5322,#5330));
#5304 = ORIENTED_EDGE('',*,*,#5305,.F.);
#5305 = EDGE_CURVE('',#5306,#5308,#5310,.T.);
#5306 = VERTEX_POINT('',#5307);
#5307 = CARTESIAN_POINT('',(2.5,-2.1,0.6));
#5308 = VERTEX_POINT('',#5309);
#5309 = CARTESIAN_POINT('',(2.5,-1.1,0.6));
#5310 = LINE('',#5311,#5312);
#5311 = CARTESIAN_POINT('',(2.5,-2.05,0.6));
#5312 = VECTOR('',#5313,1.);
#5313 = DIRECTION('',(1.224646799147E-16,1.,0.));
#5314 = ORIENTED_EDGE('',*,*,#5315,.T.);
#5315 = EDGE_CURVE('',#5306,#5316,#5318,.T.);
#5316 = VERTEX_POINT('',#5317);
#5317 = CARTESIAN_POINT('',(2.5,-2.1,0.5));
#5318 = LINE('',#5319,#5320);
#5319 = CARTESIAN_POINT('',(2.5,-2.1,5.E-02));
#5320 = VECTOR('',#5321,1.);
#5321 = DIRECTION('',(-0.,0.,-1.));
#5322 = ORIENTED_EDGE('',*,*,#5323,.T.);
#5323 = EDGE_CURVE('',#5316,#5324,#5326,.T.);
#5324 = VERTEX_POINT('',#5325);
#5325 = CARTESIAN_POINT('',(2.5,-1.1,0.5));
#5326 = LINE('',#5327,#5328);
#5327 = CARTESIAN_POINT('',(2.5,-2.05,0.5));
#5328 = VECTOR('',#5329,1.);
#5329 = DIRECTION('',(1.224646799147E-16,1.,0.));
#5330 = ORIENTED_EDGE('',*,*,#5331,.T.);
#5331 = EDGE_CURVE('',#5324,#5308,#5332,.T.);
#5332 = LINE('',#5333,#5334);
#5333 = CARTESIAN_POINT('',(2.5,-1.1,5.E-02));
#5334 = VECTOR('',#5335,1.);
#5335 = DIRECTION('',(0.,0.,1.));
#5336 = FACE_BOUND('',#5337,.F.);
#5337 = EDGE_LOOP('',(#5338,#5348,#5356,#5364));
#5338 = ORIENTED_EDGE('',*,*,#5339,.T.);
#5339 = EDGE_CURVE('',#5340,#5342,#5344,.T.);
#5340 = VERTEX_POINT('',#5341);
#5341 = CARTESIAN_POINT('',(2.5,1.1,0.5));
#5342 = VERTEX_POINT('',#5343);
#5343 = CARTESIAN_POINT('',(2.5,2.1,0.5));
#5344 = LINE('',#5345,#5346);
#5345 = CARTESIAN_POINT('',(2.5,-0.45,0.5));
#5346 = VECTOR('',#5347,1.);
#5347 = DIRECTION('',(1.224646799147E-16,1.,0.));
#5348 = ORIENTED_EDGE('',*,*,#5349,.T.);
#5349 = EDGE_CURVE('',#5342,#5350,#5352,.T.);
#5350 = VERTEX_POINT('',#5351);
#5351 = CARTESIAN_POINT('',(2.5,2.1,0.6));
#5352 = LINE('',#5353,#5354);
#5353 = CARTESIAN_POINT('',(2.5,2.1,5.E-02));
#5354 = VECTOR('',#5355,1.);
#5355 = DIRECTION('',(0.,0.,1.));
#5356 = ORIENTED_EDGE('',*,*,#5357,.F.);
#5357 = EDGE_CURVE('',#5358,#5350,#5360,.T.);
#5358 = VERTEX_POINT('',#5359);
#5359 = CARTESIAN_POINT('',(2.5,1.1,0.6));
#5360 = LINE('',#5361,#5362);
#5361 = CARTESIAN_POINT('',(2.5,-0.45,0.6));
#5362 = VECTOR('',#5363,1.);
#5363 = DIRECTION('',(1.224646799147E-16,1.,0.));
#5364 = ORIENTED_EDGE('',*,*,#5365,.T.);
#5365 = EDGE_CURVE('',#5358,#5340,#5366,.T.);
#5366 = LINE('',#5367,#5368);
#5367 = CARTESIAN_POINT('',(2.5,1.1,5.E-02));
#5368 = VECTOR('',#5369,1.);
#5369 = DIRECTION('',(-0.,0.,-1.));
#5370 = PLANE('',#5371);
#5371 = AXIS2_PLACEMENT_3D('',#5372,#5373,#5374);
#5372 = CARTESIAN_POINT('',(2.5,-2.5,0.1));
#5373 = DIRECTION('',(-1.,1.224646799147E-16,0.));
#5374 = DIRECTION('',(1.224646799147E-16,1.,0.));
#5375 = ADVANCED_FACE('',(#5376,#5426,#5460),#5494,.F.);
#5376 = FACE_BOUND('',#5377,.F.);
#5377 = EDGE_LOOP('',(#5378,#5386,#5387,#5388,#5396,#5404,#5412,#5420));
#5378 = ORIENTED_EDGE('',*,*,#5379,.T.);
#5379 = EDGE_CURVE('',#5380,#5111,#5382,.T.);
#5380 = VERTEX_POINT('',#5381);
#5381 = CARTESIAN_POINT('',(-2.5,2.5,0.1));
#5382 = LINE('',#5383,#5384);
#5383 = CARTESIAN_POINT('',(-2.5,2.5,0.1));
#5384 = VECTOR('',#5385,1.);
#5385 = DIRECTION('',(0.,0.,1.));
#5386 = ORIENTED_EDGE('',*,*,#5110,.T.);
#5387 = ORIENTED_EDGE('',*,*,#5233,.F.);
#5388 = ORIENTED_EDGE('',*,*,#5389,.F.);
#5389 = EDGE_CURVE('',#5390,#5226,#5392,.T.);
#5390 = VERTEX_POINT('',#5391);
#5391 = CARTESIAN_POINT('',(-2.5,-2.1,0.1));
#5392 = LINE('',#5393,#5394);
#5393 = CARTESIAN_POINT('',(-2.5,2.5,0.1));
#5394 = VECTOR('',#5395,1.);
#5395 = DIRECTION('',(-1.224646799147E-16,-1.,0.));
#5396 = ORIENTED_EDGE('',*,*,#5397,.F.);
#5397 = EDGE_CURVE('',#5398,#5390,#5400,.T.);
#5398 = VERTEX_POINT('',#5399);
#5399 = CARTESIAN_POINT('',(-2.5,-1.1,0.1));
#5400 = LINE('',#5401,#5402);
#5401 = CARTESIAN_POINT('',(-2.5,2.5,0.1));
#5402 = VECTOR('',#5403,1.);
#5403 = DIRECTION('',(-1.224646799147E-16,-1.,0.));
#5404 = ORIENTED_EDGE('',*,*,#5405,.F.);
#5405 = EDGE_CURVE('',#5406,#5398,#5408,.T.);
#5406 = VERTEX_POINT('',#5407);
#5407 = CARTESIAN_POINT('',(-2.5,1.1,0.1));
#5408 = LINE('',#5409,#5410);
#5409 = CARTESIAN_POINT('',(-2.5,2.5,0.1));
#5410 = VECTOR('',#5411,1.);
#5411 = DIRECTION('',(-1.224646799147E-16,-1.,0.));
#5412 = ORIENTED_EDGE('',*,*,#5413,.F.);
#5413 = EDGE_CURVE('',#5414,#5406,#5416,.T.);
#5414 = VERTEX_POINT('',#5415);
#5415 = CARTESIAN_POINT('',(-2.5,2.1,0.1));
#5416 = LINE('',#5417,#5418);
#5417 = CARTESIAN_POINT('',(-2.5,2.5,0.1));
#5418 = VECTOR('',#5419,1.);
#5419 = DIRECTION('',(-1.224646799147E-16,-1.,0.));
#5420 = ORIENTED_EDGE('',*,*,#5421,.F.);
#5421 = EDGE_CURVE('',#5380,#5414,#5422,.T.);
#5422 = LINE('',#5423,#5424);
#5423 = CARTESIAN_POINT('',(-2.5,2.5,0.1));
#5424 = VECTOR('',#5425,1.);
#5425 = DIRECTION('',(-1.224646799147E-16,-1.,0.));
#5426 = FACE_BOUND('',#5427,.F.);
#5427 = EDGE_LOOP('',(#5428,#5438,#5446,#5454));
#5428 = ORIENTED_EDGE('',*,*,#5429,.T.);
#5429 = EDGE_CURVE('',#5430,#5432,#5434,.T.);
#5430 = VERTEX_POINT('',#5431);
#5431 = CARTESIAN_POINT('',(-2.5,-1.1,0.5));
#5432 = VERTEX_POINT('',#5433);
#5433 = CARTESIAN_POINT('',(-2.5,-2.1,0.5));
#5434 = LINE('',#5435,#5436);
#5435 = CARTESIAN_POINT('',(-2.5,0.45,0.5));
#5436 = VECTOR('',#5437,1.);
#5437 = DIRECTION('',(-1.224646799147E-16,-1.,0.));
#5438 = ORIENTED_EDGE('',*,*,#5439,.T.);
#5439 = EDGE_CURVE('',#5432,#5440,#5442,.T.);
#5440 = VERTEX_POINT('',#5441);
#5441 = CARTESIAN_POINT('',(-2.5,-2.1,0.6));
#5442 = LINE('',#5443,#5444);
#5443 = CARTESIAN_POINT('',(-2.5,-2.1,5.E-02));
#5444 = VECTOR('',#5445,1.);
#5445 = DIRECTION('',(0.,0.,1.));
#5446 = ORIENTED_EDGE('',*,*,#5447,.F.);
#5447 = EDGE_CURVE('',#5448,#5440,#5450,.T.);
#5448 = VERTEX_POINT('',#5449);
#5449 = CARTESIAN_POINT('',(-2.5,-1.1,0.6));
#5450 = LINE('',#5451,#5452);
#5451 = CARTESIAN_POINT('',(-2.5,0.45,0.6));
#5452 = VECTOR('',#5453,1.);
#5453 = DIRECTION('',(-1.224646799147E-16,-1.,0.));
#5454 = ORIENTED_EDGE('',*,*,#5455,.T.);
#5455 = EDGE_CURVE('',#5448,#5430,#5456,.T.);
#5456 = LINE('',#5457,#5458);
#5457 = CARTESIAN_POINT('',(-2.5,-1.1,5.E-02));
#5458 = VECTOR('',#5459,1.);
#5459 = DIRECTION('',(-0.,0.,-1.));
#5460 = FACE_BOUND('',#5461,.F.);
#5461 = EDGE_LOOP('',(#5462,#5472,#5480,#5488));
#5462 = ORIENTED_EDGE('',*,*,#5463,.F.);
#5463 = EDGE_CURVE('',#5464,#5466,#5468,.T.);
#5464 = VERTEX_POINT('',#5465);
#5465 = CARTESIAN_POINT('',(-2.5,2.1,0.6));
#5466 = VERTEX_POINT('',#5467);
#5467 = CARTESIAN_POINT('',(-2.5,1.1,0.6));
#5468 = LINE('',#5469,#5470);
#5469 = CARTESIAN_POINT('',(-2.5,2.05,0.6));
#5470 = VECTOR('',#5471,1.);
#5471 = DIRECTION('',(-1.224646799147E-16,-1.,0.));
#5472 = ORIENTED_EDGE('',*,*,#5473,.T.);
#5473 = EDGE_CURVE('',#5464,#5474,#5476,.T.);
#5474 = VERTEX_POINT('',#5475);
#5475 = CARTESIAN_POINT('',(-2.5,2.1,0.5));
#5476 = LINE('',#5477,#5478);
#5477 = CARTESIAN_POINT('',(-2.5,2.1,5.E-02));
#5478 = VECTOR('',#5479,1.);
#5479 = DIRECTION('',(-0.,0.,-1.));
#5480 = ORIENTED_EDGE('',*,*,#5481,.T.);
#5481 = EDGE_CURVE('',#5474,#5482,#5484,.T.);
#5482 = VERTEX_POINT('',#5483);
#5483 = CARTESIAN_POINT('',(-2.5,1.1,0.5));
#5484 = LINE('',#5485,#5486);
#5485 = CARTESIAN_POINT('',(-2.5,2.05,0.5));
#5486 = VECTOR('',#5487,1.);
#5487 = DIRECTION('',(-1.224646799147E-16,-1.,0.));
#5488 = ORIENTED_EDGE('',*,*,#5489,.T.);
#5489 = EDGE_CURVE('',#5482,#5466,#5490,.T.);
#5490 = LINE('',#5491,#5492);
#5491 = CARTESIAN_POINT('',(-2.5,1.1,5.E-02));
#5492 = VECTOR('',#5493,1.);
#5493 = DIRECTION('',(0.,0.,1.));
#5494 = PLANE('',#5495);
#5495 = AXIS2_PLACEMENT_3D('',#5496,#5497,#5498);
#5496 = CARTESIAN_POINT('',(-2.5,2.5,0.1));
#5497 = DIRECTION('',(1.,-1.224646799147E-16,0.));
#5498 = DIRECTION('',(-1.224646799147E-16,-1.,0.));
#5499 = ADVANCED_FACE('',(#5500),#5511,.F.);
#5500 = FACE_BOUND('',#5501,.F.);
#5501 = EDGE_LOOP('',(#5502,#5503,#5504,#5505));
#5502 = ORIENTED_EDGE('',*,*,#5248,.T.);
#5503 = ORIENTED_EDGE('',*,*,#5135,.T.);
#5504 = ORIENTED_EDGE('',*,*,#5379,.F.);
#5505 = ORIENTED_EDGE('',*,*,#5506,.F.);
#5506 = EDGE_CURVE('',#5249,#5380,#5507,.T.);
#5507 = LINE('',#5508,#5509);
#5508 = CARTESIAN_POINT('',(2.5,2.5,0.1));
#5509 = VECTOR('',#5510,1.);
#5510 = DIRECTION('',(-1.,1.224646799147E-16,0.));
#5511 = PLANE('',#5512);
#5512 = AXIS2_PLACEMENT_3D('',#5513,#5514,#5515);
#5513 = CARTESIAN_POINT('',(2.5,2.5,0.1));
#5514 = DIRECTION('',(-1.224646799147E-16,-1.,0.));
#5515 = DIRECTION('',(-1.,1.224646799147E-16,0.));
#5516 = ADVANCED_FACE('',(#5517),#5520,.T.);
#5517 = FACE_BOUND('',#5518,.T.);
#5518 = EDGE_LOOP('',(#5519));
#5519 = ORIENTED_EDGE('',*,*,#5162,.T.);
#5520 = PLANE('',#5521);
#5521 = AXIS2_PLACEMENT_3D('',#5522,#5523,#5524);
#5522 = CARTESIAN_POINT('',(1.538370149107E-16,-1.370800865949E-16,1.3)
  );
#5523 = DIRECTION('',(-4.787743803777E-49,7.264797914051E-33,1.));
#5524 = DIRECTION('',(-1.224646799147E-16,-1.,7.264797914051E-33));
#5525 = ADVANCED_FACE('',(#5526),#5531,.T.);
#5526 = FACE_BOUND('',#5527,.T.);
#5527 = EDGE_LOOP('',(#5528,#5529,#5530));
#5528 = ORIENTED_EDGE('',*,*,#5295,.T.);
#5529 = ORIENTED_EDGE('',*,*,#5185,.T.);
#5530 = ORIENTED_EDGE('',*,*,#5209,.T.);
#5531 = PLANE('',#5532);
#5532 = AXIS2_PLACEMENT_3D('',#5533,#5534,#5535);
#5533 = CARTESIAN_POINT('',(3.75,-3.75,1.38));
#5534 = DIRECTION('',(0.,0.,1.));
#5535 = DIRECTION('',(-0.707106781187,-0.707106781187,0.));
#5536 = ADVANCED_FACE('',(#5537),#5699,.F.);
#5537 = FACE_BOUND('',#5538,.F.);
#5538 = EDGE_LOOP('',(#5539,#5540,#5541,#5542,#5550,#5558,#5566,#5574,
    #5580,#5581,#5589,#5597,#5605,#5613,#5619,#5620,#5621,#5622,#5630,
    #5638,#5646,#5654,#5660,#5661,#5669,#5677,#5685,#5693));
#5539 = ORIENTED_EDGE('',*,*,#5256,.T.);
#5540 = ORIENTED_EDGE('',*,*,#5506,.T.);
#5541 = ORIENTED_EDGE('',*,*,#5421,.T.);
#5542 = ORIENTED_EDGE('',*,*,#5543,.F.);
#5543 = EDGE_CURVE('',#5544,#5414,#5546,.T.);
#5544 = VERTEX_POINT('',#5545);
#5545 = CARTESIAN_POINT('',(-1.85,2.1,0.1));
#5546 = LINE('',#5547,#5548);
#5547 = CARTESIAN_POINT('',(-1.95,2.1,0.1));
#5548 = VECTOR('',#5549,1.);
#5549 = DIRECTION('',(-1.,1.224646799147E-16,1.44444745829E-33));
#5550 = ORIENTED_EDGE('',*,*,#5551,.T.);
#5551 = EDGE_CURVE('',#5544,#5552,#5554,.T.);
#5552 = VERTEX_POINT('',#5553);
#5553 = CARTESIAN_POINT('',(-1.7,2.1,0.1));
#5554 = LINE('',#5555,#5556);
#5555 = CARTESIAN_POINT('',(-0.85,2.1,0.1));
#5556 = VECTOR('',#5557,1.);
#5557 = DIRECTION('',(1.,-1.224646799147E-16,0.));
#5558 = ORIENTED_EDGE('',*,*,#5559,.T.);
#5559 = EDGE_CURVE('',#5552,#5560,#5562,.T.);
#5560 = VERTEX_POINT('',#5561);
#5561 = CARTESIAN_POINT('',(-1.7,1.1,0.1));
#5562 = LINE('',#5563,#5564);
#5563 = CARTESIAN_POINT('',(-1.7,0.55,0.1));
#5564 = VECTOR('',#5565,1.);
#5565 = DIRECTION('',(-1.224646799147E-16,-1.,0.));
#5566 = ORIENTED_EDGE('',*,*,#5567,.T.);
#5567 = EDGE_CURVE('',#5560,#5568,#5570,.T.);
#5568 = VERTEX_POINT('',#5569);
#5569 = CARTESIAN_POINT('',(-1.85,1.1,0.1));
#5570 = LINE('',#5571,#5572);
#5571 = CARTESIAN_POINT('',(-1.35,1.1,0.1));
#5572 = VECTOR('',#5573,1.);
#5573 = DIRECTION('',(-1.,1.224646799147E-16,0.));
#5574 = ORIENTED_EDGE('',*,*,#5575,.F.);
#5575 = EDGE_CURVE('',#5406,#5568,#5576,.T.);
#5576 = LINE('',#5577,#5578);
#5577 = CARTESIAN_POINT('',(-2.45,1.1,0.1));
#5578 = VECTOR('',#5579,1.);
#5579 = DIRECTION('',(1.,-1.224646799147E-16,-1.44444745829E-33));
#5580 = ORIENTED_EDGE('',*,*,#5405,.T.);
#5581 = ORIENTED_EDGE('',*,*,#5582,.F.);
#5582 = EDGE_CURVE('',#5583,#5398,#5585,.T.);
#5583 = VERTEX_POINT('',#5584);
#5584 = CARTESIAN_POINT('',(-1.85,-1.1,0.1));
#5585 = LINE('',#5586,#5587);
#5586 = CARTESIAN_POINT('',(-1.95,-1.1,0.1));
#5587 = VECTOR('',#5588,1.);
#5588 = DIRECTION('',(-1.,1.224646799147E-16,1.44444745829E-33));
#5589 = ORIENTED_EDGE('',*,*,#5590,.T.);
#5590 = EDGE_CURVE('',#5583,#5591,#5593,.T.);
#5591 = VERTEX_POINT('',#5592);
#5592 = CARTESIAN_POINT('',(-1.7,-1.1,0.1));
#5593 = LINE('',#5594,#5595);
#5594 = CARTESIAN_POINT('',(-0.85,-1.1,0.1));
#5595 = VECTOR('',#5596,1.);
#5596 = DIRECTION('',(1.,-1.224646799147E-16,0.));
#5597 = ORIENTED_EDGE('',*,*,#5598,.T.);
#5598 = EDGE_CURVE('',#5591,#5599,#5601,.T.);
#5599 = VERTEX_POINT('',#5600);
#5600 = CARTESIAN_POINT('',(-1.7,-2.1,0.1));
#5601 = LINE('',#5602,#5603);
#5602 = CARTESIAN_POINT('',(-1.7,-1.05,0.1));
#5603 = VECTOR('',#5604,1.);
#5604 = DIRECTION('',(-1.224646799147E-16,-1.,0.));
#5605 = ORIENTED_EDGE('',*,*,#5606,.T.);
#5606 = EDGE_CURVE('',#5599,#5607,#5609,.T.);
#5607 = VERTEX_POINT('',#5608);
#5608 = CARTESIAN_POINT('',(-1.85,-2.1,0.1));
#5609 = LINE('',#5610,#5611);
#5610 = CARTESIAN_POINT('',(-1.35,-2.1,0.1));
#5611 = VECTOR('',#5612,1.);
#5612 = DIRECTION('',(-1.,1.224646799147E-16,0.));
#5613 = ORIENTED_EDGE('',*,*,#5614,.F.);
#5614 = EDGE_CURVE('',#5390,#5607,#5615,.T.);
#5615 = LINE('',#5616,#5617);
#5616 = CARTESIAN_POINT('',(-2.45,-2.1,0.1));
#5617 = VECTOR('',#5618,1.);
#5618 = DIRECTION('',(1.,-1.224646799147E-16,-1.44444745829E-33));
#5619 = ORIENTED_EDGE('',*,*,#5389,.T.);
#5620 = ORIENTED_EDGE('',*,*,#5225,.T.);
#5621 = ORIENTED_EDGE('',*,*,#5288,.T.);
#5622 = ORIENTED_EDGE('',*,*,#5623,.F.);
#5623 = EDGE_CURVE('',#5624,#5281,#5626,.T.);
#5624 = VERTEX_POINT('',#5625);
#5625 = CARTESIAN_POINT('',(1.85,-2.1,0.1));
#5626 = LINE('',#5627,#5628);
#5627 = CARTESIAN_POINT('',(1.95,-2.1,0.1));
#5628 = VECTOR('',#5629,1.);
#5629 = DIRECTION('',(1.,-1.224646799147E-16,-1.44444745829E-33));
#5630 = ORIENTED_EDGE('',*,*,#5631,.T.);
#5631 = EDGE_CURVE('',#5624,#5632,#5634,.T.);
#5632 = VERTEX_POINT('',#5633);
#5633 = CARTESIAN_POINT('',(1.7,-2.1,0.1));
#5634 = LINE('',#5635,#5636);
#5635 = CARTESIAN_POINT('',(0.85,-2.1,0.1));
#5636 = VECTOR('',#5637,1.);
#5637 = DIRECTION('',(-1.,1.224646799147E-16,0.));
#5638 = ORIENTED_EDGE('',*,*,#5639,.T.);
#5639 = EDGE_CURVE('',#5632,#5640,#5642,.T.);
#5640 = VERTEX_POINT('',#5641);
#5641 = CARTESIAN_POINT('',(1.7,-1.1,0.1));
#5642 = LINE('',#5643,#5644);
#5643 = CARTESIAN_POINT('',(1.7,-0.55,0.1));
#5644 = VECTOR('',#5645,1.);
#5645 = DIRECTION('',(1.224646799147E-16,1.,0.));
#5646 = ORIENTED_EDGE('',*,*,#5647,.T.);
#5647 = EDGE_CURVE('',#5640,#5648,#5650,.T.);
#5648 = VERTEX_POINT('',#5649);
#5649 = CARTESIAN_POINT('',(1.85,-1.1,0.1));
#5650 = LINE('',#5651,#5652);
#5651 = CARTESIAN_POINT('',(1.35,-1.1,0.1));
#5652 = VECTOR('',#5653,1.);
#5653 = DIRECTION('',(1.,-1.224646799147E-16,0.));
#5654 = ORIENTED_EDGE('',*,*,#5655,.F.);
#5655 = EDGE_CURVE('',#5273,#5648,#5656,.T.);
#5656 = LINE('',#5657,#5658);
#5657 = CARTESIAN_POINT('',(2.45,-1.1,0.1));
#5658 = VECTOR('',#5659,1.);
#5659 = DIRECTION('',(-1.,1.224646799147E-16,1.44444745829E-33));
#5660 = ORIENTED_EDGE('',*,*,#5272,.T.);
#5661 = ORIENTED_EDGE('',*,*,#5662,.F.);
#5662 = EDGE_CURVE('',#5663,#5265,#5665,.T.);
#5663 = VERTEX_POINT('',#5664);
#5664 = CARTESIAN_POINT('',(1.85,1.1,0.1));
#5665 = LINE('',#5666,#5667);
#5666 = CARTESIAN_POINT('',(1.95,1.1,0.1));
#5667 = VECTOR('',#5668,1.);
#5668 = DIRECTION('',(1.,-1.224646799147E-16,-1.44444745829E-33));
#5669 = ORIENTED_EDGE('',*,*,#5670,.T.);
#5670 = EDGE_CURVE('',#5663,#5671,#5673,.T.);
#5671 = VERTEX_POINT('',#5672);
#5672 = CARTESIAN_POINT('',(1.7,1.1,0.1));
#5673 = LINE('',#5674,#5675);
#5674 = CARTESIAN_POINT('',(0.85,1.1,0.1));
#5675 = VECTOR('',#5676,1.);
#5676 = DIRECTION('',(-1.,1.224646799147E-16,0.));
#5677 = ORIENTED_EDGE('',*,*,#5678,.T.);
#5678 = EDGE_CURVE('',#5671,#5679,#5681,.T.);
#5679 = VERTEX_POINT('',#5680);
#5680 = CARTESIAN_POINT('',(1.7,2.1,0.1));
#5681 = LINE('',#5682,#5683);
#5682 = CARTESIAN_POINT('',(1.7,1.05,0.1));
#5683 = VECTOR('',#5684,1.);
#5684 = DIRECTION('',(1.224646799147E-16,1.,0.));
#5685 = ORIENTED_EDGE('',*,*,#5686,.T.);
#5686 = EDGE_CURVE('',#5679,#5687,#5689,.T.);
#5687 = VERTEX_POINT('',#5688);
#5688 = CARTESIAN_POINT('',(1.85,2.1,0.1));
#5689 = LINE('',#5690,#5691);
#5690 = CARTESIAN_POINT('',(1.35,2.1,0.1));
#5691 = VECTOR('',#5692,1.);
#5692 = DIRECTION('',(1.,-1.224646799147E-16,0.));
#5693 = ORIENTED_EDGE('',*,*,#5694,.F.);
#5694 = EDGE_CURVE('',#5257,#5687,#5695,.T.);
#5695 = LINE('',#5696,#5697);
#5696 = CARTESIAN_POINT('',(2.45,2.1,0.1));
#5697 = VECTOR('',#5698,1.);
#5698 = DIRECTION('',(-1.,1.224646799147E-16,1.44444745829E-33));
#5699 = PLANE('',#5700);
#5700 = AXIS2_PLACEMENT_3D('',#5701,#5702,#5703);
#5701 = CARTESIAN_POINT('',(0.,0.,0.1));
#5702 = DIRECTION('',(0.,0.,1.));
#5703 = DIRECTION('',(-1.,1.224646799147E-16,0.));
#5704 = ADVANCED_FACE('',(#5705),#5730,.T.);
#5705 = FACE_BOUND('',#5706,.T.);
#5706 = EDGE_LOOP('',(#5707,#5717,#5723,#5724));
#5707 = ORIENTED_EDGE('',*,*,#5708,.T.);
#5708 = EDGE_CURVE('',#5709,#5711,#5713,.T.);
#5709 = VERTEX_POINT('',#5710);
#5710 = CARTESIAN_POINT('',(2.55,1.1,0.1));
#5711 = VERTEX_POINT('',#5712);
#5712 = CARTESIAN_POINT('',(2.55,2.1,0.1));
#5713 = LINE('',#5714,#5715);
#5714 = CARTESIAN_POINT('',(2.55,1.,0.1));
#5715 = VECTOR('',#5716,1.);
#5716 = DIRECTION('',(1.224646799147E-16,1.,0.));
#5717 = ORIENTED_EDGE('',*,*,#5718,.T.);
#5718 = EDGE_CURVE('',#5711,#5257,#5719,.T.);
#5719 = LINE('',#5720,#5721);
#5720 = CARTESIAN_POINT('',(2.45,2.1,0.1));
#5721 = VECTOR('',#5722,1.);
#5722 = DIRECTION('',(-1.,1.224646799147E-16,1.44444745829E-33));
#5723 = ORIENTED_EDGE('',*,*,#5264,.F.);
#5724 = ORIENTED_EDGE('',*,*,#5725,.T.);
#5725 = EDGE_CURVE('',#5265,#5709,#5726,.T.);
#5726 = LINE('',#5727,#5728);
#5727 = CARTESIAN_POINT('',(1.95,1.1,0.1));
#5728 = VECTOR('',#5729,1.);
#5729 = DIRECTION('',(1.,-1.224646799147E-16,-1.44444745829E-33));
#5730 = PLANE('',#5731);
#5731 = AXIS2_PLACEMENT_3D('',#5732,#5733,#5734);
#5732 = CARTESIAN_POINT('',(2.2,1.6,0.1));
#5733 = DIRECTION('',(1.44444745829E-33,-1.768937956332E-49,1.));
#5734 = DIRECTION('',(-1.,1.224646799147E-16,1.44444745829E-33));
#5735 = ADVANCED_FACE('',(#5736),#5761,.T.);
#5736 = FACE_BOUND('',#5737,.T.);
#5737 = EDGE_LOOP('',(#5738,#5748,#5754,#5755));
#5738 = ORIENTED_EDGE('',*,*,#5739,.T.);
#5739 = EDGE_CURVE('',#5740,#5742,#5744,.T.);
#5740 = VERTEX_POINT('',#5741);
#5741 = CARTESIAN_POINT('',(2.55,-2.1,0.1));
#5742 = VERTEX_POINT('',#5743);
#5743 = CARTESIAN_POINT('',(2.55,-1.1,0.1));
#5744 = LINE('',#5745,#5746);
#5745 = CARTESIAN_POINT('',(2.55,-2.2,0.1));
#5746 = VECTOR('',#5747,1.);
#5747 = DIRECTION('',(1.224646799147E-16,1.,0.));
#5748 = ORIENTED_EDGE('',*,*,#5749,.T.);
#5749 = EDGE_CURVE('',#5742,#5273,#5750,.T.);
#5750 = LINE('',#5751,#5752);
#5751 = CARTESIAN_POINT('',(2.45,-1.1,0.1));
#5752 = VECTOR('',#5753,1.);
#5753 = DIRECTION('',(-1.,1.224646799147E-16,1.44444745829E-33));
#5754 = ORIENTED_EDGE('',*,*,#5280,.F.);
#5755 = ORIENTED_EDGE('',*,*,#5756,.T.);
#5756 = EDGE_CURVE('',#5281,#5740,#5757,.T.);
#5757 = LINE('',#5758,#5759);
#5758 = CARTESIAN_POINT('',(1.95,-2.1,0.1));
#5759 = VECTOR('',#5760,1.);
#5760 = DIRECTION('',(1.,-1.224646799147E-16,-1.44444745829E-33));
#5761 = PLANE('',#5762);
#5762 = AXIS2_PLACEMENT_3D('',#5763,#5764,#5765);
#5763 = CARTESIAN_POINT('',(2.2,-1.6,0.1));
#5764 = DIRECTION('',(1.44444745829E-33,-1.768937956332E-49,1.));
#5765 = DIRECTION('',(-1.,1.224646799147E-16,1.44444745829E-33));
#5766 = ADVANCED_FACE('',(#5767),#5792,.T.);
#5767 = FACE_BOUND('',#5768,.T.);
#5768 = EDGE_LOOP('',(#5769,#5779,#5785,#5786));
#5769 = ORIENTED_EDGE('',*,*,#5770,.T.);
#5770 = EDGE_CURVE('',#5771,#5773,#5775,.T.);
#5771 = VERTEX_POINT('',#5772);
#5772 = CARTESIAN_POINT('',(2.65,-2.1,0.6));
#5773 = VERTEX_POINT('',#5774);
#5774 = CARTESIAN_POINT('',(2.65,-1.1,0.6));
#5775 = LINE('',#5776,#5777);
#5776 = CARTESIAN_POINT('',(2.65,-2.1,0.6));
#5777 = VECTOR('',#5778,1.);
#5778 = DIRECTION('',(1.224646799147E-16,1.,0.));
#5779 = ORIENTED_EDGE('',*,*,#5780,.T.);
#5780 = EDGE_CURVE('',#5773,#5308,#5781,.T.);
#5781 = LINE('',#5782,#5783);
#5782 = CARTESIAN_POINT('',(2.7,-1.1,0.6));
#5783 = VECTOR('',#5784,1.);
#5784 = DIRECTION('',(-1.,1.224646799147E-16,0.));
#5785 = ORIENTED_EDGE('',*,*,#5305,.F.);
#5786 = ORIENTED_EDGE('',*,*,#5787,.T.);
#5787 = EDGE_CURVE('',#5306,#5771,#5788,.T.);
#5788 = LINE('',#5789,#5790);
#5789 = CARTESIAN_POINT('',(1.7,-2.1,0.6));
#5790 = VECTOR('',#5791,1.);
#5791 = DIRECTION('',(1.,-1.224646799147E-16,0.));
#5792 = PLANE('',#5793);
#5793 = AXIS2_PLACEMENT_3D('',#5794,#5795,#5796);
#5794 = CARTESIAN_POINT('',(2.2,-1.6,0.6));
#5795 = DIRECTION('',(0.,0.,1.));
#5796 = DIRECTION('',(-1.,1.224646799147E-16,0.));
#5797 = ADVANCED_FACE('',(#5798),#5877,.F.);
#5798 = FACE_BOUND('',#5799,.F.);
#5799 = EDGE_LOOP('',(#5800,#5811,#5819,#5826,#5827,#5828,#5836,#5845,
    #5853,#5860,#5861,#5862,#5863,#5871));
#5800 = ORIENTED_EDGE('',*,*,#5801,.F.);
#5801 = EDGE_CURVE('',#5802,#5804,#5806,.T.);
#5802 = VERTEX_POINT('',#5803);
#5803 = CARTESIAN_POINT('',(2.7,-1.1,5.E-02));
#5804 = VERTEX_POINT('',#5805);
#5805 = CARTESIAN_POINT('',(2.65,-1.1,-6.938893903907E-18));
#5806 = CIRCLE('',#5807,5.E-02);
#5807 = AXIS2_PLACEMENT_3D('',#5808,#5809,#5810);
#5808 = CARTESIAN_POINT('',(2.65,-1.1,5.E-02));
#5809 = DIRECTION('',(1.224646799147E-16,1.,0.));
#5810 = DIRECTION('',(0.,0.,-1.));
#5811 = ORIENTED_EDGE('',*,*,#5812,.T.);
#5812 = EDGE_CURVE('',#5802,#5813,#5815,.T.);
#5813 = VERTEX_POINT('',#5814);
#5814 = CARTESIAN_POINT('',(2.7,-1.1,0.55));
#5815 = LINE('',#5816,#5817);
#5816 = CARTESIAN_POINT('',(2.7,-1.1,0.));
#5817 = VECTOR('',#5818,1.);
#5818 = DIRECTION('',(0.,0.,1.));
#5819 = ORIENTED_EDGE('',*,*,#5820,.T.);
#5820 = EDGE_CURVE('',#5813,#5773,#5821,.T.);
#5821 = CIRCLE('',#5822,5.E-02);
#5822 = AXIS2_PLACEMENT_3D('',#5823,#5824,#5825);
#5823 = CARTESIAN_POINT('',(2.65,-1.1,0.55));
#5824 = DIRECTION('',(-1.224646799147E-16,-1.,0.));
#5825 = DIRECTION('',(-0.,0.,-1.));
#5826 = ORIENTED_EDGE('',*,*,#5780,.T.);
#5827 = ORIENTED_EDGE('',*,*,#5331,.F.);
#5828 = ORIENTED_EDGE('',*,*,#5829,.F.);
#5829 = EDGE_CURVE('',#5830,#5324,#5832,.T.);
#5830 = VERTEX_POINT('',#5831);
#5831 = CARTESIAN_POINT('',(2.55,-1.1,0.5));
#5832 = LINE('',#5833,#5834);
#5833 = CARTESIAN_POINT('',(2.45,-1.1,0.5));
#5834 = VECTOR('',#5835,1.);
#5835 = DIRECTION('',(-1.,1.224646799147E-16,1.44444745829E-33));
#5836 = ORIENTED_EDGE('',*,*,#5837,.T.);
#5837 = EDGE_CURVE('',#5830,#5838,#5840,.T.);
#5838 = VERTEX_POINT('',#5839);
#5839 = CARTESIAN_POINT('',(2.6,-1.1,0.45));
#5840 = CIRCLE('',#5841,5.E-02);
#5841 = AXIS2_PLACEMENT_3D('',#5842,#5843,#5844);
#5842 = CARTESIAN_POINT('',(2.55,-1.1,0.45));
#5843 = DIRECTION('',(1.224646799147E-16,1.,0.));
#5844 = DIRECTION('',(1.,-1.224646799147E-16,0.));
#5845 = ORIENTED_EDGE('',*,*,#5846,.T.);
#5846 = EDGE_CURVE('',#5838,#5847,#5849,.T.);
#5847 = VERTEX_POINT('',#5848);
#5848 = CARTESIAN_POINT('',(2.6,-1.1,0.15));
#5849 = LINE('',#5850,#5851);
#5850 = CARTESIAN_POINT('',(2.6,-1.1,5.E-02));
#5851 = VECTOR('',#5852,1.);
#5852 = DIRECTION('',(0.,-0.,-1.));
#5853 = ORIENTED_EDGE('',*,*,#5854,.T.);
#5854 = EDGE_CURVE('',#5847,#5742,#5855,.T.);
#5855 = CIRCLE('',#5856,5.E-02);
#5856 = AXIS2_PLACEMENT_3D('',#5857,#5858,#5859);
#5857 = CARTESIAN_POINT('',(2.55,-1.1,0.15));
#5858 = DIRECTION('',(1.224646799147E-16,1.,0.));
#5859 = DIRECTION('',(1.,-1.224646799147E-16,0.));
#5860 = ORIENTED_EDGE('',*,*,#5749,.T.);
#5861 = ORIENTED_EDGE('',*,*,#5655,.T.);
#5862 = ORIENTED_EDGE('',*,*,#5647,.F.);
#5863 = ORIENTED_EDGE('',*,*,#5864,.F.);
#5864 = EDGE_CURVE('',#5865,#5640,#5867,.T.);
#5865 = VERTEX_POINT('',#5866);
#5866 = CARTESIAN_POINT('',(1.7,-1.1,0.));
#5867 = LINE('',#5868,#5869);
#5868 = CARTESIAN_POINT('',(1.7,-1.1,0.));
#5869 = VECTOR('',#5870,1.);
#5870 = DIRECTION('',(0.,0.,1.));
#5871 = ORIENTED_EDGE('',*,*,#5872,.F.);
#5872 = EDGE_CURVE('',#5804,#5865,#5873,.T.);
#5873 = LINE('',#5874,#5875);
#5874 = CARTESIAN_POINT('',(2.7,-1.1,0.));
#5875 = VECTOR('',#5876,1.);
#5876 = DIRECTION('',(-1.,1.224646799147E-16,0.));
#5877 = PLANE('',#5878);
#5878 = AXIS2_PLACEMENT_3D('',#5879,#5880,#5881);
#5879 = CARTESIAN_POINT('',(2.7,-1.1,0.));
#5880 = DIRECTION('',(-1.224646799147E-16,-1.,0.));
#5881 = DIRECTION('',(-1.,1.224646799147E-16,0.));
#5882 = ADVANCED_FACE('',(#5883),#5901,.F.);
#5883 = FACE_BOUND('',#5884,.F.);
#5884 = EDGE_LOOP('',(#5885,#5893,#5894,#5895));
#5885 = ORIENTED_EDGE('',*,*,#5886,.T.);
#5886 = EDGE_CURVE('',#5887,#5830,#5889,.T.);
#5887 = VERTEX_POINT('',#5888);
#5888 = CARTESIAN_POINT('',(2.55,-2.1,0.5));
#5889 = LINE('',#5890,#5891);
#5890 = CARTESIAN_POINT('',(2.55,-2.2,0.5));
#5891 = VECTOR('',#5892,1.);
#5892 = DIRECTION('',(1.224646799147E-16,1.,0.));
#5893 = ORIENTED_EDGE('',*,*,#5829,.T.);
#5894 = ORIENTED_EDGE('',*,*,#5323,.F.);
#5895 = ORIENTED_EDGE('',*,*,#5896,.T.);
#5896 = EDGE_CURVE('',#5316,#5887,#5897,.T.);
#5897 = LINE('',#5898,#5899);
#5898 = CARTESIAN_POINT('',(1.95,-2.1,0.5));
#5899 = VECTOR('',#5900,1.);
#5900 = DIRECTION('',(1.,-1.224646799147E-16,-1.44444745829E-33));
#5901 = PLANE('',#5902);
#5902 = AXIS2_PLACEMENT_3D('',#5903,#5904,#5905);
#5903 = CARTESIAN_POINT('',(2.2,-1.6,0.5));
#5904 = DIRECTION('',(1.44444745829E-33,-1.768937956332E-49,1.));
#5905 = DIRECTION('',(-1.,1.224646799147E-16,1.44444745829E-33));
#5906 = ADVANCED_FACE('',(#5907),#5979,.F.);
#5907 = FACE_BOUND('',#5908,.F.);
#5908 = EDGE_LOOP('',(#5909,#5919,#5928,#5936,#5942,#5943,#5944,#5945,
    #5954,#5962,#5969,#5970,#5971,#5972));
#5909 = ORIENTED_EDGE('',*,*,#5910,.F.);
#5910 = EDGE_CURVE('',#5911,#5913,#5915,.T.);
#5911 = VERTEX_POINT('',#5912);
#5912 = CARTESIAN_POINT('',(2.7,-2.1,5.E-02));
#5913 = VERTEX_POINT('',#5914);
#5914 = CARTESIAN_POINT('',(2.7,-2.1,0.55));
#5915 = LINE('',#5916,#5917);
#5916 = CARTESIAN_POINT('',(2.7,-2.1,0.));
#5917 = VECTOR('',#5918,1.);
#5918 = DIRECTION('',(0.,0.,1.));
#5919 = ORIENTED_EDGE('',*,*,#5920,.T.);
#5920 = EDGE_CURVE('',#5911,#5921,#5923,.T.);
#5921 = VERTEX_POINT('',#5922);
#5922 = CARTESIAN_POINT('',(2.65,-2.1,-6.938893903907E-18));
#5923 = CIRCLE('',#5924,5.E-02);
#5924 = AXIS2_PLACEMENT_3D('',#5925,#5926,#5927);
#5925 = CARTESIAN_POINT('',(2.65,-2.1,5.E-02));
#5926 = DIRECTION('',(1.224646799147E-16,1.,0.));
#5927 = DIRECTION('',(0.,0.,-1.));
#5928 = ORIENTED_EDGE('',*,*,#5929,.F.);
#5929 = EDGE_CURVE('',#5930,#5921,#5932,.T.);
#5930 = VERTEX_POINT('',#5931);
#5931 = CARTESIAN_POINT('',(1.7,-2.1,0.));
#5932 = LINE('',#5933,#5934);
#5933 = CARTESIAN_POINT('',(1.7,-2.1,0.));
#5934 = VECTOR('',#5935,1.);
#5935 = DIRECTION('',(1.,-1.224646799147E-16,0.));
#5936 = ORIENTED_EDGE('',*,*,#5937,.T.);
#5937 = EDGE_CURVE('',#5930,#5632,#5938,.T.);
#5938 = LINE('',#5939,#5940);
#5939 = CARTESIAN_POINT('',(1.7,-2.1,0.));
#5940 = VECTOR('',#5941,1.);
#5941 = DIRECTION('',(0.,0.,1.));
#5942 = ORIENTED_EDGE('',*,*,#5631,.F.);
#5943 = ORIENTED_EDGE('',*,*,#5623,.T.);
#5944 = ORIENTED_EDGE('',*,*,#5756,.T.);
#5945 = ORIENTED_EDGE('',*,*,#5946,.F.);
#5946 = EDGE_CURVE('',#5947,#5740,#5949,.T.);
#5947 = VERTEX_POINT('',#5948);
#5948 = CARTESIAN_POINT('',(2.6,-2.1,0.15));
#5949 = CIRCLE('',#5950,5.E-02);
#5950 = AXIS2_PLACEMENT_3D('',#5951,#5952,#5953);
#5951 = CARTESIAN_POINT('',(2.55,-2.1,0.15));
#5952 = DIRECTION('',(1.224646799147E-16,1.,0.));
#5953 = DIRECTION('',(1.,-1.224646799147E-16,0.));
#5954 = ORIENTED_EDGE('',*,*,#5955,.T.);
#5955 = EDGE_CURVE('',#5947,#5956,#5958,.T.);
#5956 = VERTEX_POINT('',#5957);
#5957 = CARTESIAN_POINT('',(2.6,-2.1,0.45));
#5958 = LINE('',#5959,#5960);
#5959 = CARTESIAN_POINT('',(2.6,-2.1,5.E-02));
#5960 = VECTOR('',#5961,1.);
#5961 = DIRECTION('',(0.,0.,1.));
#5962 = ORIENTED_EDGE('',*,*,#5963,.F.);
#5963 = EDGE_CURVE('',#5887,#5956,#5964,.T.);
#5964 = CIRCLE('',#5965,5.E-02);
#5965 = AXIS2_PLACEMENT_3D('',#5966,#5967,#5968);
#5966 = CARTESIAN_POINT('',(2.55,-2.1,0.45));
#5967 = DIRECTION('',(1.224646799147E-16,1.,0.));
#5968 = DIRECTION('',(1.,-1.224646799147E-16,0.));
#5969 = ORIENTED_EDGE('',*,*,#5896,.F.);
#5970 = ORIENTED_EDGE('',*,*,#5315,.F.);
#5971 = ORIENTED_EDGE('',*,*,#5787,.T.);
#5972 = ORIENTED_EDGE('',*,*,#5973,.F.);
#5973 = EDGE_CURVE('',#5913,#5771,#5974,.T.);
#5974 = CIRCLE('',#5975,5.E-02);
#5975 = AXIS2_PLACEMENT_3D('',#5976,#5977,#5978);
#5976 = CARTESIAN_POINT('',(2.65,-2.1,0.55));
#5977 = DIRECTION('',(-1.224646799147E-16,-1.,0.));
#5978 = DIRECTION('',(-0.,0.,-1.));
#5979 = PLANE('',#5980);
#5980 = AXIS2_PLACEMENT_3D('',#5981,#5982,#5983);
#5981 = CARTESIAN_POINT('',(1.7,-2.1,0.));
#5982 = DIRECTION('',(1.224646799147E-16,1.,0.));
#5983 = DIRECTION('',(1.,-1.224646799147E-16,0.));
#5984 = ADVANCED_FACE('',(#5985),#6010,.F.);
#5985 = FACE_BOUND('',#5986,.F.);
#5986 = EDGE_LOOP('',(#5987,#5997,#6003,#6004));
#5987 = ORIENTED_EDGE('',*,*,#5988,.T.);
#5988 = EDGE_CURVE('',#5989,#5991,#5993,.T.);
#5989 = VERTEX_POINT('',#5990);
#5990 = CARTESIAN_POINT('',(2.55,1.1,0.5));
#5991 = VERTEX_POINT('',#5992);
#5992 = CARTESIAN_POINT('',(2.55,2.1,0.5));
#5993 = LINE('',#5994,#5995);
#5994 = CARTESIAN_POINT('',(2.55,1.,0.5));
#5995 = VECTOR('',#5996,1.);
#5996 = DIRECTION('',(1.224646799147E-16,1.,0.));
#5997 = ORIENTED_EDGE('',*,*,#5998,.T.);
#5998 = EDGE_CURVE('',#5991,#5342,#5999,.T.);
#5999 = LINE('',#6000,#6001);
#6000 = CARTESIAN_POINT('',(2.45,2.1,0.5));
#6001 = VECTOR('',#6002,1.);
#6002 = DIRECTION('',(-1.,1.224646799147E-16,1.44444745829E-33));
#6003 = ORIENTED_EDGE('',*,*,#5339,.F.);
#6004 = ORIENTED_EDGE('',*,*,#6005,.T.);
#6005 = EDGE_CURVE('',#5340,#5989,#6006,.T.);
#6006 = LINE('',#6007,#6008);
#6007 = CARTESIAN_POINT('',(1.95,1.1,0.5));
#6008 = VECTOR('',#6009,1.);
#6009 = DIRECTION('',(1.,-1.224646799147E-16,-1.44444745829E-33));
#6010 = PLANE('',#6011);
#6011 = AXIS2_PLACEMENT_3D('',#6012,#6013,#6014);
#6012 = CARTESIAN_POINT('',(2.2,1.6,0.5));
#6013 = DIRECTION('',(1.44444745829E-33,-1.768937956332E-49,1.));
#6014 = DIRECTION('',(-1.,1.224646799147E-16,1.44444745829E-33));
#6015 = ADVANCED_FACE('',(#6016),#6095,.F.);
#6016 = FACE_BOUND('',#6017,.F.);
#6017 = EDGE_LOOP('',(#6018,#6028,#6037,#6045,#6051,#6052,#6053,#6054,
    #6063,#6071,#6078,#6079,#6080,#6088));
#6018 = ORIENTED_EDGE('',*,*,#6019,.F.);
#6019 = EDGE_CURVE('',#6020,#6022,#6024,.T.);
#6020 = VERTEX_POINT('',#6021);
#6021 = CARTESIAN_POINT('',(2.7,1.1,5.E-02));
#6022 = VERTEX_POINT('',#6023);
#6023 = CARTESIAN_POINT('',(2.7,1.1,0.55));
#6024 = LINE('',#6025,#6026);
#6025 = CARTESIAN_POINT('',(2.7,1.1,0.));
#6026 = VECTOR('',#6027,1.);
#6027 = DIRECTION('',(0.,0.,1.));
#6028 = ORIENTED_EDGE('',*,*,#6029,.T.);
#6029 = EDGE_CURVE('',#6020,#6030,#6032,.T.);
#6030 = VERTEX_POINT('',#6031);
#6031 = CARTESIAN_POINT('',(2.65,1.1,-6.938893903907E-18));
#6032 = CIRCLE('',#6033,5.E-02);
#6033 = AXIS2_PLACEMENT_3D('',#6034,#6035,#6036);
#6034 = CARTESIAN_POINT('',(2.65,1.1,5.E-02));
#6035 = DIRECTION('',(1.224646799147E-16,1.,0.));
#6036 = DIRECTION('',(0.,0.,-1.));
#6037 = ORIENTED_EDGE('',*,*,#6038,.F.);
#6038 = EDGE_CURVE('',#6039,#6030,#6041,.T.);
#6039 = VERTEX_POINT('',#6040);
#6040 = CARTESIAN_POINT('',(1.7,1.1,0.));
#6041 = LINE('',#6042,#6043);
#6042 = CARTESIAN_POINT('',(1.7,1.1,0.));
#6043 = VECTOR('',#6044,1.);
#6044 = DIRECTION('',(1.,-1.224646799147E-16,0.));
#6045 = ORIENTED_EDGE('',*,*,#6046,.T.);
#6046 = EDGE_CURVE('',#6039,#5671,#6047,.T.);
#6047 = LINE('',#6048,#6049);
#6048 = CARTESIAN_POINT('',(1.7,1.1,0.));
#6049 = VECTOR('',#6050,1.);
#6050 = DIRECTION('',(0.,0.,1.));
#6051 = ORIENTED_EDGE('',*,*,#5670,.F.);
#6052 = ORIENTED_EDGE('',*,*,#5662,.T.);
#6053 = ORIENTED_EDGE('',*,*,#5725,.T.);
#6054 = ORIENTED_EDGE('',*,*,#6055,.F.);
#6055 = EDGE_CURVE('',#6056,#5709,#6058,.T.);
#6056 = VERTEX_POINT('',#6057);
#6057 = CARTESIAN_POINT('',(2.6,1.1,0.15));
#6058 = CIRCLE('',#6059,5.E-02);
#6059 = AXIS2_PLACEMENT_3D('',#6060,#6061,#6062);
#6060 = CARTESIAN_POINT('',(2.55,1.1,0.15));
#6061 = DIRECTION('',(1.224646799147E-16,1.,0.));
#6062 = DIRECTION('',(1.,-1.224646799147E-16,0.));
#6063 = ORIENTED_EDGE('',*,*,#6064,.T.);
#6064 = EDGE_CURVE('',#6056,#6065,#6067,.T.);
#6065 = VERTEX_POINT('',#6066);
#6066 = CARTESIAN_POINT('',(2.6,1.1,0.45));
#6067 = LINE('',#6068,#6069);
#6068 = CARTESIAN_POINT('',(2.6,1.1,5.E-02));
#6069 = VECTOR('',#6070,1.);
#6070 = DIRECTION('',(0.,0.,1.));
#6071 = ORIENTED_EDGE('',*,*,#6072,.F.);
#6072 = EDGE_CURVE('',#5989,#6065,#6073,.T.);
#6073 = CIRCLE('',#6074,5.E-02);
#6074 = AXIS2_PLACEMENT_3D('',#6075,#6076,#6077);
#6075 = CARTESIAN_POINT('',(2.55,1.1,0.45));
#6076 = DIRECTION('',(1.224646799147E-16,1.,0.));
#6077 = DIRECTION('',(1.,-1.224646799147E-16,0.));
#6078 = ORIENTED_EDGE('',*,*,#6005,.F.);
#6079 = ORIENTED_EDGE('',*,*,#5365,.F.);
#6080 = ORIENTED_EDGE('',*,*,#6081,.T.);
#6081 = EDGE_CURVE('',#5358,#6082,#6084,.T.);
#6082 = VERTEX_POINT('',#6083);
#6083 = CARTESIAN_POINT('',(2.65,1.1,0.6));
#6084 = LINE('',#6085,#6086);
#6085 = CARTESIAN_POINT('',(1.7,1.1,0.6));
#6086 = VECTOR('',#6087,1.);
#6087 = DIRECTION('',(1.,-1.224646799147E-16,0.));
#6088 = ORIENTED_EDGE('',*,*,#6089,.F.);
#6089 = EDGE_CURVE('',#6022,#6082,#6090,.T.);
#6090 = CIRCLE('',#6091,5.E-02);
#6091 = AXIS2_PLACEMENT_3D('',#6092,#6093,#6094);
#6092 = CARTESIAN_POINT('',(2.65,1.1,0.55));
#6093 = DIRECTION('',(-1.224646799147E-16,-1.,0.));
#6094 = DIRECTION('',(-0.,0.,-1.));
#6095 = PLANE('',#6096);
#6096 = AXIS2_PLACEMENT_3D('',#6097,#6098,#6099);
#6097 = CARTESIAN_POINT('',(1.7,1.1,0.));
#6098 = DIRECTION('',(1.224646799147E-16,1.,0.));
#6099 = DIRECTION('',(1.,-1.224646799147E-16,0.));
#6100 = ADVANCED_FACE('',(#6101),#6119,.T.);
#6101 = FACE_BOUND('',#6102,.T.);
#6102 = EDGE_LOOP('',(#6103,#6111,#6117,#6118));
#6103 = ORIENTED_EDGE('',*,*,#6104,.T.);
#6104 = EDGE_CURVE('',#6082,#6105,#6107,.T.);
#6105 = VERTEX_POINT('',#6106);
#6106 = CARTESIAN_POINT('',(2.65,2.1,0.6));
#6107 = LINE('',#6108,#6109);
#6108 = CARTESIAN_POINT('',(2.65,1.1,0.6));
#6109 = VECTOR('',#6110,1.);
#6110 = DIRECTION('',(1.224646799147E-16,1.,0.));
#6111 = ORIENTED_EDGE('',*,*,#6112,.T.);
#6112 = EDGE_CURVE('',#6105,#5350,#6113,.T.);
#6113 = LINE('',#6114,#6115);
#6114 = CARTESIAN_POINT('',(2.7,2.1,0.6));
#6115 = VECTOR('',#6116,1.);
#6116 = DIRECTION('',(-1.,1.224646799147E-16,0.));
#6117 = ORIENTED_EDGE('',*,*,#5357,.F.);
#6118 = ORIENTED_EDGE('',*,*,#6081,.T.);
#6119 = PLANE('',#6120);
#6120 = AXIS2_PLACEMENT_3D('',#6121,#6122,#6123);
#6121 = CARTESIAN_POINT('',(2.2,1.6,0.6));
#6122 = DIRECTION('',(0.,0.,1.));
#6123 = DIRECTION('',(-1.,1.224646799147E-16,0.));
#6124 = ADVANCED_FACE('',(#6125),#6197,.F.);
#6125 = FACE_BOUND('',#6126,.F.);
#6126 = EDGE_LOOP('',(#6127,#6138,#6146,#6153,#6154,#6155,#6156,#6165,
    #6173,#6180,#6181,#6182,#6183,#6191));
#6127 = ORIENTED_EDGE('',*,*,#6128,.F.);
#6128 = EDGE_CURVE('',#6129,#6131,#6133,.T.);
#6129 = VERTEX_POINT('',#6130);
#6130 = CARTESIAN_POINT('',(2.7,2.1,5.E-02));
#6131 = VERTEX_POINT('',#6132);
#6132 = CARTESIAN_POINT('',(2.65,2.1,-6.938893903907E-18));
#6133 = CIRCLE('',#6134,5.E-02);
#6134 = AXIS2_PLACEMENT_3D('',#6135,#6136,#6137);
#6135 = CARTESIAN_POINT('',(2.65,2.1,5.E-02));
#6136 = DIRECTION('',(1.224646799147E-16,1.,0.));
#6137 = DIRECTION('',(0.,0.,-1.));
#6138 = ORIENTED_EDGE('',*,*,#6139,.T.);
#6139 = EDGE_CURVE('',#6129,#6140,#6142,.T.);
#6140 = VERTEX_POINT('',#6141);
#6141 = CARTESIAN_POINT('',(2.7,2.1,0.55));
#6142 = LINE('',#6143,#6144);
#6143 = CARTESIAN_POINT('',(2.7,2.1,0.));
#6144 = VECTOR('',#6145,1.);
#6145 = DIRECTION('',(0.,0.,1.));
#6146 = ORIENTED_EDGE('',*,*,#6147,.T.);
#6147 = EDGE_CURVE('',#6140,#6105,#6148,.T.);
#6148 = CIRCLE('',#6149,5.E-02);
#6149 = AXIS2_PLACEMENT_3D('',#6150,#6151,#6152);
#6150 = CARTESIAN_POINT('',(2.65,2.1,0.55));
#6151 = DIRECTION('',(-1.224646799147E-16,-1.,0.));
#6152 = DIRECTION('',(-0.,0.,-1.));
#6153 = ORIENTED_EDGE('',*,*,#6112,.T.);
#6154 = ORIENTED_EDGE('',*,*,#5349,.F.);
#6155 = ORIENTED_EDGE('',*,*,#5998,.F.);
#6156 = ORIENTED_EDGE('',*,*,#6157,.T.);
#6157 = EDGE_CURVE('',#5991,#6158,#6160,.T.);
#6158 = VERTEX_POINT('',#6159);
#6159 = CARTESIAN_POINT('',(2.6,2.1,0.45));
#6160 = CIRCLE('',#6161,5.E-02);
#6161 = AXIS2_PLACEMENT_3D('',#6162,#6163,#6164);
#6162 = CARTESIAN_POINT('',(2.55,2.1,0.45));
#6163 = DIRECTION('',(1.224646799147E-16,1.,0.));
#6164 = DIRECTION('',(1.,-1.224646799147E-16,0.));
#6165 = ORIENTED_EDGE('',*,*,#6166,.T.);
#6166 = EDGE_CURVE('',#6158,#6167,#6169,.T.);
#6167 = VERTEX_POINT('',#6168);
#6168 = CARTESIAN_POINT('',(2.6,2.1,0.15));
#6169 = LINE('',#6170,#6171);
#6170 = CARTESIAN_POINT('',(2.6,2.1,5.E-02));
#6171 = VECTOR('',#6172,1.);
#6172 = DIRECTION('',(0.,-0.,-1.));
#6173 = ORIENTED_EDGE('',*,*,#6174,.T.);
#6174 = EDGE_CURVE('',#6167,#5711,#6175,.T.);
#6175 = CIRCLE('',#6176,5.E-02);
#6176 = AXIS2_PLACEMENT_3D('',#6177,#6178,#6179);
#6177 = CARTESIAN_POINT('',(2.55,2.1,0.15));
#6178 = DIRECTION('',(1.224646799147E-16,1.,0.));
#6179 = DIRECTION('',(1.,-1.224646799147E-16,0.));
#6180 = ORIENTED_EDGE('',*,*,#5718,.T.);
#6181 = ORIENTED_EDGE('',*,*,#5694,.T.);
#6182 = ORIENTED_EDGE('',*,*,#5686,.F.);
#6183 = ORIENTED_EDGE('',*,*,#6184,.F.);
#6184 = EDGE_CURVE('',#6185,#5679,#6187,.T.);
#6185 = VERTEX_POINT('',#6186);
#6186 = CARTESIAN_POINT('',(1.7,2.1,0.));
#6187 = LINE('',#6188,#6189);
#6188 = CARTESIAN_POINT('',(1.7,2.1,0.));
#6189 = VECTOR('',#6190,1.);
#6190 = DIRECTION('',(0.,0.,1.));
#6191 = ORIENTED_EDGE('',*,*,#6192,.F.);
#6192 = EDGE_CURVE('',#6131,#6185,#6193,.T.);
#6193 = LINE('',#6194,#6195);
#6194 = CARTESIAN_POINT('',(2.7,2.1,0.));
#6195 = VECTOR('',#6196,1.);
#6196 = DIRECTION('',(-1.,1.224646799147E-16,0.));
#6197 = PLANE('',#6198);
#6198 = AXIS2_PLACEMENT_3D('',#6199,#6200,#6201);
#6199 = CARTESIAN_POINT('',(2.7,2.1,0.));
#6200 = DIRECTION('',(-1.224646799147E-16,-1.,0.));
#6201 = DIRECTION('',(-1.,1.224646799147E-16,0.));
#6202 = ADVANCED_FACE('',(#6203),#6228,.T.);
#6203 = FACE_BOUND('',#6204,.T.);
#6204 = EDGE_LOOP('',(#6205,#6206,#6214,#6222));
#6205 = ORIENTED_EDGE('',*,*,#5413,.F.);
#6206 = ORIENTED_EDGE('',*,*,#6207,.T.);
#6207 = EDGE_CURVE('',#5414,#6208,#6210,.T.);
#6208 = VERTEX_POINT('',#6209);
#6209 = CARTESIAN_POINT('',(-2.55,2.1,0.1));
#6210 = LINE('',#6211,#6212);
#6211 = CARTESIAN_POINT('',(-1.95,2.1,0.1));
#6212 = VECTOR('',#6213,1.);
#6213 = DIRECTION('',(-1.,1.224646799147E-16,1.44444745829E-33));
#6214 = ORIENTED_EDGE('',*,*,#6215,.T.);
#6215 = EDGE_CURVE('',#6208,#6216,#6218,.T.);
#6216 = VERTEX_POINT('',#6217);
#6217 = CARTESIAN_POINT('',(-2.55,1.1,0.1));
#6218 = LINE('',#6219,#6220);
#6219 = CARTESIAN_POINT('',(-2.55,2.2,0.1));
#6220 = VECTOR('',#6221,1.);
#6221 = DIRECTION('',(-1.224646799147E-16,-1.,0.));
#6222 = ORIENTED_EDGE('',*,*,#6223,.T.);
#6223 = EDGE_CURVE('',#6216,#5406,#6224,.T.);
#6224 = LINE('',#6225,#6226);
#6225 = CARTESIAN_POINT('',(-2.45,1.1,0.1));
#6226 = VECTOR('',#6227,1.);
#6227 = DIRECTION('',(1.,-1.224646799147E-16,-1.44444745829E-33));
#6228 = PLANE('',#6229);
#6229 = AXIS2_PLACEMENT_3D('',#6230,#6231,#6232);
#6230 = CARTESIAN_POINT('',(-2.2,1.6,0.1));
#6231 = DIRECTION('',(1.44444745829E-33,-1.768937956332E-49,1.));
#6232 = DIRECTION('',(-1.,1.224646799147E-16,1.44444745829E-33));
#6233 = ADVANCED_FACE('',(#6234),#6259,.T.);
#6234 = FACE_BOUND('',#6235,.T.);
#6235 = EDGE_LOOP('',(#6236,#6237,#6245,#6253));
#6236 = ORIENTED_EDGE('',*,*,#5397,.F.);
#6237 = ORIENTED_EDGE('',*,*,#6238,.T.);
#6238 = EDGE_CURVE('',#5398,#6239,#6241,.T.);
#6239 = VERTEX_POINT('',#6240);
#6240 = CARTESIAN_POINT('',(-2.55,-1.1,0.1));
#6241 = LINE('',#6242,#6243);
#6242 = CARTESIAN_POINT('',(-1.95,-1.1,0.1));
#6243 = VECTOR('',#6244,1.);
#6244 = DIRECTION('',(-1.,1.224646799147E-16,1.44444745829E-33));
#6245 = ORIENTED_EDGE('',*,*,#6246,.T.);
#6246 = EDGE_CURVE('',#6239,#6247,#6249,.T.);
#6247 = VERTEX_POINT('',#6248);
#6248 = CARTESIAN_POINT('',(-2.55,-2.1,0.1));
#6249 = LINE('',#6250,#6251);
#6250 = CARTESIAN_POINT('',(-2.55,-1.,0.1));
#6251 = VECTOR('',#6252,1.);
#6252 = DIRECTION('',(-1.224646799147E-16,-1.,0.));
#6253 = ORIENTED_EDGE('',*,*,#6254,.T.);
#6254 = EDGE_CURVE('',#6247,#5390,#6255,.T.);
#6255 = LINE('',#6256,#6257);
#6256 = CARTESIAN_POINT('',(-2.45,-2.1,0.1));
#6257 = VECTOR('',#6258,1.);
#6258 = DIRECTION('',(1.,-1.224646799147E-16,-1.44444745829E-33));
#6259 = PLANE('',#6260);
#6260 = AXIS2_PLACEMENT_3D('',#6261,#6262,#6263);
#6261 = CARTESIAN_POINT('',(-2.2,-1.6,0.1));
#6262 = DIRECTION('',(1.44444745829E-33,-1.768937956332E-49,1.));
#6263 = DIRECTION('',(-1.,1.224646799147E-16,1.44444745829E-33));
#6264 = ADVANCED_FACE('',(#6265),#6290,.F.);
#6265 = FACE_BOUND('',#6266,.F.);
#6266 = EDGE_LOOP('',(#6267,#6268,#6276,#6284));
#6267 = ORIENTED_EDGE('',*,*,#5429,.F.);
#6268 = ORIENTED_EDGE('',*,*,#6269,.T.);
#6269 = EDGE_CURVE('',#5430,#6270,#6272,.T.);
#6270 = VERTEX_POINT('',#6271);
#6271 = CARTESIAN_POINT('',(-2.55,-1.1,0.5));
#6272 = LINE('',#6273,#6274);
#6273 = CARTESIAN_POINT('',(-1.95,-1.1,0.5));
#6274 = VECTOR('',#6275,1.);
#6275 = DIRECTION('',(-1.,1.224646799147E-16,1.44444745829E-33));
#6276 = ORIENTED_EDGE('',*,*,#6277,.T.);
#6277 = EDGE_CURVE('',#6270,#6278,#6280,.T.);
#6278 = VERTEX_POINT('',#6279);
#6279 = CARTESIAN_POINT('',(-2.55,-2.1,0.5));
#6280 = LINE('',#6281,#6282);
#6281 = CARTESIAN_POINT('',(-2.55,-1.,0.5));
#6282 = VECTOR('',#6283,1.);
#6283 = DIRECTION('',(-1.224646799147E-16,-1.,0.));
#6284 = ORIENTED_EDGE('',*,*,#6285,.T.);
#6285 = EDGE_CURVE('',#6278,#5432,#6286,.T.);
#6286 = LINE('',#6287,#6288);
#6287 = CARTESIAN_POINT('',(-2.45,-2.1,0.5));
#6288 = VECTOR('',#6289,1.);
#6289 = DIRECTION('',(1.,-1.224646799147E-16,-1.44444745829E-33));
#6290 = PLANE('',#6291);
#6291 = AXIS2_PLACEMENT_3D('',#6292,#6293,#6294);
#6292 = CARTESIAN_POINT('',(-2.2,-1.6,0.5));
#6293 = DIRECTION('',(1.44444745829E-33,-1.768937956332E-49,1.));
#6294 = DIRECTION('',(-1.,1.224646799147E-16,1.44444745829E-33));
#6295 = ADVANCED_FACE('',(#6296),#6375,.F.);
#6296 = FACE_BOUND('',#6297,.F.);
#6297 = EDGE_LOOP('',(#6298,#6308,#6317,#6325,#6331,#6332,#6333,#6334,
    #6343,#6351,#6358,#6359,#6360,#6368));
#6298 = ORIENTED_EDGE('',*,*,#6299,.F.);
#6299 = EDGE_CURVE('',#6300,#6302,#6304,.T.);
#6300 = VERTEX_POINT('',#6301);
#6301 = CARTESIAN_POINT('',(-2.7,-1.1,5.E-02));
#6302 = VERTEX_POINT('',#6303);
#6303 = CARTESIAN_POINT('',(-2.7,-1.1,0.55));
#6304 = LINE('',#6305,#6306);
#6305 = CARTESIAN_POINT('',(-2.7,-1.1,0.));
#6306 = VECTOR('',#6307,1.);
#6307 = DIRECTION('',(0.,0.,1.));
#6308 = ORIENTED_EDGE('',*,*,#6309,.T.);
#6309 = EDGE_CURVE('',#6300,#6310,#6312,.T.);
#6310 = VERTEX_POINT('',#6311);
#6311 = CARTESIAN_POINT('',(-2.65,-1.1,-6.938893903907E-18));
#6312 = CIRCLE('',#6313,5.E-02);
#6313 = AXIS2_PLACEMENT_3D('',#6314,#6315,#6316);
#6314 = CARTESIAN_POINT('',(-2.65,-1.1,5.E-02));
#6315 = DIRECTION('',(-1.224646799147E-16,-1.,0.));
#6316 = DIRECTION('',(0.,0.,1.));
#6317 = ORIENTED_EDGE('',*,*,#6318,.F.);
#6318 = EDGE_CURVE('',#6319,#6310,#6321,.T.);
#6319 = VERTEX_POINT('',#6320);
#6320 = CARTESIAN_POINT('',(-1.7,-1.1,0.));
#6321 = LINE('',#6322,#6323);
#6322 = CARTESIAN_POINT('',(-1.7,-1.1,0.));
#6323 = VECTOR('',#6324,1.);
#6324 = DIRECTION('',(-1.,1.224646799147E-16,0.));
#6325 = ORIENTED_EDGE('',*,*,#6326,.T.);
#6326 = EDGE_CURVE('',#6319,#5591,#6327,.T.);
#6327 = LINE('',#6328,#6329);
#6328 = CARTESIAN_POINT('',(-1.7,-1.1,0.));
#6329 = VECTOR('',#6330,1.);
#6330 = DIRECTION('',(0.,0.,1.));
#6331 = ORIENTED_EDGE('',*,*,#5590,.F.);
#6332 = ORIENTED_EDGE('',*,*,#5582,.T.);
#6333 = ORIENTED_EDGE('',*,*,#6238,.T.);
#6334 = ORIENTED_EDGE('',*,*,#6335,.F.);
#6335 = EDGE_CURVE('',#6336,#6239,#6338,.T.);
#6336 = VERTEX_POINT('',#6337);
#6337 = CARTESIAN_POINT('',(-2.6,-1.1,0.15));
#6338 = CIRCLE('',#6339,5.E-02);
#6339 = AXIS2_PLACEMENT_3D('',#6340,#6341,#6342);
#6340 = CARTESIAN_POINT('',(-2.55,-1.1,0.15));
#6341 = DIRECTION('',(-1.224646799147E-16,-1.,0.));
#6342 = DIRECTION('',(-1.44444745829E-33,1.768937956331E-49,-1.));
#6343 = ORIENTED_EDGE('',*,*,#6344,.T.);
#6344 = EDGE_CURVE('',#6336,#6345,#6347,.T.);
#6345 = VERTEX_POINT('',#6346);
#6346 = CARTESIAN_POINT('',(-2.6,-1.1,0.45));
#6347 = LINE('',#6348,#6349);
#6348 = CARTESIAN_POINT('',(-2.6,-1.1,5.E-02));
#6349 = VECTOR('',#6350,1.);
#6350 = DIRECTION('',(0.,0.,1.));
#6351 = ORIENTED_EDGE('',*,*,#6352,.F.);
#6352 = EDGE_CURVE('',#6270,#6345,#6353,.T.);
#6353 = CIRCLE('',#6354,5.E-02);
#6354 = AXIS2_PLACEMENT_3D('',#6355,#6356,#6357);
#6355 = CARTESIAN_POINT('',(-2.55,-1.1,0.45));
#6356 = DIRECTION('',(-1.224646799147E-16,-1.,0.));
#6357 = DIRECTION('',(-1.,1.224646799147E-16,0.));
#6358 = ORIENTED_EDGE('',*,*,#6269,.F.);
#6359 = ORIENTED_EDGE('',*,*,#5455,.F.);
#6360 = ORIENTED_EDGE('',*,*,#6361,.T.);
#6361 = EDGE_CURVE('',#5448,#6362,#6364,.T.);
#6362 = VERTEX_POINT('',#6363);
#6363 = CARTESIAN_POINT('',(-2.65,-1.1,0.6));
#6364 = LINE('',#6365,#6366);
#6365 = CARTESIAN_POINT('',(-1.7,-1.1,0.6));
#6366 = VECTOR('',#6367,1.);
#6367 = DIRECTION('',(-1.,1.224646799147E-16,0.));
#6368 = ORIENTED_EDGE('',*,*,#6369,.T.);
#6369 = EDGE_CURVE('',#6362,#6302,#6370,.T.);
#6370 = CIRCLE('',#6371,5.E-02);
#6371 = AXIS2_PLACEMENT_3D('',#6372,#6373,#6374);
#6372 = CARTESIAN_POINT('',(-2.65,-1.1,0.55));
#6373 = DIRECTION('',(-1.224646799147E-16,-1.,0.));
#6374 = DIRECTION('',(0.,0.,1.));
#6375 = PLANE('',#6376);
#6376 = AXIS2_PLACEMENT_3D('',#6377,#6378,#6379);
#6377 = CARTESIAN_POINT('',(-1.7,-1.1,0.));
#6378 = DIRECTION('',(-1.224646799147E-16,-1.,0.));
#6379 = DIRECTION('',(-1.,1.224646799147E-16,0.));
#6380 = ADVANCED_FACE('',(#6381),#6399,.T.);
#6381 = FACE_BOUND('',#6382,.T.);
#6382 = EDGE_LOOP('',(#6383,#6384,#6385,#6393));
#6383 = ORIENTED_EDGE('',*,*,#5447,.F.);
#6384 = ORIENTED_EDGE('',*,*,#6361,.T.);
#6385 = ORIENTED_EDGE('',*,*,#6386,.T.);
#6386 = EDGE_CURVE('',#6362,#6387,#6389,.T.);
#6387 = VERTEX_POINT('',#6388);
#6388 = CARTESIAN_POINT('',(-2.65,-2.1,0.6));
#6389 = LINE('',#6390,#6391);
#6390 = CARTESIAN_POINT('',(-2.65,-1.1,0.6));
#6391 = VECTOR('',#6392,1.);
#6392 = DIRECTION('',(-1.224646799147E-16,-1.,0.));
#6393 = ORIENTED_EDGE('',*,*,#6394,.T.);
#6394 = EDGE_CURVE('',#6387,#5440,#6395,.T.);
#6395 = LINE('',#6396,#6397);
#6396 = CARTESIAN_POINT('',(-2.7,-2.1,0.6));
#6397 = VECTOR('',#6398,1.);
#6398 = DIRECTION('',(1.,-1.224646799147E-16,0.));
#6399 = PLANE('',#6400);
#6400 = AXIS2_PLACEMENT_3D('',#6401,#6402,#6403);
#6401 = CARTESIAN_POINT('',(-2.2,-1.6,0.6));
#6402 = DIRECTION('',(0.,0.,1.));
#6403 = DIRECTION('',(-1.,1.224646799147E-16,0.));
#6404 = ADVANCED_FACE('',(#6405),#6477,.F.);
#6405 = FACE_BOUND('',#6406,.F.);
#6406 = EDGE_LOOP('',(#6407,#6418,#6426,#6433,#6434,#6435,#6436,#6445,
    #6453,#6460,#6461,#6462,#6463,#6471));
#6407 = ORIENTED_EDGE('',*,*,#6408,.F.);
#6408 = EDGE_CURVE('',#6409,#6411,#6413,.T.);
#6409 = VERTEX_POINT('',#6410);
#6410 = CARTESIAN_POINT('',(-2.7,-2.1,5.E-02));
#6411 = VERTEX_POINT('',#6412);
#6412 = CARTESIAN_POINT('',(-2.65,-2.1,-6.938893903907E-18));
#6413 = CIRCLE('',#6414,5.E-02);
#6414 = AXIS2_PLACEMENT_3D('',#6415,#6416,#6417);
#6415 = CARTESIAN_POINT('',(-2.65,-2.1,5.E-02));
#6416 = DIRECTION('',(-1.224646799147E-16,-1.,0.));
#6417 = DIRECTION('',(0.,0.,1.));
#6418 = ORIENTED_EDGE('',*,*,#6419,.T.);
#6419 = EDGE_CURVE('',#6409,#6420,#6422,.T.);
#6420 = VERTEX_POINT('',#6421);
#6421 = CARTESIAN_POINT('',(-2.7,-2.1,0.55));
#6422 = LINE('',#6423,#6424);
#6423 = CARTESIAN_POINT('',(-2.7,-2.1,0.));
#6424 = VECTOR('',#6425,1.);
#6425 = DIRECTION('',(0.,0.,1.));
#6426 = ORIENTED_EDGE('',*,*,#6427,.F.);
#6427 = EDGE_CURVE('',#6387,#6420,#6428,.T.);
#6428 = CIRCLE('',#6429,5.E-02);
#6429 = AXIS2_PLACEMENT_3D('',#6430,#6431,#6432);
#6430 = CARTESIAN_POINT('',(-2.65,-2.1,0.55));
#6431 = DIRECTION('',(-1.224646799147E-16,-1.,0.));
#6432 = DIRECTION('',(0.,0.,1.));
#6433 = ORIENTED_EDGE('',*,*,#6394,.T.);
#6434 = ORIENTED_EDGE('',*,*,#5439,.F.);
#6435 = ORIENTED_EDGE('',*,*,#6285,.F.);
#6436 = ORIENTED_EDGE('',*,*,#6437,.T.);
#6437 = EDGE_CURVE('',#6278,#6438,#6440,.T.);
#6438 = VERTEX_POINT('',#6439);
#6439 = CARTESIAN_POINT('',(-2.6,-2.1,0.45));
#6440 = CIRCLE('',#6441,5.E-02);
#6441 = AXIS2_PLACEMENT_3D('',#6442,#6443,#6444);
#6442 = CARTESIAN_POINT('',(-2.55,-2.1,0.45));
#6443 = DIRECTION('',(-1.224646799147E-16,-1.,0.));
#6444 = DIRECTION('',(-1.,1.224646799147E-16,0.));
#6445 = ORIENTED_EDGE('',*,*,#6446,.T.);
#6446 = EDGE_CURVE('',#6438,#6447,#6449,.T.);
#6447 = VERTEX_POINT('',#6448);
#6448 = CARTESIAN_POINT('',(-2.6,-2.1,0.15));
#6449 = LINE('',#6450,#6451);
#6450 = CARTESIAN_POINT('',(-2.6,-2.1,5.E-02));
#6451 = VECTOR('',#6452,1.);
#6452 = DIRECTION('',(0.,0.,-1.));
#6453 = ORIENTED_EDGE('',*,*,#6454,.T.);
#6454 = EDGE_CURVE('',#6447,#6247,#6455,.T.);
#6455 = CIRCLE('',#6456,5.E-02);
#6456 = AXIS2_PLACEMENT_3D('',#6457,#6458,#6459);
#6457 = CARTESIAN_POINT('',(-2.55,-2.1,0.15));
#6458 = DIRECTION('',(-1.224646799147E-16,-1.,0.));
#6459 = DIRECTION('',(-1.44444745829E-33,1.768937956331E-49,-1.));
#6460 = ORIENTED_EDGE('',*,*,#6254,.T.);
#6461 = ORIENTED_EDGE('',*,*,#5614,.T.);
#6462 = ORIENTED_EDGE('',*,*,#5606,.F.);
#6463 = ORIENTED_EDGE('',*,*,#6464,.F.);
#6464 = EDGE_CURVE('',#6465,#5599,#6467,.T.);
#6465 = VERTEX_POINT('',#6466);
#6466 = CARTESIAN_POINT('',(-1.7,-2.1,0.));
#6467 = LINE('',#6468,#6469);
#6468 = CARTESIAN_POINT('',(-1.7,-2.1,0.));
#6469 = VECTOR('',#6470,1.);
#6470 = DIRECTION('',(0.,0.,1.));
#6471 = ORIENTED_EDGE('',*,*,#6472,.F.);
#6472 = EDGE_CURVE('',#6411,#6465,#6473,.T.);
#6473 = LINE('',#6474,#6475);
#6474 = CARTESIAN_POINT('',(-2.7,-2.1,0.));
#6475 = VECTOR('',#6476,1.);
#6476 = DIRECTION('',(1.,-1.224646799147E-16,0.));
#6477 = PLANE('',#6478);
#6478 = AXIS2_PLACEMENT_3D('',#6479,#6480,#6481);
#6479 = CARTESIAN_POINT('',(-2.7,-2.1,0.));
#6480 = DIRECTION('',(1.224646799147E-16,1.,0.));
#6481 = DIRECTION('',(1.,-1.224646799147E-16,0.));
#6482 = ADVANCED_FACE('',(#6483),#6508,.T.);
#6483 = FACE_BOUND('',#6484,.T.);
#6484 = EDGE_LOOP('',(#6485,#6486,#6494,#6502));
#6485 = ORIENTED_EDGE('',*,*,#5463,.F.);
#6486 = ORIENTED_EDGE('',*,*,#6487,.T.);
#6487 = EDGE_CURVE('',#5464,#6488,#6490,.T.);
#6488 = VERTEX_POINT('',#6489);
#6489 = CARTESIAN_POINT('',(-2.65,2.1,0.6));
#6490 = LINE('',#6491,#6492);
#6491 = CARTESIAN_POINT('',(-1.7,2.1,0.6));
#6492 = VECTOR('',#6493,1.);
#6493 = DIRECTION('',(-1.,1.224646799147E-16,0.));
#6494 = ORIENTED_EDGE('',*,*,#6495,.T.);
#6495 = EDGE_CURVE('',#6488,#6496,#6498,.T.);
#6496 = VERTEX_POINT('',#6497);
#6497 = CARTESIAN_POINT('',(-2.65,1.1,0.6));
#6498 = LINE('',#6499,#6500);
#6499 = CARTESIAN_POINT('',(-2.65,2.1,0.6));
#6500 = VECTOR('',#6501,1.);
#6501 = DIRECTION('',(-1.224646799147E-16,-1.,0.));
#6502 = ORIENTED_EDGE('',*,*,#6503,.T.);
#6503 = EDGE_CURVE('',#6496,#5466,#6504,.T.);
#6504 = LINE('',#6505,#6506);
#6505 = CARTESIAN_POINT('',(-2.7,1.1,0.6));
#6506 = VECTOR('',#6507,1.);
#6507 = DIRECTION('',(1.,-1.224646799147E-16,0.));
#6508 = PLANE('',#6509);
#6509 = AXIS2_PLACEMENT_3D('',#6510,#6511,#6512);
#6510 = CARTESIAN_POINT('',(-2.2,1.6,0.6));
#6511 = DIRECTION('',(0.,0.,1.));
#6512 = DIRECTION('',(-1.,1.224646799147E-16,0.));
#6513 = ADVANCED_FACE('',(#6514),#6593,.F.);
#6514 = FACE_BOUND('',#6515,.F.);
#6515 = EDGE_LOOP('',(#6516,#6527,#6535,#6542,#6543,#6544,#6552,#6561,
    #6569,#6576,#6577,#6578,#6579,#6587));
#6516 = ORIENTED_EDGE('',*,*,#6517,.F.);
#6517 = EDGE_CURVE('',#6518,#6520,#6522,.T.);
#6518 = VERTEX_POINT('',#6519);
#6519 = CARTESIAN_POINT('',(-2.7,1.1,5.E-02));
#6520 = VERTEX_POINT('',#6521);
#6521 = CARTESIAN_POINT('',(-2.65,1.1,-6.938893903907E-18));
#6522 = CIRCLE('',#6523,5.E-02);
#6523 = AXIS2_PLACEMENT_3D('',#6524,#6525,#6526);
#6524 = CARTESIAN_POINT('',(-2.65,1.1,5.E-02));
#6525 = DIRECTION('',(-1.224646799147E-16,-1.,0.));
#6526 = DIRECTION('',(0.,0.,1.));
#6527 = ORIENTED_EDGE('',*,*,#6528,.T.);
#6528 = EDGE_CURVE('',#6518,#6529,#6531,.T.);
#6529 = VERTEX_POINT('',#6530);
#6530 = CARTESIAN_POINT('',(-2.7,1.1,0.55));
#6531 = LINE('',#6532,#6533);
#6532 = CARTESIAN_POINT('',(-2.7,1.1,0.));
#6533 = VECTOR('',#6534,1.);
#6534 = DIRECTION('',(0.,0.,1.));
#6535 = ORIENTED_EDGE('',*,*,#6536,.F.);
#6536 = EDGE_CURVE('',#6496,#6529,#6537,.T.);
#6537 = CIRCLE('',#6538,5.E-02);
#6538 = AXIS2_PLACEMENT_3D('',#6539,#6540,#6541);
#6539 = CARTESIAN_POINT('',(-2.65,1.1,0.55));
#6540 = DIRECTION('',(-1.224646799147E-16,-1.,0.));
#6541 = DIRECTION('',(0.,0.,1.));
#6542 = ORIENTED_EDGE('',*,*,#6503,.T.);
#6543 = ORIENTED_EDGE('',*,*,#5489,.F.);
#6544 = ORIENTED_EDGE('',*,*,#6545,.F.);
#6545 = EDGE_CURVE('',#6546,#5482,#6548,.T.);
#6546 = VERTEX_POINT('',#6547);
#6547 = CARTESIAN_POINT('',(-2.55,1.1,0.5));
#6548 = LINE('',#6549,#6550);
#6549 = CARTESIAN_POINT('',(-2.45,1.1,0.5));
#6550 = VECTOR('',#6551,1.);
#6551 = DIRECTION('',(1.,-1.224646799147E-16,-1.44444745829E-33));
#6552 = ORIENTED_EDGE('',*,*,#6553,.T.);
#6553 = EDGE_CURVE('',#6546,#6554,#6556,.T.);
#6554 = VERTEX_POINT('',#6555);
#6555 = CARTESIAN_POINT('',(-2.6,1.1,0.45));
#6556 = CIRCLE('',#6557,5.E-02);
#6557 = AXIS2_PLACEMENT_3D('',#6558,#6559,#6560);
#6558 = CARTESIAN_POINT('',(-2.55,1.1,0.45));
#6559 = DIRECTION('',(-1.224646799147E-16,-1.,0.));
#6560 = DIRECTION('',(-1.,1.224646799147E-16,0.));
#6561 = ORIENTED_EDGE('',*,*,#6562,.T.);
#6562 = EDGE_CURVE('',#6554,#6563,#6565,.T.);
#6563 = VERTEX_POINT('',#6564);
#6564 = CARTESIAN_POINT('',(-2.6,1.1,0.15));
#6565 = LINE('',#6566,#6567);
#6566 = CARTESIAN_POINT('',(-2.6,1.1,5.E-02));
#6567 = VECTOR('',#6568,1.);
#6568 = DIRECTION('',(0.,0.,-1.));
#6569 = ORIENTED_EDGE('',*,*,#6570,.T.);
#6570 = EDGE_CURVE('',#6563,#6216,#6571,.T.);
#6571 = CIRCLE('',#6572,5.E-02);
#6572 = AXIS2_PLACEMENT_3D('',#6573,#6574,#6575);
#6573 = CARTESIAN_POINT('',(-2.55,1.1,0.15));
#6574 = DIRECTION('',(-1.224646799147E-16,-1.,0.));
#6575 = DIRECTION('',(-1.44444745829E-33,1.768937956331E-49,-1.));
#6576 = ORIENTED_EDGE('',*,*,#6223,.T.);
#6577 = ORIENTED_EDGE('',*,*,#5575,.T.);
#6578 = ORIENTED_EDGE('',*,*,#5567,.F.);
#6579 = ORIENTED_EDGE('',*,*,#6580,.F.);
#6580 = EDGE_CURVE('',#6581,#5560,#6583,.T.);
#6581 = VERTEX_POINT('',#6582);
#6582 = CARTESIAN_POINT('',(-1.7,1.1,0.));
#6583 = LINE('',#6584,#6585);
#6584 = CARTESIAN_POINT('',(-1.7,1.1,0.));
#6585 = VECTOR('',#6586,1.);
#6586 = DIRECTION('',(0.,0.,1.));
#6587 = ORIENTED_EDGE('',*,*,#6588,.F.);
#6588 = EDGE_CURVE('',#6520,#6581,#6589,.T.);
#6589 = LINE('',#6590,#6591);
#6590 = CARTESIAN_POINT('',(-2.7,1.1,0.));
#6591 = VECTOR('',#6592,1.);
#6592 = DIRECTION('',(1.,-1.224646799147E-16,0.));
#6593 = PLANE('',#6594);
#6594 = AXIS2_PLACEMENT_3D('',#6595,#6596,#6597);
#6595 = CARTESIAN_POINT('',(-2.7,1.1,0.));
#6596 = DIRECTION('',(1.224646799147E-16,1.,0.));
#6597 = DIRECTION('',(1.,-1.224646799147E-16,0.));
#6598 = ADVANCED_FACE('',(#6599),#6617,.F.);
#6599 = FACE_BOUND('',#6600,.F.);
#6600 = EDGE_LOOP('',(#6601,#6602,#6610,#6616));
#6601 = ORIENTED_EDGE('',*,*,#5481,.F.);
#6602 = ORIENTED_EDGE('',*,*,#6603,.T.);
#6603 = EDGE_CURVE('',#5474,#6604,#6606,.T.);
#6604 = VERTEX_POINT('',#6605);
#6605 = CARTESIAN_POINT('',(-2.55,2.1,0.5));
#6606 = LINE('',#6607,#6608);
#6607 = CARTESIAN_POINT('',(-1.95,2.1,0.5));
#6608 = VECTOR('',#6609,1.);
#6609 = DIRECTION('',(-1.,1.224646799147E-16,1.44444745829E-33));
#6610 = ORIENTED_EDGE('',*,*,#6611,.T.);
#6611 = EDGE_CURVE('',#6604,#6546,#6612,.T.);
#6612 = LINE('',#6613,#6614);
#6613 = CARTESIAN_POINT('',(-2.55,2.2,0.5));
#6614 = VECTOR('',#6615,1.);
#6615 = DIRECTION('',(-1.224646799147E-16,-1.,0.));
#6616 = ORIENTED_EDGE('',*,*,#6545,.T.);
#6617 = PLANE('',#6618);
#6618 = AXIS2_PLACEMENT_3D('',#6619,#6620,#6621);
#6619 = CARTESIAN_POINT('',(-2.2,1.6,0.5));
#6620 = DIRECTION('',(1.44444745829E-33,-1.768937956332E-49,1.));
#6621 = DIRECTION('',(-1.,1.224646799147E-16,1.44444745829E-33));
#6622 = ADVANCED_FACE('',(#6623),#6695,.F.);
#6623 = FACE_BOUND('',#6624,.F.);
#6624 = EDGE_LOOP('',(#6625,#6635,#6644,#6652,#6658,#6659,#6660,#6661,
    #6670,#6678,#6685,#6686,#6687,#6688));
#6625 = ORIENTED_EDGE('',*,*,#6626,.F.);
#6626 = EDGE_CURVE('',#6627,#6629,#6631,.T.);
#6627 = VERTEX_POINT('',#6628);
#6628 = CARTESIAN_POINT('',(-2.7,2.1,5.E-02));
#6629 = VERTEX_POINT('',#6630);
#6630 = CARTESIAN_POINT('',(-2.7,2.1,0.55));
#6631 = LINE('',#6632,#6633);
#6632 = CARTESIAN_POINT('',(-2.7,2.1,0.));
#6633 = VECTOR('',#6634,1.);
#6634 = DIRECTION('',(0.,0.,1.));
#6635 = ORIENTED_EDGE('',*,*,#6636,.T.);
#6636 = EDGE_CURVE('',#6627,#6637,#6639,.T.);
#6637 = VERTEX_POINT('',#6638);
#6638 = CARTESIAN_POINT('',(-2.65,2.1,-6.938893903907E-18));
#6639 = CIRCLE('',#6640,5.E-02);
#6640 = AXIS2_PLACEMENT_3D('',#6641,#6642,#6643);
#6641 = CARTESIAN_POINT('',(-2.65,2.1,5.E-02));
#6642 = DIRECTION('',(-1.224646799147E-16,-1.,0.));
#6643 = DIRECTION('',(0.,0.,1.));
#6644 = ORIENTED_EDGE('',*,*,#6645,.F.);
#6645 = EDGE_CURVE('',#6646,#6637,#6648,.T.);
#6646 = VERTEX_POINT('',#6647);
#6647 = CARTESIAN_POINT('',(-1.7,2.1,0.));
#6648 = LINE('',#6649,#6650);
#6649 = CARTESIAN_POINT('',(-1.7,2.1,0.));
#6650 = VECTOR('',#6651,1.);
#6651 = DIRECTION('',(-1.,1.224646799147E-16,0.));
#6652 = ORIENTED_EDGE('',*,*,#6653,.T.);
#6653 = EDGE_CURVE('',#6646,#5552,#6654,.T.);
#6654 = LINE('',#6655,#6656);
#6655 = CARTESIAN_POINT('',(-1.7,2.1,0.));
#6656 = VECTOR('',#6657,1.);
#6657 = DIRECTION('',(0.,0.,1.));
#6658 = ORIENTED_EDGE('',*,*,#5551,.F.);
#6659 = ORIENTED_EDGE('',*,*,#5543,.T.);
#6660 = ORIENTED_EDGE('',*,*,#6207,.T.);
#6661 = ORIENTED_EDGE('',*,*,#6662,.F.);
#6662 = EDGE_CURVE('',#6663,#6208,#6665,.T.);
#6663 = VERTEX_POINT('',#6664);
#6664 = CARTESIAN_POINT('',(-2.6,2.1,0.15));
#6665 = CIRCLE('',#6666,5.E-02);
#6666 = AXIS2_PLACEMENT_3D('',#6667,#6668,#6669);
#6667 = CARTESIAN_POINT('',(-2.55,2.1,0.15));
#6668 = DIRECTION('',(-1.224646799147E-16,-1.,0.));
#6669 = DIRECTION('',(-1.44444745829E-33,1.768937956331E-49,-1.));
#6670 = ORIENTED_EDGE('',*,*,#6671,.T.);
#6671 = EDGE_CURVE('',#6663,#6672,#6674,.T.);
#6672 = VERTEX_POINT('',#6673);
#6673 = CARTESIAN_POINT('',(-2.6,2.1,0.45));
#6674 = LINE('',#6675,#6676);
#6675 = CARTESIAN_POINT('',(-2.6,2.1,5.E-02));
#6676 = VECTOR('',#6677,1.);
#6677 = DIRECTION('',(0.,0.,1.));
#6678 = ORIENTED_EDGE('',*,*,#6679,.F.);
#6679 = EDGE_CURVE('',#6604,#6672,#6680,.T.);
#6680 = CIRCLE('',#6681,5.E-02);
#6681 = AXIS2_PLACEMENT_3D('',#6682,#6683,#6684);
#6682 = CARTESIAN_POINT('',(-2.55,2.1,0.45));
#6683 = DIRECTION('',(-1.224646799147E-16,-1.,0.));
#6684 = DIRECTION('',(-1.,1.224646799147E-16,0.));
#6685 = ORIENTED_EDGE('',*,*,#6603,.F.);
#6686 = ORIENTED_EDGE('',*,*,#5473,.F.);
#6687 = ORIENTED_EDGE('',*,*,#6487,.T.);
#6688 = ORIENTED_EDGE('',*,*,#6689,.T.);
#6689 = EDGE_CURVE('',#6488,#6629,#6690,.T.);
#6690 = CIRCLE('',#6691,5.E-02);
#6691 = AXIS2_PLACEMENT_3D('',#6692,#6693,#6694);
#6692 = CARTESIAN_POINT('',(-2.65,2.1,0.55));
#6693 = DIRECTION('',(-1.224646799147E-16,-1.,0.));
#6694 = DIRECTION('',(0.,0.,1.));
#6695 = PLANE('',#6696);
#6696 = AXIS2_PLACEMENT_3D('',#6697,#6698,#6699);
#6697 = CARTESIAN_POINT('',(-1.7,2.1,0.));
#6698 = DIRECTION('',(-1.224646799147E-16,-1.,0.));
#6699 = DIRECTION('',(-1.,1.224646799147E-16,0.));
#6700 = ADVANCED_FACE('',(#6701),#6712,.F.);
#6701 = FACE_BOUND('',#6702,.F.);
#6702 = EDGE_LOOP('',(#6703,#6709,#6710,#6711));
#6703 = ORIENTED_EDGE('',*,*,#6704,.F.);
#6704 = EDGE_CURVE('',#6185,#6039,#6705,.T.);
#6705 = LINE('',#6706,#6707);
#6706 = CARTESIAN_POINT('',(1.7,2.1,0.));
#6707 = VECTOR('',#6708,1.);
#6708 = DIRECTION('',(-1.224646799147E-16,-1.,0.));
#6709 = ORIENTED_EDGE('',*,*,#6184,.T.);
#6710 = ORIENTED_EDGE('',*,*,#5678,.F.);
#6711 = ORIENTED_EDGE('',*,*,#6046,.F.);
#6712 = PLANE('',#6713);
#6713 = AXIS2_PLACEMENT_3D('',#6714,#6715,#6716);
#6714 = CARTESIAN_POINT('',(1.7,2.1,0.));
#6715 = DIRECTION('',(1.,-1.224646799147E-16,0.));
#6716 = DIRECTION('',(-1.224646799147E-16,-1.,0.));
#6717 = ADVANCED_FACE('',(#6718),#6729,.F.);
#6718 = FACE_BOUND('',#6719,.F.);
#6719 = EDGE_LOOP('',(#6720,#6726,#6727,#6728));
#6720 = ORIENTED_EDGE('',*,*,#6721,.F.);
#6721 = EDGE_CURVE('',#5865,#5930,#6722,.T.);
#6722 = LINE('',#6723,#6724);
#6723 = CARTESIAN_POINT('',(1.7,-1.1,0.));
#6724 = VECTOR('',#6725,1.);
#6725 = DIRECTION('',(-1.224646799147E-16,-1.,0.));
#6726 = ORIENTED_EDGE('',*,*,#5864,.T.);
#6727 = ORIENTED_EDGE('',*,*,#5639,.F.);
#6728 = ORIENTED_EDGE('',*,*,#5937,.F.);
#6729 = PLANE('',#6730);
#6730 = AXIS2_PLACEMENT_3D('',#6731,#6732,#6733);
#6731 = CARTESIAN_POINT('',(1.7,-1.1,0.));
#6732 = DIRECTION('',(1.,-1.224646799147E-16,0.));
#6733 = DIRECTION('',(-1.224646799147E-16,-1.,0.));
#6734 = ADVANCED_FACE('',(#6735),#6746,.F.);
#6735 = FACE_BOUND('',#6736,.F.);
#6736 = EDGE_LOOP('',(#6737,#6743,#6744,#6745));
#6737 = ORIENTED_EDGE('',*,*,#6738,.F.);
#6738 = EDGE_CURVE('',#6465,#6319,#6739,.T.);
#6739 = LINE('',#6740,#6741);
#6740 = CARTESIAN_POINT('',(-1.7,-2.1,0.));
#6741 = VECTOR('',#6742,1.);
#6742 = DIRECTION('',(1.224646799147E-16,1.,0.));
#6743 = ORIENTED_EDGE('',*,*,#6464,.T.);
#6744 = ORIENTED_EDGE('',*,*,#5598,.F.);
#6745 = ORIENTED_EDGE('',*,*,#6326,.F.);
#6746 = PLANE('',#6747);
#6747 = AXIS2_PLACEMENT_3D('',#6748,#6749,#6750);
#6748 = CARTESIAN_POINT('',(-1.7,-2.1,0.));
#6749 = DIRECTION('',(-1.,1.224646799147E-16,0.));
#6750 = DIRECTION('',(1.224646799147E-16,1.,0.));
#6751 = ADVANCED_FACE('',(#6752),#6763,.F.);
#6752 = FACE_BOUND('',#6753,.F.);
#6753 = EDGE_LOOP('',(#6754,#6760,#6761,#6762));
#6754 = ORIENTED_EDGE('',*,*,#6755,.F.);
#6755 = EDGE_CURVE('',#6581,#6646,#6756,.T.);
#6756 = LINE('',#6757,#6758);
#6757 = CARTESIAN_POINT('',(-1.7,1.1,0.));
#6758 = VECTOR('',#6759,1.);
#6759 = DIRECTION('',(1.224646799147E-16,1.,0.));
#6760 = ORIENTED_EDGE('',*,*,#6580,.T.);
#6761 = ORIENTED_EDGE('',*,*,#5559,.F.);
#6762 = ORIENTED_EDGE('',*,*,#6653,.F.);
#6763 = PLANE('',#6764);
#6764 = AXIS2_PLACEMENT_3D('',#6765,#6766,#6767);
#6765 = CARTESIAN_POINT('',(-1.7,1.1,0.));
#6766 = DIRECTION('',(-1.,1.224646799147E-16,0.));
#6767 = DIRECTION('',(1.224646799147E-16,1.,0.));
#6768 = ADVANCED_FACE('',(#6769),#6780,.F.);
#6769 = FACE_BOUND('',#6770,.F.);
#6770 = EDGE_LOOP('',(#6771,#6772,#6773,#6774));
#6771 = ORIENTED_EDGE('',*,*,#6055,.T.);
#6772 = ORIENTED_EDGE('',*,*,#5708,.T.);
#6773 = ORIENTED_EDGE('',*,*,#6174,.F.);
#6774 = ORIENTED_EDGE('',*,*,#6775,.F.);
#6775 = EDGE_CURVE('',#6056,#6167,#6776,.T.);
#6776 = LINE('',#6777,#6778);
#6777 = CARTESIAN_POINT('',(2.6,1.,0.15));
#6778 = VECTOR('',#6779,1.);
#6779 = DIRECTION('',(1.224646799147E-16,1.,0.));
#6780 = CYLINDRICAL_SURFACE('',#6781,5.E-02);
#6781 = AXIS2_PLACEMENT_3D('',#6782,#6783,#6784);
#6782 = CARTESIAN_POINT('',(2.55,1.,0.15));
#6783 = DIRECTION('',(1.224646799147E-16,1.,0.));
#6784 = DIRECTION('',(1.,-1.224646799147E-16,0.));
#6785 = ADVANCED_FACE('',(#6786),#6797,.F.);
#6786 = FACE_BOUND('',#6787,.F.);
#6787 = EDGE_LOOP('',(#6788,#6789,#6790,#6791));
#6788 = ORIENTED_EDGE('',*,*,#5946,.T.);
#6789 = ORIENTED_EDGE('',*,*,#5739,.T.);
#6790 = ORIENTED_EDGE('',*,*,#5854,.F.);
#6791 = ORIENTED_EDGE('',*,*,#6792,.F.);
#6792 = EDGE_CURVE('',#5947,#5847,#6793,.T.);
#6793 = LINE('',#6794,#6795);
#6794 = CARTESIAN_POINT('',(2.6,-2.2,0.15));
#6795 = VECTOR('',#6796,1.);
#6796 = DIRECTION('',(1.224646799147E-16,1.,0.));
#6797 = CYLINDRICAL_SURFACE('',#6798,5.E-02);
#6798 = AXIS2_PLACEMENT_3D('',#6799,#6800,#6801);
#6799 = CARTESIAN_POINT('',(2.55,-2.2,0.15));
#6800 = DIRECTION('',(1.224646799147E-16,1.,0.));
#6801 = DIRECTION('',(1.,-1.224646799147E-16,0.));
#6802 = ADVANCED_FACE('',(#6803),#6814,.T.);
#6803 = FACE_BOUND('',#6804,.T.);
#6804 = EDGE_LOOP('',(#6805,#6811,#6812,#6813));
#6805 = ORIENTED_EDGE('',*,*,#6806,.T.);
#6806 = EDGE_CURVE('',#5913,#5813,#6807,.T.);
#6807 = LINE('',#6808,#6809);
#6808 = CARTESIAN_POINT('',(2.7,-2.1,0.55));
#6809 = VECTOR('',#6810,1.);
#6810 = DIRECTION('',(1.224646799147E-16,1.,0.));
#6811 = ORIENTED_EDGE('',*,*,#5820,.T.);
#6812 = ORIENTED_EDGE('',*,*,#5770,.F.);
#6813 = ORIENTED_EDGE('',*,*,#5973,.F.);
#6814 = CYLINDRICAL_SURFACE('',#6815,5.E-02);
#6815 = AXIS2_PLACEMENT_3D('',#6816,#6817,#6818);
#6816 = CARTESIAN_POINT('',(2.65,-2.1,0.55));
#6817 = DIRECTION('',(1.224646799147E-16,1.,0.));
#6818 = DIRECTION('',(1.,-1.224646799147E-16,0.));
#6819 = ADVANCED_FACE('',(#6820),#6836,.T.);
#6820 = FACE_BOUND('',#6821,.T.);
#6821 = EDGE_LOOP('',(#6822,#6823,#6829,#6830));
#6822 = ORIENTED_EDGE('',*,*,#5920,.T.);
#6823 = ORIENTED_EDGE('',*,*,#6824,.T.);
#6824 = EDGE_CURVE('',#5921,#5804,#6825,.T.);
#6825 = LINE('',#6826,#6827);
#6826 = CARTESIAN_POINT('',(2.65,-2.1,-6.938893903907E-18));
#6827 = VECTOR('',#6828,1.);
#6828 = DIRECTION('',(1.224646799147E-16,1.,0.));
#6829 = ORIENTED_EDGE('',*,*,#5801,.F.);
#6830 = ORIENTED_EDGE('',*,*,#6831,.F.);
#6831 = EDGE_CURVE('',#5911,#5802,#6832,.T.);
#6832 = LINE('',#6833,#6834);
#6833 = CARTESIAN_POINT('',(2.7,-2.1,5.E-02));
#6834 = VECTOR('',#6835,1.);
#6835 = DIRECTION('',(1.224646799147E-16,1.,0.));
#6836 = CYLINDRICAL_SURFACE('',#6837,5.E-02);
#6837 = AXIS2_PLACEMENT_3D('',#6838,#6839,#6840);
#6838 = CARTESIAN_POINT('',(2.65,-2.1,5.E-02));
#6839 = DIRECTION('',(1.224646799147E-16,1.,0.));
#6840 = DIRECTION('',(1.,-1.224646799147E-16,0.));
#6841 = ADVANCED_FACE('',(#6842),#6848,.F.);
#6842 = FACE_BOUND('',#6843,.F.);
#6843 = EDGE_LOOP('',(#6844,#6845,#6846,#6847));
#6844 = ORIENTED_EDGE('',*,*,#5872,.T.);
#6845 = ORIENTED_EDGE('',*,*,#6721,.T.);
#6846 = ORIENTED_EDGE('',*,*,#5929,.T.);
#6847 = ORIENTED_EDGE('',*,*,#6824,.T.);
#6848 = PLANE('',#6849);
#6849 = AXIS2_PLACEMENT_3D('',#6850,#6851,#6852);
#6850 = CARTESIAN_POINT('',(2.2,-1.6,0.));
#6851 = DIRECTION('',(0.,0.,1.));
#6852 = DIRECTION('',(-1.,1.224646799147E-16,0.));
#6853 = ADVANCED_FACE('',(#6854),#6865,.T.);
#6854 = FACE_BOUND('',#6855,.T.);
#6855 = EDGE_LOOP('',(#6856,#6857,#6858,#6864));
#6856 = ORIENTED_EDGE('',*,*,#6792,.F.);
#6857 = ORIENTED_EDGE('',*,*,#5955,.T.);
#6858 = ORIENTED_EDGE('',*,*,#6859,.T.);
#6859 = EDGE_CURVE('',#5956,#5838,#6860,.T.);
#6860 = LINE('',#6861,#6862);
#6861 = CARTESIAN_POINT('',(2.6,-2.2,0.45));
#6862 = VECTOR('',#6863,1.);
#6863 = DIRECTION('',(1.224646799147E-16,1.,0.));
#6864 = ORIENTED_EDGE('',*,*,#5846,.T.);
#6865 = PLANE('',#6866);
#6866 = AXIS2_PLACEMENT_3D('',#6867,#6868,#6869);
#6867 = CARTESIAN_POINT('',(2.6,-2.2,0.1));
#6868 = DIRECTION('',(-1.,1.224646799147E-16,0.));
#6869 = DIRECTION('',(1.224646799147E-16,1.,0.));
#6870 = ADVANCED_FACE('',(#6871),#6877,.F.);
#6871 = FACE_BOUND('',#6872,.F.);
#6872 = EDGE_LOOP('',(#6873,#6874,#6875,#6876));
#6873 = ORIENTED_EDGE('',*,*,#6859,.T.);
#6874 = ORIENTED_EDGE('',*,*,#5837,.F.);
#6875 = ORIENTED_EDGE('',*,*,#5886,.F.);
#6876 = ORIENTED_EDGE('',*,*,#5963,.T.);
#6877 = CYLINDRICAL_SURFACE('',#6878,5.E-02);
#6878 = AXIS2_PLACEMENT_3D('',#6879,#6880,#6881);
#6879 = CARTESIAN_POINT('',(2.55,-2.2,0.45));
#6880 = DIRECTION('',(1.224646799147E-16,1.,0.));
#6881 = DIRECTION('',(1.,-1.224646799147E-16,0.));
#6882 = ADVANCED_FACE('',(#6883),#6889,.F.);
#6883 = FACE_BOUND('',#6884,.F.);
#6884 = EDGE_LOOP('',(#6885,#6886,#6887,#6888));
#6885 = ORIENTED_EDGE('',*,*,#5910,.T.);
#6886 = ORIENTED_EDGE('',*,*,#6806,.T.);
#6887 = ORIENTED_EDGE('',*,*,#5812,.F.);
#6888 = ORIENTED_EDGE('',*,*,#6831,.F.);
#6889 = PLANE('',#6890);
#6890 = AXIS2_PLACEMENT_3D('',#6891,#6892,#6893);
#6891 = CARTESIAN_POINT('',(2.7,-2.1,0.));
#6892 = DIRECTION('',(-1.,1.224646799147E-16,0.));
#6893 = DIRECTION('',(1.224646799147E-16,1.,0.));
#6894 = ADVANCED_FACE('',(#6895),#6906,.F.);
#6895 = FACE_BOUND('',#6896,.F.);
#6896 = EDGE_LOOP('',(#6897,#6903,#6904,#6905));
#6897 = ORIENTED_EDGE('',*,*,#6898,.T.);
#6898 = EDGE_CURVE('',#6065,#6158,#6899,.T.);
#6899 = LINE('',#6900,#6901);
#6900 = CARTESIAN_POINT('',(2.6,1.,0.45));
#6901 = VECTOR('',#6902,1.);
#6902 = DIRECTION('',(1.224646799147E-16,1.,0.));
#6903 = ORIENTED_EDGE('',*,*,#6157,.F.);
#6904 = ORIENTED_EDGE('',*,*,#5988,.F.);
#6905 = ORIENTED_EDGE('',*,*,#6072,.T.);
#6906 = CYLINDRICAL_SURFACE('',#6907,5.E-02);
#6907 = AXIS2_PLACEMENT_3D('',#6908,#6909,#6910);
#6908 = CARTESIAN_POINT('',(2.55,1.,0.45));
#6909 = DIRECTION('',(1.224646799147E-16,1.,0.));
#6910 = DIRECTION('',(1.,-1.224646799147E-16,0.));
#6911 = ADVANCED_FACE('',(#6912),#6928,.F.);
#6912 = FACE_BOUND('',#6913,.F.);
#6913 = EDGE_LOOP('',(#6914,#6915,#6921,#6922));
#6914 = ORIENTED_EDGE('',*,*,#6019,.T.);
#6915 = ORIENTED_EDGE('',*,*,#6916,.T.);
#6916 = EDGE_CURVE('',#6022,#6140,#6917,.T.);
#6917 = LINE('',#6918,#6919);
#6918 = CARTESIAN_POINT('',(2.7,1.1,0.55));
#6919 = VECTOR('',#6920,1.);
#6920 = DIRECTION('',(1.224646799147E-16,1.,0.));
#6921 = ORIENTED_EDGE('',*,*,#6139,.F.);
#6922 = ORIENTED_EDGE('',*,*,#6923,.F.);
#6923 = EDGE_CURVE('',#6020,#6129,#6924,.T.);
#6924 = LINE('',#6925,#6926);
#6925 = CARTESIAN_POINT('',(2.7,1.1,5.E-02));
#6926 = VECTOR('',#6927,1.);
#6927 = DIRECTION('',(1.224646799147E-16,1.,0.));
#6928 = PLANE('',#6929);
#6929 = AXIS2_PLACEMENT_3D('',#6930,#6931,#6932);
#6930 = CARTESIAN_POINT('',(2.7,1.1,0.));
#6931 = DIRECTION('',(-1.,1.224646799147E-16,0.));
#6932 = DIRECTION('',(1.224646799147E-16,1.,0.));
#6933 = ADVANCED_FACE('',(#6934),#6940,.T.);
#6934 = FACE_BOUND('',#6935,.T.);
#6935 = EDGE_LOOP('',(#6936,#6937,#6938,#6939));
#6936 = ORIENTED_EDGE('',*,*,#6916,.T.);
#6937 = ORIENTED_EDGE('',*,*,#6147,.T.);
#6938 = ORIENTED_EDGE('',*,*,#6104,.F.);
#6939 = ORIENTED_EDGE('',*,*,#6089,.F.);
#6940 = CYLINDRICAL_SURFACE('',#6941,5.E-02);
#6941 = AXIS2_PLACEMENT_3D('',#6942,#6943,#6944);
#6942 = CARTESIAN_POINT('',(2.65,1.1,0.55));
#6943 = DIRECTION('',(1.224646799147E-16,1.,0.));
#6944 = DIRECTION('',(1.,-1.224646799147E-16,0.));
#6945 = ADVANCED_FACE('',(#6946),#6952,.T.);
#6946 = FACE_BOUND('',#6947,.T.);
#6947 = EDGE_LOOP('',(#6948,#6949,#6950,#6951));
#6948 = ORIENTED_EDGE('',*,*,#6775,.F.);
#6949 = ORIENTED_EDGE('',*,*,#6064,.T.);
#6950 = ORIENTED_EDGE('',*,*,#6898,.T.);
#6951 = ORIENTED_EDGE('',*,*,#6166,.T.);
#6952 = PLANE('',#6953);
#6953 = AXIS2_PLACEMENT_3D('',#6954,#6955,#6956);
#6954 = CARTESIAN_POINT('',(2.6,1.,0.1));
#6955 = DIRECTION('',(-1.,1.224646799147E-16,0.));
#6956 = DIRECTION('',(1.224646799147E-16,1.,0.));
#6957 = ADVANCED_FACE('',(#6958),#6969,.F.);
#6958 = FACE_BOUND('',#6959,.F.);
#6959 = EDGE_LOOP('',(#6960,#6961,#6962,#6963));
#6960 = ORIENTED_EDGE('',*,*,#6192,.T.);
#6961 = ORIENTED_EDGE('',*,*,#6704,.T.);
#6962 = ORIENTED_EDGE('',*,*,#6038,.T.);
#6963 = ORIENTED_EDGE('',*,*,#6964,.T.);
#6964 = EDGE_CURVE('',#6030,#6131,#6965,.T.);
#6965 = LINE('',#6966,#6967);
#6966 = CARTESIAN_POINT('',(2.65,1.1,-6.938893903907E-18));
#6967 = VECTOR('',#6968,1.);
#6968 = DIRECTION('',(1.224646799147E-16,1.,0.));
#6969 = PLANE('',#6970);
#6970 = AXIS2_PLACEMENT_3D('',#6971,#6972,#6973);
#6971 = CARTESIAN_POINT('',(2.2,1.6,0.));
#6972 = DIRECTION('',(0.,0.,1.));
#6973 = DIRECTION('',(-1.,1.224646799147E-16,0.));
#6974 = ADVANCED_FACE('',(#6975),#6981,.T.);
#6975 = FACE_BOUND('',#6976,.T.);
#6976 = EDGE_LOOP('',(#6977,#6978,#6979,#6980));
#6977 = ORIENTED_EDGE('',*,*,#6029,.T.);
#6978 = ORIENTED_EDGE('',*,*,#6964,.T.);
#6979 = ORIENTED_EDGE('',*,*,#6128,.F.);
#6980 = ORIENTED_EDGE('',*,*,#6923,.F.);
#6981 = CYLINDRICAL_SURFACE('',#6982,5.E-02);
#6982 = AXIS2_PLACEMENT_3D('',#6983,#6984,#6985);
#6983 = CARTESIAN_POINT('',(2.65,1.1,5.E-02));
#6984 = DIRECTION('',(1.224646799147E-16,1.,0.));
#6985 = DIRECTION('',(1.,-1.224646799147E-16,0.));
#6986 = ADVANCED_FACE('',(#6987),#6998,.F.);
#6987 = FACE_BOUND('',#6988,.F.);
#6988 = EDGE_LOOP('',(#6989,#6990,#6996,#6997));
#6989 = ORIENTED_EDGE('',*,*,#6570,.F.);
#6990 = ORIENTED_EDGE('',*,*,#6991,.F.);
#6991 = EDGE_CURVE('',#6663,#6563,#6992,.T.);
#6992 = LINE('',#6993,#6994);
#6993 = CARTESIAN_POINT('',(-2.6,2.2,0.15));
#6994 = VECTOR('',#6995,1.);
#6995 = DIRECTION('',(-1.224646799147E-16,-1.,0.));
#6996 = ORIENTED_EDGE('',*,*,#6662,.T.);
#6997 = ORIENTED_EDGE('',*,*,#6215,.T.);
#6998 = CYLINDRICAL_SURFACE('',#6999,5.E-02);
#6999 = AXIS2_PLACEMENT_3D('',#7000,#7001,#7002);
#7000 = CARTESIAN_POINT('',(-2.55,2.2,0.15));
#7001 = DIRECTION('',(-1.224646799147E-16,-1.,0.));
#7002 = DIRECTION('',(-1.44444745829E-33,1.768937956331E-49,-1.));
#7003 = ADVANCED_FACE('',(#7004),#7015,.F.);
#7004 = FACE_BOUND('',#7005,.F.);
#7005 = EDGE_LOOP('',(#7006,#7007,#7013,#7014));
#7006 = ORIENTED_EDGE('',*,*,#6454,.F.);
#7007 = ORIENTED_EDGE('',*,*,#7008,.F.);
#7008 = EDGE_CURVE('',#6336,#6447,#7009,.T.);
#7009 = LINE('',#7010,#7011);
#7010 = CARTESIAN_POINT('',(-2.6,-1.,0.15));
#7011 = VECTOR('',#7012,1.);
#7012 = DIRECTION('',(-1.224646799147E-16,-1.,0.));
#7013 = ORIENTED_EDGE('',*,*,#6335,.T.);
#7014 = ORIENTED_EDGE('',*,*,#6246,.T.);
#7015 = CYLINDRICAL_SURFACE('',#7016,5.E-02);
#7016 = AXIS2_PLACEMENT_3D('',#7017,#7018,#7019);
#7017 = CARTESIAN_POINT('',(-2.55,-1.,0.15));
#7018 = DIRECTION('',(-1.224646799147E-16,-1.,0.));
#7019 = DIRECTION('',(-1.44444745829E-33,1.768937956331E-49,-1.));
#7020 = ADVANCED_FACE('',(#7021),#7032,.F.);
#7021 = FACE_BOUND('',#7022,.F.);
#7022 = EDGE_LOOP('',(#7023,#7029,#7030,#7031));
#7023 = ORIENTED_EDGE('',*,*,#7024,.T.);
#7024 = EDGE_CURVE('',#6345,#6438,#7025,.T.);
#7025 = LINE('',#7026,#7027);
#7026 = CARTESIAN_POINT('',(-2.6,-1.,0.45));
#7027 = VECTOR('',#7028,1.);
#7028 = DIRECTION('',(-1.224646799147E-16,-1.,0.));
#7029 = ORIENTED_EDGE('',*,*,#6437,.F.);
#7030 = ORIENTED_EDGE('',*,*,#6277,.F.);
#7031 = ORIENTED_EDGE('',*,*,#6352,.T.);
#7032 = CYLINDRICAL_SURFACE('',#7033,5.E-02);
#7033 = AXIS2_PLACEMENT_3D('',#7034,#7035,#7036);
#7034 = CARTESIAN_POINT('',(-2.55,-1.,0.45));
#7035 = DIRECTION('',(-1.224646799147E-16,-1.,0.));
#7036 = DIRECTION('',(-1.,1.224646799147E-16,0.));
#7037 = ADVANCED_FACE('',(#7038),#7054,.F.);
#7038 = FACE_BOUND('',#7039,.F.);
#7039 = EDGE_LOOP('',(#7040,#7041,#7047,#7048));
#7040 = ORIENTED_EDGE('',*,*,#6299,.T.);
#7041 = ORIENTED_EDGE('',*,*,#7042,.T.);
#7042 = EDGE_CURVE('',#6302,#6420,#7043,.T.);
#7043 = LINE('',#7044,#7045);
#7044 = CARTESIAN_POINT('',(-2.7,-1.1,0.55));
#7045 = VECTOR('',#7046,1.);
#7046 = DIRECTION('',(-1.224646799147E-16,-1.,0.));
#7047 = ORIENTED_EDGE('',*,*,#6419,.F.);
#7048 = ORIENTED_EDGE('',*,*,#7049,.F.);
#7049 = EDGE_CURVE('',#6300,#6409,#7050,.T.);
#7050 = LINE('',#7051,#7052);
#7051 = CARTESIAN_POINT('',(-2.7,-1.1,5.E-02));
#7052 = VECTOR('',#7053,1.);
#7053 = DIRECTION('',(-1.224646799147E-16,-1.,0.));
#7054 = PLANE('',#7055);
#7055 = AXIS2_PLACEMENT_3D('',#7056,#7057,#7058);
#7056 = CARTESIAN_POINT('',(-2.7,-1.1,0.));
#7057 = DIRECTION('',(1.,-1.224646799147E-16,0.));
#7058 = DIRECTION('',(-1.224646799147E-16,-1.,0.));
#7059 = ADVANCED_FACE('',(#7060),#7066,.T.);
#7060 = FACE_BOUND('',#7061,.T.);
#7061 = EDGE_LOOP('',(#7062,#7063,#7064,#7065));
#7062 = ORIENTED_EDGE('',*,*,#6369,.T.);
#7063 = ORIENTED_EDGE('',*,*,#7042,.T.);
#7064 = ORIENTED_EDGE('',*,*,#6427,.F.);
#7065 = ORIENTED_EDGE('',*,*,#6386,.F.);
#7066 = CYLINDRICAL_SURFACE('',#7067,5.E-02);
#7067 = AXIS2_PLACEMENT_3D('',#7068,#7069,#7070);
#7068 = CARTESIAN_POINT('',(-2.65,-1.1,0.55));
#7069 = DIRECTION('',(-1.224646799147E-16,-1.,0.));
#7070 = DIRECTION('',(0.,0.,1.));
#7071 = ADVANCED_FACE('',(#7072),#7078,.T.);
#7072 = FACE_BOUND('',#7073,.T.);
#7073 = EDGE_LOOP('',(#7074,#7075,#7076,#7077));
#7074 = ORIENTED_EDGE('',*,*,#7008,.F.);
#7075 = ORIENTED_EDGE('',*,*,#6344,.T.);
#7076 = ORIENTED_EDGE('',*,*,#7024,.T.);
#7077 = ORIENTED_EDGE('',*,*,#6446,.T.);
#7078 = PLANE('',#7079);
#7079 = AXIS2_PLACEMENT_3D('',#7080,#7081,#7082);
#7080 = CARTESIAN_POINT('',(-2.6,-1.,0.1));
#7081 = DIRECTION('',(1.,-1.224646799147E-16,0.));
#7082 = DIRECTION('',(-1.224646799147E-16,-1.,0.));
#7083 = ADVANCED_FACE('',(#7084),#7095,.F.);
#7084 = FACE_BOUND('',#7085,.F.);
#7085 = EDGE_LOOP('',(#7086,#7087,#7093,#7094));
#7086 = ORIENTED_EDGE('',*,*,#6318,.T.);
#7087 = ORIENTED_EDGE('',*,*,#7088,.T.);
#7088 = EDGE_CURVE('',#6310,#6411,#7089,.T.);
#7089 = LINE('',#7090,#7091);
#7090 = CARTESIAN_POINT('',(-2.65,-1.1,-6.938893903907E-18));
#7091 = VECTOR('',#7092,1.);
#7092 = DIRECTION('',(-1.224646799147E-16,-1.,0.));
#7093 = ORIENTED_EDGE('',*,*,#6472,.T.);
#7094 = ORIENTED_EDGE('',*,*,#6738,.T.);
#7095 = PLANE('',#7096);
#7096 = AXIS2_PLACEMENT_3D('',#7097,#7098,#7099);
#7097 = CARTESIAN_POINT('',(-2.2,-1.6,0.));
#7098 = DIRECTION('',(0.,0.,1.));
#7099 = DIRECTION('',(-1.,1.224646799147E-16,0.));
#7100 = ADVANCED_FACE('',(#7101),#7107,.T.);
#7101 = FACE_BOUND('',#7102,.T.);
#7102 = EDGE_LOOP('',(#7103,#7104,#7105,#7106));
#7103 = ORIENTED_EDGE('',*,*,#6309,.T.);
#7104 = ORIENTED_EDGE('',*,*,#7088,.T.);
#7105 = ORIENTED_EDGE('',*,*,#6408,.F.);
#7106 = ORIENTED_EDGE('',*,*,#7049,.F.);
#7107 = CYLINDRICAL_SURFACE('',#7108,5.E-02);
#7108 = AXIS2_PLACEMENT_3D('',#7109,#7110,#7111);
#7109 = CARTESIAN_POINT('',(-2.65,-1.1,5.E-02));
#7110 = DIRECTION('',(-1.224646799147E-16,-1.,0.));
#7111 = DIRECTION('',(-1.,1.224646799147E-16,0.));
#7112 = ADVANCED_FACE('',(#7113),#7124,.T.);
#7113 = FACE_BOUND('',#7114,.T.);
#7114 = EDGE_LOOP('',(#7115,#7116,#7122,#7123));
#7115 = ORIENTED_EDGE('',*,*,#6689,.T.);
#7116 = ORIENTED_EDGE('',*,*,#7117,.T.);
#7117 = EDGE_CURVE('',#6629,#6529,#7118,.T.);
#7118 = LINE('',#7119,#7120);
#7119 = CARTESIAN_POINT('',(-2.7,2.1,0.55));
#7120 = VECTOR('',#7121,1.);
#7121 = DIRECTION('',(-1.224646799147E-16,-1.,0.));
#7122 = ORIENTED_EDGE('',*,*,#6536,.F.);
#7123 = ORIENTED_EDGE('',*,*,#6495,.F.);
#7124 = CYLINDRICAL_SURFACE('',#7125,5.E-02);
#7125 = AXIS2_PLACEMENT_3D('',#7126,#7127,#7128);
#7126 = CARTESIAN_POINT('',(-2.65,2.1,0.55));
#7127 = DIRECTION('',(-1.224646799147E-16,-1.,0.));
#7128 = DIRECTION('',(0.,0.,1.));
#7129 = ADVANCED_FACE('',(#7130),#7146,.T.);
#7130 = FACE_BOUND('',#7131,.T.);
#7131 = EDGE_LOOP('',(#7132,#7133,#7139,#7140));
#7132 = ORIENTED_EDGE('',*,*,#6636,.T.);
#7133 = ORIENTED_EDGE('',*,*,#7134,.T.);
#7134 = EDGE_CURVE('',#6637,#6520,#7135,.T.);
#7135 = LINE('',#7136,#7137);
#7136 = CARTESIAN_POINT('',(-2.65,2.1,-6.938893903907E-18));
#7137 = VECTOR('',#7138,1.);
#7138 = DIRECTION('',(-1.224646799147E-16,-1.,0.));
#7139 = ORIENTED_EDGE('',*,*,#6517,.F.);
#7140 = ORIENTED_EDGE('',*,*,#7141,.F.);
#7141 = EDGE_CURVE('',#6627,#6518,#7142,.T.);
#7142 = LINE('',#7143,#7144);
#7143 = CARTESIAN_POINT('',(-2.7,2.1,5.E-02));
#7144 = VECTOR('',#7145,1.);
#7145 = DIRECTION('',(-1.224646799147E-16,-1.,0.));
#7146 = CYLINDRICAL_SURFACE('',#7147,5.E-02);
#7147 = AXIS2_PLACEMENT_3D('',#7148,#7149,#7150);
#7148 = CARTESIAN_POINT('',(-2.65,2.1,5.E-02));
#7149 = DIRECTION('',(-1.224646799147E-16,-1.,0.));
#7150 = DIRECTION('',(-1.,1.224646799147E-16,0.));
#7151 = ADVANCED_FACE('',(#7152),#7158,.F.);
#7152 = FACE_BOUND('',#7153,.F.);
#7153 = EDGE_LOOP('',(#7154,#7155,#7156,#7157));
#7154 = ORIENTED_EDGE('',*,*,#6645,.T.);
#7155 = ORIENTED_EDGE('',*,*,#7134,.T.);
#7156 = ORIENTED_EDGE('',*,*,#6588,.T.);
#7157 = ORIENTED_EDGE('',*,*,#6755,.T.);
#7158 = PLANE('',#7159);
#7159 = AXIS2_PLACEMENT_3D('',#7160,#7161,#7162);
#7160 = CARTESIAN_POINT('',(-2.2,1.6,0.));
#7161 = DIRECTION('',(0.,0.,1.));
#7162 = DIRECTION('',(-1.,1.224646799147E-16,0.));
#7163 = ADVANCED_FACE('',(#7164),#7175,.T.);
#7164 = FACE_BOUND('',#7165,.T.);
#7165 = EDGE_LOOP('',(#7166,#7167,#7168,#7174));
#7166 = ORIENTED_EDGE('',*,*,#6991,.F.);
#7167 = ORIENTED_EDGE('',*,*,#6671,.T.);
#7168 = ORIENTED_EDGE('',*,*,#7169,.T.);
#7169 = EDGE_CURVE('',#6672,#6554,#7170,.T.);
#7170 = LINE('',#7171,#7172);
#7171 = CARTESIAN_POINT('',(-2.6,2.2,0.45));
#7172 = VECTOR('',#7173,1.);
#7173 = DIRECTION('',(-1.224646799147E-16,-1.,0.));
#7174 = ORIENTED_EDGE('',*,*,#6562,.T.);
#7175 = PLANE('',#7176);
#7176 = AXIS2_PLACEMENT_3D('',#7177,#7178,#7179);
#7177 = CARTESIAN_POINT('',(-2.6,2.2,0.1));
#7178 = DIRECTION('',(1.,-1.224646799147E-16,0.));
#7179 = DIRECTION('',(-1.224646799147E-16,-1.,0.));
#7180 = ADVANCED_FACE('',(#7181),#7187,.F.);
#7181 = FACE_BOUND('',#7182,.F.);
#7182 = EDGE_LOOP('',(#7183,#7184,#7185,#7186));
#7183 = ORIENTED_EDGE('',*,*,#7169,.T.);
#7184 = ORIENTED_EDGE('',*,*,#6553,.F.);
#7185 = ORIENTED_EDGE('',*,*,#6611,.F.);
#7186 = ORIENTED_EDGE('',*,*,#6679,.T.);
#7187 = CYLINDRICAL_SURFACE('',#7188,5.E-02);
#7188 = AXIS2_PLACEMENT_3D('',#7189,#7190,#7191);
#7189 = CARTESIAN_POINT('',(-2.55,2.2,0.45));
#7190 = DIRECTION('',(-1.224646799147E-16,-1.,0.));
#7191 = DIRECTION('',(-1.,1.224646799147E-16,0.));
#7192 = ADVANCED_FACE('',(#7193),#7199,.F.);
#7193 = FACE_BOUND('',#7194,.F.);
#7194 = EDGE_LOOP('',(#7195,#7196,#7197,#7198));
#7195 = ORIENTED_EDGE('',*,*,#6626,.T.);
#7196 = ORIENTED_EDGE('',*,*,#7117,.T.);
#7197 = ORIENTED_EDGE('',*,*,#6528,.F.);
#7198 = ORIENTED_EDGE('',*,*,#7141,.F.);
#7199 = PLANE('',#7200);
#7200 = AXIS2_PLACEMENT_3D('',#7201,#7202,#7203);
#7201 = CARTESIAN_POINT('',(-2.7,2.1,0.));
#7202 = DIRECTION('',(1.,-1.224646799147E-16,0.));
#7203 = DIRECTION('',(-1.224646799147E-16,-1.,0.));
#7204 = ( GEOMETRIC_REPRESENTATION_CONTEXT(3) 
GLOBAL_UNCERTAINTY_ASSIGNED_CONTEXT((#7208)) 
GLOBAL_UNIT_ASSIGNED_CONTEXT((#7205,#7206,#7207)) REPRESENTATION_CONTEXT
('Context #1','3D Context with UNIT and UNCERTAINTY') );
#7205 = ( LENGTH_UNIT() NAMED_UNIT(*) SI_UNIT(.MILLI.,.METRE.) );
#7206 = ( NAMED_UNIT(*) PLANE_ANGLE_UNIT() SI_UNIT($,.RADIAN.) );
#7207 = ( NAMED_UNIT(*) SI_UNIT($,.STERADIAN.) SOLID_ANGLE_UNIT() );
#7208 = UNCERTAINTY_MEASURE_WITH_UNIT(LENGTH_MEASURE(1.E-07),#7205,
  'distance_accuracy_value','confusion accuracy');
#7209 = CONTEXT_DEPENDENT_SHAPE_REPRESENTATION(#7210,#7212);
#7210 = ( REPRESENTATION_RELATIONSHIP('','',#4936,#4913) 
REPRESENTATION_RELATIONSHIP_WITH_TRANSFORMATION(#7211) 
SHAPE_REPRESENTATION_RELATIONSHIP() );
#7211 = ITEM_DEFINED_TRANSFORMATION('','',#11,#4914);
#7212 = PRODUCT_DEFINITION_SHAPE('Placement','Placement of an item',
  #7213);
#7213 = NEXT_ASSEMBLY_USAGE_OCCURRENCE('11','=>[0:1:1:9]','',#4908,#4931
  ,$);
#7214 = PRODUCT_RELATED_PRODUCT_CATEGORY('part',$,(#4933));
#7215 = CONTEXT_DEPENDENT_SHAPE_REPRESENTATION(#7216,#7218);
#7216 = ( REPRESENTATION_RELATIONSHIP('','',#4913,#10) 
REPRESENTATION_RELATIONSHIP_WITH_TRANSFORMATION(#7217) 
SHAPE_REPRESENTATION_RELATIONSHIP() );
#7217 = ITEM_DEFINED_TRANSFORMATION('','',#11,#47);
#7218 = PRODUCT_DEFINITION_SHAPE('Placement','Placement of an item',
  #7219);
#7219 = NEXT_ASSEMBLY_USAGE_OCCURRENCE('13','D10','',#5,#4908,$);
#7220 = CONTEXT_DEPENDENT_SHAPE_REPRESENTATION(#7221,#7223);
#7221 = ( REPRESENTATION_RELATIONSHIP('','',#4913,#10) 
REPRESENTATION_RELATIONSHIP_WITH_TRANSFORMATION(#7222) 
SHAPE_REPRESENTATION_RELATIONSHIP() );
#7222 = ITEM_DEFINED_TRANSFORMATION('','',#11,#51);
#7223 = PRODUCT_DEFINITION_SHAPE('Placement','Placement of an item',
  #7224);
#7224 = NEXT_ASSEMBLY_USAGE_OCCURRENCE('14','D13','',#5,#4908,$);
#7225 = CONTEXT_DEPENDENT_SHAPE_REPRESENTATION(#7226,#7228);
#7226 = ( REPRESENTATION_RELATIONSHIP('','',#4913,#10) 
REPRESENTATION_RELATIONSHIP_WITH_TRANSFORMATION(#7227) 
SHAPE_REPRESENTATION_RELATIONSHIP() );
#7227 = ITEM_DEFINED_TRANSFORMATION('','',#11,#55);
#7228 = PRODUCT_DEFINITION_SHAPE('Placement','Placement of an item',
  #7229);
#7229 = NEXT_ASSEMBLY_USAGE_OCCURRENCE('15','D12','',#5,#4908,$);
#7230 = SHAPE_DEFINITION_REPRESENTATION(#7231,#7237);
#7231 = PRODUCT_DEFINITION_SHAPE('','',#7232);
#7232 = PRODUCT_DEFINITION('design','',#7233,#7236);
#7233 = PRODUCT_DEFINITION_FORMATION('','',#7234);
#7234 = PRODUCT('_autosave-HackPad1_PCB','_autosave-HackPad1_PCB','',(
    #7235));
#7235 = PRODUCT_CONTEXT('',#2,'mechanical');
#7236 = PRODUCT_DEFINITION_CONTEXT('part definition',#2,'design');
#7237 = ADVANCED_BREP_SHAPE_REPRESENTATION('',(#11,#7238),#10203);
#7238 = MANIFOLD_SOLID_BREP('',#7239);
#7239 = CLOSED_SHELL('',(#7240,#7280,#7311,#7342,#8146,#8950,#8962,#8979
    ,#8996,#9013,#9030,#9047,#9064,#9081,#9098,#9115,#9132,#9149,#9166,
    #9183,#9200,#9217,#9234,#9251,#9268,#9285,#9302,#9319,#9336,#9353,
    #9370,#9387,#9404,#9421,#9438,#9455,#9472,#9489,#9506,#9523,#9540,
    #9557,#9574,#9591,#9608,#9625,#9642,#9659,#9676,#9693,#9710,#9727,
    #9744,#9761,#9778,#9795,#9812,#9829,#9846,#9863,#9880,#9897,#9914,
    #9931,#9948,#9965,#9982,#10004,#10021,#10038,#10050,#10067,#10084,
    #10101,#10118,#10135,#10157,#10174,#10191));
#7240 = ADVANCED_FACE('',(#7241),#7275,.T.);
#7241 = FACE_BOUND('',#7242,.T.);
#7242 = EDGE_LOOP('',(#7243,#7253,#7261,#7269));
#7243 = ORIENTED_EDGE('',*,*,#7244,.T.);
#7244 = EDGE_CURVE('',#7245,#7247,#7249,.T.);
#7245 = VERTEX_POINT('',#7246);
#7246 = CARTESIAN_POINT('',(167.,-106.75,0.));
#7247 = VERTEX_POINT('',#7248);
#7248 = CARTESIAN_POINT('',(167.,-106.75,1.6));
#7249 = LINE('',#7250,#7251);
#7250 = CARTESIAN_POINT('',(167.,-106.75,0.));
#7251 = VECTOR('',#7252,1.);
#7252 = DIRECTION('',(0.,0.,1.));
#7253 = ORIENTED_EDGE('',*,*,#7254,.T.);
#7254 = EDGE_CURVE('',#7247,#7255,#7257,.T.);
#7255 = VERTEX_POINT('',#7256);
#7256 = CARTESIAN_POINT('',(97.25,-106.75,1.6));
#7257 = LINE('',#7258,#7259);
#7258 = CARTESIAN_POINT('',(167.,-106.75,1.6));
#7259 = VECTOR('',#7260,1.);
#7260 = DIRECTION('',(-1.,0.,0.));
#7261 = ORIENTED_EDGE('',*,*,#7262,.F.);
#7262 = EDGE_CURVE('',#7263,#7255,#7265,.T.);
#7263 = VERTEX_POINT('',#7264);
#7264 = CARTESIAN_POINT('',(97.25,-106.75,0.));
#7265 = LINE('',#7266,#7267);
#7266 = CARTESIAN_POINT('',(97.25,-106.75,0.));
#7267 = VECTOR('',#7268,1.);
#7268 = DIRECTION('',(0.,0.,1.));
#7269 = ORIENTED_EDGE('',*,*,#7270,.F.);
#7270 = EDGE_CURVE('',#7245,#7263,#7271,.T.);
#7271 = LINE('',#7272,#7273);
#7272 = CARTESIAN_POINT('',(167.,-106.75,0.));
#7273 = VECTOR('',#7274,1.);
#7274 = DIRECTION('',(-1.,0.,0.));
#7275 = PLANE('',#7276);
#7276 = AXIS2_PLACEMENT_3D('',#7277,#7278,#7279);
#7277 = CARTESIAN_POINT('',(167.,-106.75,0.));
#7278 = DIRECTION('',(0.,-1.,0.));
#7279 = DIRECTION('',(-1.,0.,0.));
#7280 = ADVANCED_FACE('',(#7281),#7306,.T.);
#7281 = FACE_BOUND('',#7282,.T.);
#7282 = EDGE_LOOP('',(#7283,#7293,#7299,#7300));
#7283 = ORIENTED_EDGE('',*,*,#7284,.T.);
#7284 = EDGE_CURVE('',#7285,#7287,#7289,.T.);
#7285 = VERTEX_POINT('',#7286);
#7286 = CARTESIAN_POINT('',(167.,-46.25,0.));
#7287 = VERTEX_POINT('',#7288);
#7288 = CARTESIAN_POINT('',(167.,-46.25,1.6));
#7289 = LINE('',#7290,#7291);
#7290 = CARTESIAN_POINT('',(167.,-46.25,0.));
#7291 = VECTOR('',#7292,1.);
#7292 = DIRECTION('',(0.,0.,1.));
#7293 = ORIENTED_EDGE('',*,*,#7294,.T.);
#7294 = EDGE_CURVE('',#7287,#7247,#7295,.T.);
#7295 = LINE('',#7296,#7297);
#7296 = CARTESIAN_POINT('',(167.,-46.25,1.6));
#7297 = VECTOR('',#7298,1.);
#7298 = DIRECTION('',(0.,-1.,0.));
#7299 = ORIENTED_EDGE('',*,*,#7244,.F.);
#7300 = ORIENTED_EDGE('',*,*,#7301,.F.);
#7301 = EDGE_CURVE('',#7285,#7245,#7302,.T.);
#7302 = LINE('',#7303,#7304);
#7303 = CARTESIAN_POINT('',(167.,-46.25,0.));
#7304 = VECTOR('',#7305,1.);
#7305 = DIRECTION('',(0.,-1.,0.));
#7306 = PLANE('',#7307);
#7307 = AXIS2_PLACEMENT_3D('',#7308,#7309,#7310);
#7308 = CARTESIAN_POINT('',(167.,-46.25,0.));
#7309 = DIRECTION('',(1.,0.,-0.));
#7310 = DIRECTION('',(0.,-1.,0.));
#7311 = ADVANCED_FACE('',(#7312),#7337,.T.);
#7312 = FACE_BOUND('',#7313,.T.);
#7313 = EDGE_LOOP('',(#7314,#7315,#7323,#7331));
#7314 = ORIENTED_EDGE('',*,*,#7262,.T.);
#7315 = ORIENTED_EDGE('',*,*,#7316,.T.);
#7316 = EDGE_CURVE('',#7255,#7317,#7319,.T.);
#7317 = VERTEX_POINT('',#7318);
#7318 = CARTESIAN_POINT('',(97.25,-46.25,1.6));
#7319 = LINE('',#7320,#7321);
#7320 = CARTESIAN_POINT('',(97.25,-106.75,1.6));
#7321 = VECTOR('',#7322,1.);
#7322 = DIRECTION('',(0.,1.,0.));
#7323 = ORIENTED_EDGE('',*,*,#7324,.F.);
#7324 = EDGE_CURVE('',#7325,#7317,#7327,.T.);
#7325 = VERTEX_POINT('',#7326);
#7326 = CARTESIAN_POINT('',(97.25,-46.25,0.));
#7327 = LINE('',#7328,#7329);
#7328 = CARTESIAN_POINT('',(97.25,-46.25,0.));
#7329 = VECTOR('',#7330,1.);
#7330 = DIRECTION('',(0.,0.,1.));
#7331 = ORIENTED_EDGE('',*,*,#7332,.F.);
#7332 = EDGE_CURVE('',#7263,#7325,#7333,.T.);
#7333 = LINE('',#7334,#7335);
#7334 = CARTESIAN_POINT('',(97.25,-106.75,0.));
#7335 = VECTOR('',#7336,1.);
#7336 = DIRECTION('',(0.,1.,0.));
#7337 = PLANE('',#7338);
#7338 = AXIS2_PLACEMENT_3D('',#7339,#7340,#7341);
#7339 = CARTESIAN_POINT('',(97.25,-106.75,0.));
#7340 = DIRECTION('',(-1.,0.,0.));
#7341 = DIRECTION('',(0.,1.,0.));
#7342 = ADVANCED_FACE('',(#7343,#7354,#7365,#7376,#7387,#7398,#7409,
    #7420,#7431,#7442,#7453,#7464,#7475,#7486,#7497,#7508,#7519,#7530,
    #7541,#7552,#7563,#7574,#7585,#7596,#7607,#7618,#7629,#7640,#7651,
    #7662,#7673,#7684,#7695,#7706,#7717,#7728,#7739,#7750,#7761,#7772,
    #7783,#7794,#7805,#7816,#7827,#7838,#7849,#7860,#7871,#7882,#7893,
    #7904,#7915,#7926,#7937,#7948,#7959,#7970,#7981,#7992,#8003,#8014,
    #8050,#8061,#8072,#8083,#8094,#8105),#8141,.T.);
#7343 = FACE_BOUND('',#7344,.T.);
#7344 = EDGE_LOOP('',(#7345,#7346,#7347,#7353));
#7345 = ORIENTED_EDGE('',*,*,#7270,.T.);
#7346 = ORIENTED_EDGE('',*,*,#7332,.T.);
#7347 = ORIENTED_EDGE('',*,*,#7348,.T.);
#7348 = EDGE_CURVE('',#7325,#7285,#7349,.T.);
#7349 = LINE('',#7350,#7351);
#7350 = CARTESIAN_POINT('',(97.25,-46.25,0.));
#7351 = VECTOR('',#7352,1.);
#7352 = DIRECTION('',(1.,0.,0.));
#7353 = ORIENTED_EDGE('',*,*,#7301,.T.);
#7354 = FACE_BOUND('',#7355,.T.);
#7355 = EDGE_LOOP('',(#7356));
#7356 = ORIENTED_EDGE('',*,*,#7357,.F.);
#7357 = EDGE_CURVE('',#7358,#7358,#7360,.T.);
#7358 = VERTEX_POINT('',#7359);
#7359 = CARTESIAN_POINT('',(162.83,-97.15,0.));
#7360 = CIRCLE('',#7361,0.4);
#7361 = AXIS2_PLACEMENT_3D('',#7362,#7363,#7364);
#7362 = CARTESIAN_POINT('',(162.83,-96.75,0.));
#7363 = DIRECTION('',(-0.,0.,-1.));
#7364 = DIRECTION('',(7.105427357601E-14,-1.,-0.));
#7365 = FACE_BOUND('',#7366,.T.);
#7366 = EDGE_LOOP('',(#7367));
#7367 = ORIENTED_EDGE('',*,*,#7368,.F.);
#7368 = EDGE_CURVE('',#7369,#7369,#7371,.T.);
#7369 = VERTEX_POINT('',#7370);
#7370 = CARTESIAN_POINT('',(152.67,-97.15,0.));
#7371 = CIRCLE('',#7372,0.4);
#7372 = AXIS2_PLACEMENT_3D('',#7373,#7374,#7375);
#7373 = CARTESIAN_POINT('',(152.67,-96.75,0.));
#7374 = DIRECTION('',(-0.,0.,-1.));
#7375 = DIRECTION('',(-7.105427357601E-14,-1.,0.));
#7376 = FACE_BOUND('',#7377,.T.);
#7377 = EDGE_LOOP('',(#7378));
#7378 = ORIENTED_EDGE('',*,*,#7379,.F.);
#7379 = EDGE_CURVE('',#7380,#7380,#7382,.T.);
#7380 = VERTEX_POINT('',#7381);
#7381 = CARTESIAN_POINT('',(162.92,-88.08,0.));
#7382 = CIRCLE('',#7383,0.85);
#7383 = AXIS2_PLACEMENT_3D('',#7384,#7385,#7386);
#7384 = CARTESIAN_POINT('',(162.92,-87.23,0.));
#7385 = DIRECTION('',(-0.,0.,-1.));
#7386 = DIRECTION('',(-3.343730521224E-14,-1.,0.));
#7387 = FACE_BOUND('',#7388,.T.);
#7388 = EDGE_LOOP('',(#7389));
#7389 = ORIENTED_EDGE('',*,*,#7390,.F.);
#7390 = EDGE_CURVE('',#7391,#7391,#7393,.T.);
#7391 = VERTEX_POINT('',#7392);
#7392 = CARTESIAN_POINT('',(157.84,-89.23,0.));
#7393 = CIRCLE('',#7394,2.);
#7394 = AXIS2_PLACEMENT_3D('',#7395,#7396,#7397);
#7395 = CARTESIAN_POINT('',(157.84,-87.23,0.));
#7396 = DIRECTION('',(-0.,0.,-1.));
#7397 = DIRECTION('',(-0.,-1.,0.));
#7398 = FACE_BOUND('',#7399,.T.);
#7399 = EDGE_LOOP('',(#7400));
#7400 = ORIENTED_EDGE('',*,*,#7401,.F.);
#7401 = EDGE_CURVE('',#7402,#7402,#7404,.T.);
#7402 = VERTEX_POINT('',#7403);
#7403 = CARTESIAN_POINT('',(152.76,-88.08,0.));
#7404 = CIRCLE('',#7405,0.85);
#7405 = AXIS2_PLACEMENT_3D('',#7406,#7407,#7408);
#7406 = CARTESIAN_POINT('',(152.76,-87.23,0.));
#7407 = DIRECTION('',(-0.,0.,-1.));
#7408 = DIRECTION('',(-0.,-1.,0.));
#7409 = FACE_BOUND('',#7410,.T.);
#7410 = EDGE_LOOP('',(#7411));
#7411 = ORIENTED_EDGE('',*,*,#7412,.F.);
#7412 = EDGE_CURVE('',#7413,#7413,#7415,.T.);
#7413 = VERTEX_POINT('',#7414);
#7414 = CARTESIAN_POINT('',(147.83,-96.9,0.));
#7415 = CIRCLE('',#7416,0.4);
#7416 = AXIS2_PLACEMENT_3D('',#7417,#7418,#7419);
#7417 = CARTESIAN_POINT('',(147.83,-96.5,0.));
#7418 = DIRECTION('',(-0.,0.,-1.));
#7419 = DIRECTION('',(7.105427357601E-14,-1.,-0.));
#7420 = FACE_BOUND('',#7421,.T.);
#7421 = EDGE_LOOP('',(#7422));
#7422 = ORIENTED_EDGE('',*,*,#7423,.F.);
#7423 = EDGE_CURVE('',#7424,#7424,#7426,.T.);
#7424 = VERTEX_POINT('',#7425);
#7425 = CARTESIAN_POINT('',(137.67,-96.9,0.));
#7426 = CIRCLE('',#7427,0.4);
#7427 = AXIS2_PLACEMENT_3D('',#7428,#7429,#7430);
#7428 = CARTESIAN_POINT('',(137.67,-96.5,0.));
#7429 = DIRECTION('',(-0.,0.,-1.));
#7430 = DIRECTION('',(-7.105427357601E-14,-1.,0.));
#7431 = FACE_BOUND('',#7432,.T.);
#7432 = EDGE_LOOP('',(#7433));
#7433 = ORIENTED_EDGE('',*,*,#7434,.F.);
#7434 = EDGE_CURVE('',#7435,#7435,#7437,.T.);
#7435 = VERTEX_POINT('',#7436);
#7436 = CARTESIAN_POINT('',(147.83,-88.08,0.));
#7437 = CIRCLE('',#7438,0.85);
#7438 = AXIS2_PLACEMENT_3D('',#7439,#7440,#7441);
#7439 = CARTESIAN_POINT('',(147.83,-87.23,0.));
#7440 = DIRECTION('',(-0.,0.,-1.));
#7441 = DIRECTION('',(3.343730521224E-14,-1.,-0.));
#7442 = FACE_BOUND('',#7443,.T.);
#7443 = EDGE_LOOP('',(#7444));
#7444 = ORIENTED_EDGE('',*,*,#7445,.F.);
#7445 = EDGE_CURVE('',#7446,#7446,#7448,.T.);
#7446 = VERTEX_POINT('',#7447);
#7447 = CARTESIAN_POINT('',(142.75,-89.23,0.));
#7448 = CIRCLE('',#7449,2.);
#7449 = AXIS2_PLACEMENT_3D('',#7450,#7451,#7452);
#7450 = CARTESIAN_POINT('',(142.75,-87.23,0.));
#7451 = DIRECTION('',(-0.,0.,-1.));
#7452 = DIRECTION('',(-0.,-1.,0.));
#7453 = FACE_BOUND('',#7454,.T.);
#7454 = EDGE_LOOP('',(#7455));
#7455 = ORIENTED_EDGE('',*,*,#7456,.F.);
#7456 = EDGE_CURVE('',#7457,#7457,#7459,.T.);
#7457 = VERTEX_POINT('',#7458);
#7458 = CARTESIAN_POINT('',(137.67,-88.08,0.));
#7459 = CIRCLE('',#7460,0.85);
#7460 = AXIS2_PLACEMENT_3D('',#7461,#7462,#7463);
#7461 = CARTESIAN_POINT('',(137.67,-87.23,0.));
#7462 = DIRECTION('',(-0.,0.,-1.));
#7463 = DIRECTION('',(-3.343730521224E-14,-1.,0.));
#7464 = FACE_BOUND('',#7465,.T.);
#7465 = EDGE_LOOP('',(#7466));
#7466 = ORIENTED_EDGE('',*,*,#7467,.F.);
#7467 = EDGE_CURVE('',#7468,#7468,#7470,.T.);
#7468 = VERTEX_POINT('',#7469);
#7469 = CARTESIAN_POINT('',(132.74,-88.08,0.));
#7470 = CIRCLE('',#7471,0.85);
#7471 = AXIS2_PLACEMENT_3D('',#7472,#7473,#7474);
#7472 = CARTESIAN_POINT('',(132.74,-87.23,0.));
#7473 = DIRECTION('',(-0.,0.,-1.));
#7474 = DIRECTION('',(-0.,-1.,0.));
#7475 = FACE_BOUND('',#7476,.T.);
#7476 = EDGE_LOOP('',(#7477));
#7477 = ORIENTED_EDGE('',*,*,#7478,.F.);
#7478 = EDGE_CURVE('',#7479,#7479,#7481,.T.);
#7479 = VERTEX_POINT('',#7480);
#7480 = CARTESIAN_POINT('',(160.38,-82.9,0.));
#7481 = CIRCLE('',#7482,0.75);
#7482 = AXIS2_PLACEMENT_3D('',#7483,#7484,#7485);
#7483 = CARTESIAN_POINT('',(160.38,-82.15,0.));
#7484 = DIRECTION('',(-0.,0.,-1.));
#7485 = DIRECTION('',(-0.,-1.,0.));
#7486 = FACE_BOUND('',#7487,.T.);
#7487 = EDGE_LOOP('',(#7488));
#7488 = ORIENTED_EDGE('',*,*,#7489,.F.);
#7489 = EDGE_CURVE('',#7490,#7490,#7492,.T.);
#7490 = VERTEX_POINT('',#7491);
#7491 = CARTESIAN_POINT('',(154.03,-85.44,0.));
#7492 = CIRCLE('',#7493,0.75);
#7493 = AXIS2_PLACEMENT_3D('',#7494,#7495,#7496);
#7494 = CARTESIAN_POINT('',(154.03,-84.69,0.));
#7495 = DIRECTION('',(-0.,0.,-1.));
#7496 = DIRECTION('',(-0.,-1.,0.));
#7497 = FACE_BOUND('',#7498,.T.);
#7498 = EDGE_LOOP('',(#7499));
#7499 = ORIENTED_EDGE('',*,*,#7500,.F.);
#7500 = EDGE_CURVE('',#7501,#7501,#7503,.T.);
#7501 = VERTEX_POINT('',#7502);
#7502 = CARTESIAN_POINT('',(145.29,-82.9,0.));
#7503 = CIRCLE('',#7504,0.75);
#7504 = AXIS2_PLACEMENT_3D('',#7505,#7506,#7507);
#7505 = CARTESIAN_POINT('',(145.29,-82.15,0.));
#7506 = DIRECTION('',(-0.,0.,-1.));
#7507 = DIRECTION('',(-0.,-1.,0.));
#7508 = FACE_BOUND('',#7509,.T.);
#7509 = EDGE_LOOP('',(#7510));
#7510 = ORIENTED_EDGE('',*,*,#7511,.F.);
#7511 = EDGE_CURVE('',#7512,#7512,#7514,.T.);
#7512 = VERTEX_POINT('',#7513);
#7513 = CARTESIAN_POINT('',(138.94,-85.44,0.));
#7514 = CIRCLE('',#7515,0.75);
#7515 = AXIS2_PLACEMENT_3D('',#7516,#7517,#7518);
#7516 = CARTESIAN_POINT('',(138.94,-84.69,0.));
#7517 = DIRECTION('',(-0.,0.,-1.));
#7518 = DIRECTION('',(-0.,-1.,0.));
#7519 = FACE_BOUND('',#7520,.T.);
#7520 = EDGE_LOOP('',(#7521));
#7521 = ORIENTED_EDGE('',*,*,#7522,.F.);
#7522 = EDGE_CURVE('',#7523,#7523,#7525,.T.);
#7523 = VERTEX_POINT('',#7524);
#7524 = CARTESIAN_POINT('',(131.06,-96.65,0.));
#7525 = CIRCLE('',#7526,0.4);
#7526 = AXIS2_PLACEMENT_3D('',#7527,#7528,#7529);
#7527 = CARTESIAN_POINT('',(131.06,-96.25,0.));
#7528 = DIRECTION('',(-0.,0.,-1.));
#7529 = DIRECTION('',(-0.,-1.,0.));
#7530 = FACE_BOUND('',#7531,.T.);
#7531 = EDGE_LOOP('',(#7532));
#7532 = ORIENTED_EDGE('',*,*,#7533,.F.);
#7533 = EDGE_CURVE('',#7534,#7534,#7536,.T.);
#7534 = VERTEX_POINT('',#7535);
#7535 = CARTESIAN_POINT('',(123.44,-96.65,0.));
#7536 = CIRCLE('',#7537,0.4);
#7537 = AXIS2_PLACEMENT_3D('',#7538,#7539,#7540);
#7538 = CARTESIAN_POINT('',(123.44,-96.25,0.));
#7539 = DIRECTION('',(-0.,0.,-1.));
#7540 = DIRECTION('',(-0.,-1.,0.));
#7541 = FACE_BOUND('',#7542,.T.);
#7542 = EDGE_LOOP('',(#7543));
#7543 = ORIENTED_EDGE('',*,*,#7544,.F.);
#7544 = EDGE_CURVE('',#7545,#7545,#7547,.T.);
#7545 = VERTEX_POINT('',#7546);
#7546 = CARTESIAN_POINT('',(127.66,-89.23,0.));
#7547 = CIRCLE('',#7548,2.);
#7548 = AXIS2_PLACEMENT_3D('',#7549,#7550,#7551);
#7549 = CARTESIAN_POINT('',(127.66,-87.23,0.));
#7550 = DIRECTION('',(-0.,0.,-1.));
#7551 = DIRECTION('',(-0.,-1.,0.));
#7552 = FACE_BOUND('',#7553,.T.);
#7553 = EDGE_LOOP('',(#7554));
#7554 = ORIENTED_EDGE('',*,*,#7555,.F.);
#7555 = EDGE_CURVE('',#7556,#7556,#7558,.T.);
#7556 = VERTEX_POINT('',#7557);
#7557 = CARTESIAN_POINT('',(122.58,-88.08,0.));
#7558 = CIRCLE('',#7559,0.85);
#7559 = AXIS2_PLACEMENT_3D('',#7560,#7561,#7562);
#7560 = CARTESIAN_POINT('',(122.58,-87.23,0.));
#7561 = DIRECTION('',(-0.,0.,-1.));
#7562 = DIRECTION('',(-1.671865260612E-14,-1.,0.));
#7563 = FACE_BOUND('',#7564,.T.);
#7564 = EDGE_LOOP('',(#7565));
#7565 = ORIENTED_EDGE('',*,*,#7566,.F.);
#7566 = EDGE_CURVE('',#7567,#7567,#7569,.T.);
#7567 = VERTEX_POINT('',#7568);
#7568 = CARTESIAN_POINT('',(115.87,-93.3145,0.));
#7569 = CIRCLE('',#7570,0.4445);
#7570 = AXIS2_PLACEMENT_3D('',#7571,#7572,#7573);
#7571 = CARTESIAN_POINT('',(115.87,-92.87,0.));
#7572 = DIRECTION('',(-0.,0.,-1.));
#7573 = DIRECTION('',(-0.,-1.,0.));
#7574 = FACE_BOUND('',#7575,.T.);
#7575 = EDGE_LOOP('',(#7576));
#7576 = ORIENTED_EDGE('',*,*,#7577,.F.);
#7577 = EDGE_CURVE('',#7578,#7578,#7580,.T.);
#7578 = VERTEX_POINT('',#7579);
#7579 = CARTESIAN_POINT('',(113.33,-93.3145,0.));
#7580 = CIRCLE('',#7581,0.4445);
#7581 = AXIS2_PLACEMENT_3D('',#7582,#7583,#7584);
#7582 = CARTESIAN_POINT('',(113.33,-92.87,0.));
#7583 = DIRECTION('',(-0.,0.,-1.));
#7584 = DIRECTION('',(-0.,-1.,0.));
#7585 = FACE_BOUND('',#7586,.T.);
#7586 = EDGE_LOOP('',(#7587));
#7587 = ORIENTED_EDGE('',*,*,#7588,.F.);
#7588 = EDGE_CURVE('',#7589,#7589,#7591,.T.);
#7589 = VERTEX_POINT('',#7590);
#7590 = CARTESIAN_POINT('',(110.79,-93.3145,0.));
#7591 = CIRCLE('',#7592,0.4445);
#7592 = AXIS2_PLACEMENT_3D('',#7593,#7594,#7595);
#7593 = CARTESIAN_POINT('',(110.79,-92.87,0.));
#7594 = DIRECTION('',(-0.,0.,-1.));
#7595 = DIRECTION('',(3.197042680585E-14,-1.,-0.));
#7596 = FACE_BOUND('',#7597,.T.);
#7597 = EDGE_LOOP('',(#7598));
#7598 = ORIENTED_EDGE('',*,*,#7599,.F.);
#7599 = EDGE_CURVE('',#7600,#7600,#7602,.T.);
#7600 = VERTEX_POINT('',#7601);
#7601 = CARTESIAN_POINT('',(108.25,-93.3145,0.));
#7602 = CIRCLE('',#7603,0.4445);
#7603 = AXIS2_PLACEMENT_3D('',#7604,#7605,#7606);
#7604 = CARTESIAN_POINT('',(108.25,-92.87,0.));
#7605 = DIRECTION('',(-0.,0.,-1.));
#7606 = DIRECTION('',(-0.,-1.,0.));
#7607 = FACE_BOUND('',#7608,.T.);
#7608 = EDGE_LOOP('',(#7609));
#7609 = ORIENTED_EDGE('',*,*,#7610,.F.);
#7610 = EDGE_CURVE('',#7611,#7611,#7613,.T.);
#7611 = VERTEX_POINT('',#7612);
#7612 = CARTESIAN_POINT('',(105.71,-93.3145,0.));
#7613 = CIRCLE('',#7614,0.4445);
#7614 = AXIS2_PLACEMENT_3D('',#7615,#7616,#7617);
#7615 = CARTESIAN_POINT('',(105.71,-92.87,0.));
#7616 = DIRECTION('',(-0.,0.,-1.));
#7617 = DIRECTION('',(-3.197042680586E-14,-1.,0.));
#7618 = FACE_BOUND('',#7619,.T.);
#7619 = EDGE_LOOP('',(#7620));
#7620 = ORIENTED_EDGE('',*,*,#7621,.F.);
#7621 = EDGE_CURVE('',#7622,#7622,#7624,.T.);
#7622 = VERTEX_POINT('',#7623);
#7623 = CARTESIAN_POINT('',(103.17,-93.3145,0.));
#7624 = CIRCLE('',#7625,0.4445);
#7625 = AXIS2_PLACEMENT_3D('',#7626,#7627,#7628);
#7626 = CARTESIAN_POINT('',(103.17,-92.87,0.));
#7627 = DIRECTION('',(-0.,0.,-1.));
#7628 = DIRECTION('',(-0.,-1.,0.));
#7629 = FACE_BOUND('',#7630,.T.);
#7630 = EDGE_LOOP('',(#7631));
#7631 = ORIENTED_EDGE('',*,*,#7632,.F.);
#7632 = EDGE_CURVE('',#7633,#7633,#7635,.T.);
#7633 = VERTEX_POINT('',#7634);
#7634 = CARTESIAN_POINT('',(100.63,-93.3145,0.));
#7635 = CIRCLE('',#7636,0.4445);
#7636 = AXIS2_PLACEMENT_3D('',#7637,#7638,#7639);
#7637 = CARTESIAN_POINT('',(100.63,-92.87,0.));
#7638 = DIRECTION('',(-0.,0.,-1.));
#7639 = DIRECTION('',(-0.,-1.,0.));
#7640 = FACE_BOUND('',#7641,.T.);
#7641 = EDGE_LOOP('',(#7642));
#7642 = ORIENTED_EDGE('',*,*,#7643,.F.);
#7643 = EDGE_CURVE('',#7644,#7644,#7646,.T.);
#7644 = VERTEX_POINT('',#7645);
#7645 = CARTESIAN_POINT('',(130.2,-82.9,0.));
#7646 = CIRCLE('',#7647,0.75);
#7647 = AXIS2_PLACEMENT_3D('',#7648,#7649,#7650);
#7648 = CARTESIAN_POINT('',(130.2,-82.15,0.));
#7649 = DIRECTION('',(-0.,0.,-1.));
#7650 = DIRECTION('',(-0.,-1.,0.));
#7651 = FACE_BOUND('',#7652,.T.);
#7652 = EDGE_LOOP('',(#7653));
#7653 = ORIENTED_EDGE('',*,*,#7654,.F.);
#7654 = EDGE_CURVE('',#7655,#7655,#7657,.T.);
#7655 = VERTEX_POINT('',#7656);
#7656 = CARTESIAN_POINT('',(123.85,-85.44,0.));
#7657 = CIRCLE('',#7658,0.75);
#7658 = AXIS2_PLACEMENT_3D('',#7659,#7660,#7661);
#7659 = CARTESIAN_POINT('',(123.85,-84.69,0.));
#7660 = DIRECTION('',(-0.,0.,-1.));
#7661 = DIRECTION('',(-0.,-1.,0.));
#7662 = FACE_BOUND('',#7663,.T.);
#7663 = EDGE_LOOP('',(#7664));
#7664 = ORIENTED_EDGE('',*,*,#7665,.F.);
#7665 = EDGE_CURVE('',#7666,#7666,#7668,.T.);
#7666 = VERTEX_POINT('',#7667);
#7667 = CARTESIAN_POINT('',(115.87,-78.0745,0.));
#7668 = CIRCLE('',#7669,0.4445);
#7669 = AXIS2_PLACEMENT_3D('',#7670,#7671,#7672);
#7670 = CARTESIAN_POINT('',(115.87,-77.63,0.));
#7671 = DIRECTION('',(-0.,0.,-1.));
#7672 = DIRECTION('',(-0.,-1.,0.));
#7673 = FACE_BOUND('',#7674,.T.);
#7674 = EDGE_LOOP('',(#7675));
#7675 = ORIENTED_EDGE('',*,*,#7676,.F.);
#7676 = EDGE_CURVE('',#7677,#7677,#7679,.T.);
#7677 = VERTEX_POINT('',#7678);
#7678 = CARTESIAN_POINT('',(113.33,-78.0745,0.));
#7679 = CIRCLE('',#7680,0.4445);
#7680 = AXIS2_PLACEMENT_3D('',#7681,#7682,#7683);
#7681 = CARTESIAN_POINT('',(113.33,-77.63,0.));
#7682 = DIRECTION('',(-0.,0.,-1.));
#7683 = DIRECTION('',(-0.,-1.,0.));
#7684 = FACE_BOUND('',#7685,.T.);
#7685 = EDGE_LOOP('',(#7686));
#7686 = ORIENTED_EDGE('',*,*,#7687,.F.);
#7687 = EDGE_CURVE('',#7688,#7688,#7690,.T.);
#7688 = VERTEX_POINT('',#7689);
#7689 = CARTESIAN_POINT('',(110.79,-78.0745,0.));
#7690 = CIRCLE('',#7691,0.4445);
#7691 = AXIS2_PLACEMENT_3D('',#7692,#7693,#7694);
#7692 = CARTESIAN_POINT('',(110.79,-77.63,0.));
#7693 = DIRECTION('',(-0.,0.,-1.));
#7694 = DIRECTION('',(3.197042680585E-14,-1.,-0.));
#7695 = FACE_BOUND('',#7696,.T.);
#7696 = EDGE_LOOP('',(#7697));
#7697 = ORIENTED_EDGE('',*,*,#7698,.F.);
#7698 = EDGE_CURVE('',#7699,#7699,#7701,.T.);
#7699 = VERTEX_POINT('',#7700);
#7700 = CARTESIAN_POINT('',(108.25,-78.0745,0.));
#7701 = CIRCLE('',#7702,0.4445);
#7702 = AXIS2_PLACEMENT_3D('',#7703,#7704,#7705);
#7703 = CARTESIAN_POINT('',(108.25,-77.63,0.));
#7704 = DIRECTION('',(-0.,0.,-1.));
#7705 = DIRECTION('',(-0.,-1.,0.));
#7706 = FACE_BOUND('',#7707,.T.);
#7707 = EDGE_LOOP('',(#7708));
#7708 = ORIENTED_EDGE('',*,*,#7709,.F.);
#7709 = EDGE_CURVE('',#7710,#7710,#7712,.T.);
#7710 = VERTEX_POINT('',#7711);
#7711 = CARTESIAN_POINT('',(105.71,-78.0745,0.));
#7712 = CIRCLE('',#7713,0.4445);
#7713 = AXIS2_PLACEMENT_3D('',#7714,#7715,#7716);
#7714 = CARTESIAN_POINT('',(105.71,-77.63,0.));
#7715 = DIRECTION('',(-0.,0.,-1.));
#7716 = DIRECTION('',(-3.197042680585E-14,-1.,0.));
#7717 = FACE_BOUND('',#7718,.T.);
#7718 = EDGE_LOOP('',(#7719));
#7719 = ORIENTED_EDGE('',*,*,#7720,.F.);
#7720 = EDGE_CURVE('',#7721,#7721,#7723,.T.);
#7721 = VERTEX_POINT('',#7722);
#7722 = CARTESIAN_POINT('',(103.17,-78.0745,0.));
#7723 = CIRCLE('',#7724,0.4445);
#7724 = AXIS2_PLACEMENT_3D('',#7725,#7726,#7727);
#7725 = CARTESIAN_POINT('',(103.17,-77.63,0.));
#7726 = DIRECTION('',(-0.,0.,-1.));
#7727 = DIRECTION('',(-0.,-1.,0.));
#7728 = FACE_BOUND('',#7729,.T.);
#7729 = EDGE_LOOP('',(#7730));
#7730 = ORIENTED_EDGE('',*,*,#7731,.F.);
#7731 = EDGE_CURVE('',#7732,#7732,#7734,.T.);
#7732 = VERTEX_POINT('',#7733);
#7733 = CARTESIAN_POINT('',(100.63,-78.0745,0.));
#7734 = CIRCLE('',#7735,0.4445);
#7735 = AXIS2_PLACEMENT_3D('',#7736,#7737,#7738);
#7736 = CARTESIAN_POINT('',(100.63,-77.63,0.));
#7737 = DIRECTION('',(-0.,0.,-1.));
#7738 = DIRECTION('',(-0.,-1.,0.));
#7739 = FACE_BOUND('',#7740,.T.);
#7740 = EDGE_LOOP('',(#7741));
#7741 = ORIENTED_EDGE('',*,*,#7742,.F.);
#7742 = EDGE_CURVE('',#7743,#7743,#7745,.T.);
#7743 = VERTEX_POINT('',#7744);
#7744 = CARTESIAN_POINT('',(162.92,-72.99,0.));
#7745 = CIRCLE('',#7746,0.85);
#7746 = AXIS2_PLACEMENT_3D('',#7747,#7748,#7749);
#7747 = CARTESIAN_POINT('',(162.92,-72.14,0.));
#7748 = DIRECTION('',(-0.,0.,-1.));
#7749 = DIRECTION('',(-3.343730521224E-14,-1.,0.));
#7750 = FACE_BOUND('',#7751,.T.);
#7751 = EDGE_LOOP('',(#7752));
#7752 = ORIENTED_EDGE('',*,*,#7753,.F.);
#7753 = EDGE_CURVE('',#7754,#7754,#7756,.T.);
#7754 = VERTEX_POINT('',#7755);
#7755 = CARTESIAN_POINT('',(157.84,-74.14,0.));
#7756 = CIRCLE('',#7757,2.);
#7757 = AXIS2_PLACEMENT_3D('',#7758,#7759,#7760);
#7758 = CARTESIAN_POINT('',(157.84,-72.14,0.));
#7759 = DIRECTION('',(-0.,0.,-1.));
#7760 = DIRECTION('',(-0.,-1.,0.));
#7761 = FACE_BOUND('',#7762,.T.);
#7762 = EDGE_LOOP('',(#7763));
#7763 = ORIENTED_EDGE('',*,*,#7764,.F.);
#7764 = EDGE_CURVE('',#7765,#7765,#7767,.T.);
#7765 = VERTEX_POINT('',#7766);
#7766 = CARTESIAN_POINT('',(152.76,-72.99,0.));
#7767 = CIRCLE('',#7768,0.85);
#7768 = AXIS2_PLACEMENT_3D('',#7769,#7770,#7771);
#7769 = CARTESIAN_POINT('',(152.76,-72.14,0.));
#7770 = DIRECTION('',(-0.,0.,-1.));
#7771 = DIRECTION('',(-0.,-1.,0.));
#7772 = FACE_BOUND('',#7773,.T.);
#7773 = EDGE_LOOP('',(#7774));
#7774 = ORIENTED_EDGE('',*,*,#7775,.F.);
#7775 = EDGE_CURVE('',#7776,#7776,#7778,.T.);
#7776 = VERTEX_POINT('',#7777);
#7777 = CARTESIAN_POINT('',(154.03,-70.35,0.));
#7778 = CIRCLE('',#7779,0.75);
#7779 = AXIS2_PLACEMENT_3D('',#7780,#7781,#7782);
#7780 = CARTESIAN_POINT('',(154.03,-69.6,0.));
#7781 = DIRECTION('',(-0.,0.,-1.));
#7782 = DIRECTION('',(-0.,-1.,0.));
#7783 = FACE_BOUND('',#7784,.T.);
#7784 = EDGE_LOOP('',(#7785));
#7785 = ORIENTED_EDGE('',*,*,#7786,.F.);
#7786 = EDGE_CURVE('',#7787,#7787,#7789,.T.);
#7787 = VERTEX_POINT('',#7788);
#7788 = CARTESIAN_POINT('',(160.38,-67.81,0.));
#7789 = CIRCLE('',#7790,0.75);
#7790 = AXIS2_PLACEMENT_3D('',#7791,#7792,#7793);
#7791 = CARTESIAN_POINT('',(160.38,-67.06,0.));
#7792 = DIRECTION('',(-0.,0.,-1.));
#7793 = DIRECTION('',(-0.,-1.,0.));
#7794 = FACE_BOUND('',#7795,.T.);
#7795 = EDGE_LOOP('',(#7796));
#7796 = ORIENTED_EDGE('',*,*,#7797,.F.);
#7797 = EDGE_CURVE('',#7798,#7798,#7800,.T.);
#7798 = VERTEX_POINT('',#7799);
#7799 = CARTESIAN_POINT('',(162.83,-62.4,0.));
#7800 = CIRCLE('',#7801,0.4);
#7801 = AXIS2_PLACEMENT_3D('',#7802,#7803,#7804);
#7802 = CARTESIAN_POINT('',(162.83,-62.,0.));
#7803 = DIRECTION('',(-0.,0.,-1.));
#7804 = DIRECTION('',(7.105427357601E-14,-1.,-0.));
#7805 = FACE_BOUND('',#7806,.T.);
#7806 = EDGE_LOOP('',(#7807));
#7807 = ORIENTED_EDGE('',*,*,#7808,.F.);
#7808 = EDGE_CURVE('',#7809,#7809,#7811,.T.);
#7809 = VERTEX_POINT('',#7810);
#7810 = CARTESIAN_POINT('',(152.67,-62.4,0.));
#7811 = CIRCLE('',#7812,0.4);
#7812 = AXIS2_PLACEMENT_3D('',#7813,#7814,#7815);
#7813 = CARTESIAN_POINT('',(152.67,-62.,0.));
#7814 = DIRECTION('',(-0.,0.,-1.));
#7815 = DIRECTION('',(-7.105427357601E-14,-1.,0.));
#7816 = FACE_BOUND('',#7817,.T.);
#7817 = EDGE_LOOP('',(#7818));
#7818 = ORIENTED_EDGE('',*,*,#7819,.F.);
#7819 = EDGE_CURVE('',#7820,#7820,#7822,.T.);
#7820 = VERTEX_POINT('',#7821);
#7821 = CARTESIAN_POINT('',(148.08,-62.4,0.));
#7822 = CIRCLE('',#7823,0.4);
#7823 = AXIS2_PLACEMENT_3D('',#7824,#7825,#7826);
#7824 = CARTESIAN_POINT('',(148.08,-62.,0.));
#7825 = DIRECTION('',(-0.,0.,-1.));
#7826 = DIRECTION('',(7.105427357601E-14,-1.,-0.));
#7827 = FACE_BOUND('',#7828,.T.);
#7828 = EDGE_LOOP('',(#7829));
#7829 = ORIENTED_EDGE('',*,*,#7830,.F.);
#7830 = EDGE_CURVE('',#7831,#7831,#7833,.T.);
#7831 = VERTEX_POINT('',#7832);
#7832 = CARTESIAN_POINT('',(147.83,-72.99,0.));
#7833 = CIRCLE('',#7834,0.85);
#7834 = AXIS2_PLACEMENT_3D('',#7835,#7836,#7837);
#7835 = CARTESIAN_POINT('',(147.83,-72.14,0.));
#7836 = DIRECTION('',(-0.,0.,-1.));
#7837 = DIRECTION('',(3.343730521224E-14,-1.,-0.));
#7838 = FACE_BOUND('',#7839,.T.);
#7839 = EDGE_LOOP('',(#7840));
#7840 = ORIENTED_EDGE('',*,*,#7841,.F.);
#7841 = EDGE_CURVE('',#7842,#7842,#7844,.T.);
#7842 = VERTEX_POINT('',#7843);
#7843 = CARTESIAN_POINT('',(142.75,-74.14,0.));
#7844 = CIRCLE('',#7845,2.);
#7845 = AXIS2_PLACEMENT_3D('',#7846,#7847,#7848);
#7846 = CARTESIAN_POINT('',(142.75,-72.14,0.));
#7847 = DIRECTION('',(-0.,0.,-1.));
#7848 = DIRECTION('',(-0.,-1.,0.));
#7849 = FACE_BOUND('',#7850,.T.);
#7850 = EDGE_LOOP('',(#7851));
#7851 = ORIENTED_EDGE('',*,*,#7852,.F.);
#7852 = EDGE_CURVE('',#7853,#7853,#7855,.T.);
#7853 = VERTEX_POINT('',#7854);
#7854 = CARTESIAN_POINT('',(137.67,-72.99,0.));
#7855 = CIRCLE('',#7856,0.85);
#7856 = AXIS2_PLACEMENT_3D('',#7857,#7858,#7859);
#7857 = CARTESIAN_POINT('',(137.67,-72.14,0.));
#7858 = DIRECTION('',(-0.,0.,-1.));
#7859 = DIRECTION('',(-3.343730521224E-14,-1.,0.));
#7860 = FACE_BOUND('',#7861,.T.);
#7861 = EDGE_LOOP('',(#7862));
#7862 = ORIENTED_EDGE('',*,*,#7863,.F.);
#7863 = EDGE_CURVE('',#7864,#7864,#7866,.T.);
#7864 = VERTEX_POINT('',#7865);
#7865 = CARTESIAN_POINT('',(132.74,-72.99,0.));
#7866 = CIRCLE('',#7867,0.85);
#7867 = AXIS2_PLACEMENT_3D('',#7868,#7869,#7870);
#7868 = CARTESIAN_POINT('',(132.74,-72.14,0.));
#7869 = DIRECTION('',(-0.,0.,-1.));
#7870 = DIRECTION('',(-0.,-1.,0.));
#7871 = FACE_BOUND('',#7872,.T.);
#7872 = EDGE_LOOP('',(#7873));
#7873 = ORIENTED_EDGE('',*,*,#7874,.F.);
#7874 = EDGE_CURVE('',#7875,#7875,#7877,.T.);
#7875 = VERTEX_POINT('',#7876);
#7876 = CARTESIAN_POINT('',(138.94,-70.35,0.));
#7877 = CIRCLE('',#7878,0.75);
#7878 = AXIS2_PLACEMENT_3D('',#7879,#7880,#7881);
#7879 = CARTESIAN_POINT('',(138.94,-69.6,0.));
#7880 = DIRECTION('',(-0.,0.,-1.));
#7881 = DIRECTION('',(-0.,-1.,0.));
#7882 = FACE_BOUND('',#7883,.T.);
#7883 = EDGE_LOOP('',(#7884));
#7884 = ORIENTED_EDGE('',*,*,#7885,.F.);
#7885 = EDGE_CURVE('',#7886,#7886,#7888,.T.);
#7886 = VERTEX_POINT('',#7887);
#7887 = CARTESIAN_POINT('',(145.29,-67.81,0.));
#7888 = CIRCLE('',#7889,0.75);
#7889 = AXIS2_PLACEMENT_3D('',#7890,#7891,#7892);
#7890 = CARTESIAN_POINT('',(145.29,-67.06,0.));
#7891 = DIRECTION('',(-0.,0.,-1.));
#7892 = DIRECTION('',(-0.,-1.,0.));
#7893 = FACE_BOUND('',#7894,.T.);
#7894 = EDGE_LOOP('',(#7895));
#7895 = ORIENTED_EDGE('',*,*,#7896,.F.);
#7896 = EDGE_CURVE('',#7897,#7897,#7899,.T.);
#7897 = VERTEX_POINT('',#7898);
#7898 = CARTESIAN_POINT('',(137.92,-62.4,0.));
#7899 = CIRCLE('',#7900,0.4);
#7900 = AXIS2_PLACEMENT_3D('',#7901,#7902,#7903);
#7901 = CARTESIAN_POINT('',(137.92,-62.,0.));
#7902 = DIRECTION('',(-0.,0.,-1.));
#7903 = DIRECTION('',(-7.105427357601E-14,-1.,0.));
#7904 = FACE_BOUND('',#7905,.T.);
#7905 = EDGE_LOOP('',(#7906));
#7906 = ORIENTED_EDGE('',*,*,#7907,.F.);
#7907 = EDGE_CURVE('',#7908,#7908,#7910,.T.);
#7908 = VERTEX_POINT('',#7909);
#7909 = CARTESIAN_POINT('',(132.525,-58.07,0.));
#7910 = CIRCLE('',#7911,0.5);
#7911 = AXIS2_PLACEMENT_3D('',#7912,#7913,#7914);
#7912 = CARTESIAN_POINT('',(132.525,-57.57,0.));
#7913 = DIRECTION('',(-0.,0.,-1.));
#7914 = DIRECTION('',(-0.,-1.,0.));
#7915 = FACE_BOUND('',#7916,.T.);
#7916 = EDGE_LOOP('',(#7917));
#7917 = ORIENTED_EDGE('',*,*,#7918,.F.);
#7918 = EDGE_CURVE('',#7919,#7919,#7921,.T.);
#7919 = VERTEX_POINT('',#7920);
#7920 = CARTESIAN_POINT('',(132.525,-55.53,0.));
#7921 = CIRCLE('',#7922,0.5);
#7922 = AXIS2_PLACEMENT_3D('',#7923,#7924,#7925);
#7923 = CARTESIAN_POINT('',(132.525,-55.03,0.));
#7924 = DIRECTION('',(-0.,0.,-1.));
#7925 = DIRECTION('',(-0.,-1.,0.));
#7926 = FACE_BOUND('',#7927,.T.);
#7927 = EDGE_LOOP('',(#7928));
#7928 = ORIENTED_EDGE('',*,*,#7929,.F.);
#7929 = EDGE_CURVE('',#7930,#7930,#7932,.T.);
#7930 = VERTEX_POINT('',#7931);
#7931 = CARTESIAN_POINT('',(132.525,-52.99,0.));
#7932 = CIRCLE('',#7933,0.5);
#7933 = AXIS2_PLACEMENT_3D('',#7934,#7935,#7936);
#7934 = CARTESIAN_POINT('',(132.525,-52.49,0.));
#7935 = DIRECTION('',(-0.,0.,-1.));
#7936 = DIRECTION('',(-0.,-1.,0.));
#7937 = FACE_BOUND('',#7938,.T.);
#7938 = EDGE_LOOP('',(#7939));
#7939 = ORIENTED_EDGE('',*,*,#7940,.F.);
#7940 = EDGE_CURVE('',#7941,#7941,#7943,.T.);
#7941 = VERTEX_POINT('',#7942);
#7942 = CARTESIAN_POINT('',(132.525,-50.45,0.));
#7943 = CIRCLE('',#7944,0.5);
#7944 = AXIS2_PLACEMENT_3D('',#7945,#7946,#7947);
#7945 = CARTESIAN_POINT('',(132.525,-49.95,0.));
#7946 = DIRECTION('',(-0.,0.,-1.));
#7947 = DIRECTION('',(-0.,-1.,0.));
#7948 = FACE_BOUND('',#7949,.T.);
#7949 = EDGE_LOOP('',(#7950));
#7950 = ORIENTED_EDGE('',*,*,#7951,.F.);
#7951 = EDGE_CURVE('',#7952,#7952,#7954,.T.);
#7952 = VERTEX_POINT('',#7953);
#7953 = CARTESIAN_POINT('',(127.66,-74.14,0.));
#7954 = CIRCLE('',#7955,2.);
#7955 = AXIS2_PLACEMENT_3D('',#7956,#7957,#7958);
#7956 = CARTESIAN_POINT('',(127.66,-72.14,0.));
#7957 = DIRECTION('',(-0.,0.,-1.));
#7958 = DIRECTION('',(-0.,-1.,0.));
#7959 = FACE_BOUND('',#7960,.T.);
#7960 = EDGE_LOOP('',(#7961));
#7961 = ORIENTED_EDGE('',*,*,#7962,.F.);
#7962 = EDGE_CURVE('',#7963,#7963,#7965,.T.);
#7963 = VERTEX_POINT('',#7964);
#7964 = CARTESIAN_POINT('',(122.58,-72.99,0.));
#7965 = CIRCLE('',#7966,0.85);
#7966 = AXIS2_PLACEMENT_3D('',#7967,#7968,#7969);
#7967 = CARTESIAN_POINT('',(122.58,-72.14,0.));
#7968 = DIRECTION('',(-0.,0.,-1.));
#7969 = DIRECTION('',(-1.671865260612E-14,-1.,0.));
#7970 = FACE_BOUND('',#7971,.T.);
#7971 = EDGE_LOOP('',(#7972));
#7972 = ORIENTED_EDGE('',*,*,#7973,.F.);
#7973 = EDGE_CURVE('',#7974,#7974,#7976,.T.);
#7974 = VERTEX_POINT('',#7975);
#7975 = CARTESIAN_POINT('',(123.85,-70.35,0.));
#7976 = CIRCLE('',#7977,0.75);
#7977 = AXIS2_PLACEMENT_3D('',#7978,#7979,#7980);
#7978 = CARTESIAN_POINT('',(123.85,-69.6,0.));
#7979 = DIRECTION('',(-0.,0.,-1.));
#7980 = DIRECTION('',(-0.,-1.,0.));
#7981 = FACE_BOUND('',#7982,.T.);
#7982 = EDGE_LOOP('',(#7983));
#7983 = ORIENTED_EDGE('',*,*,#7984,.F.);
#7984 = EDGE_CURVE('',#7985,#7985,#7987,.T.);
#7985 = VERTEX_POINT('',#7986);
#7986 = CARTESIAN_POINT('',(130.2,-67.81,0.));
#7987 = CIRCLE('',#7988,0.75);
#7988 = AXIS2_PLACEMENT_3D('',#7989,#7990,#7991);
#7989 = CARTESIAN_POINT('',(130.2,-67.06,0.));
#7990 = DIRECTION('',(-0.,0.,-1.));
#7991 = DIRECTION('',(-0.,-1.,0.));
#7992 = FACE_BOUND('',#7993,.T.);
#7993 = EDGE_LOOP('',(#7994));
#7994 = ORIENTED_EDGE('',*,*,#7995,.F.);
#7995 = EDGE_CURVE('',#7996,#7996,#7998,.T.);
#7996 = VERTEX_POINT('',#7997);
#7997 = CARTESIAN_POINT('',(131.31,-62.4,0.));
#7998 = CIRCLE('',#7999,0.4);
#7999 = AXIS2_PLACEMENT_3D('',#8000,#8001,#8002);
#8000 = CARTESIAN_POINT('',(131.31,-62.,0.));
#8001 = DIRECTION('',(-0.,0.,-1.));
#8002 = DIRECTION('',(-0.,-1.,0.));
#8003 = FACE_BOUND('',#8004,.T.);
#8004 = EDGE_LOOP('',(#8005));
#8005 = ORIENTED_EDGE('',*,*,#8006,.F.);
#8006 = EDGE_CURVE('',#8007,#8007,#8009,.T.);
#8007 = VERTEX_POINT('',#8008);
#8008 = CARTESIAN_POINT('',(123.69,-62.4,0.));
#8009 = CIRCLE('',#8010,0.4);
#8010 = AXIS2_PLACEMENT_3D('',#8011,#8012,#8013);
#8011 = CARTESIAN_POINT('',(123.69,-62.,0.));
#8012 = DIRECTION('',(-0.,0.,-1.));
#8013 = DIRECTION('',(-0.,-1.,0.));
#8014 = FACE_BOUND('',#8015,.T.);
#8015 = EDGE_LOOP('',(#8016,#8027,#8035,#8044));
#8016 = ORIENTED_EDGE('',*,*,#8017,.F.);
#8017 = EDGE_CURVE('',#8018,#8020,#8022,.T.);
#8018 = VERTEX_POINT('',#8019);
#8019 = CARTESIAN_POINT('',(108.35,-71.85,0.));
#8020 = VERTEX_POINT('',#8021);
#8021 = CARTESIAN_POINT('',(108.35,-70.35,0.));
#8022 = CIRCLE('',#8023,0.75);
#8023 = AXIS2_PLACEMENT_3D('',#8024,#8025,#8026);
#8024 = CARTESIAN_POINT('',(108.35,-71.1,0.));
#8025 = DIRECTION('',(-0.,0.,-1.));
#8026 = DIRECTION('',(0.,1.,0.));
#8027 = ORIENTED_EDGE('',*,*,#8028,.T.);
#8028 = EDGE_CURVE('',#8018,#8029,#8031,.T.);
#8029 = VERTEX_POINT('',#8030);
#8030 = CARTESIAN_POINT('',(109.65,-71.85,0.));
#8031 = LINE('',#8032,#8033);
#8032 = CARTESIAN_POINT('',(120.2375,-71.85,0.));
#8033 = VECTOR('',#8034,1.);
#8034 = DIRECTION('',(1.,0.,0.));
#8035 = ORIENTED_EDGE('',*,*,#8036,.F.);
#8036 = EDGE_CURVE('',#8037,#8029,#8039,.T.);
#8037 = VERTEX_POINT('',#8038);
#8038 = CARTESIAN_POINT('',(109.65,-70.35,0.));
#8039 = CIRCLE('',#8040,0.75);
#8040 = AXIS2_PLACEMENT_3D('',#8041,#8042,#8043);
#8041 = CARTESIAN_POINT('',(109.65,-71.1,0.));
#8042 = DIRECTION('',(-0.,0.,-1.));
#8043 = DIRECTION('',(-0.,-1.,0.));
#8044 = ORIENTED_EDGE('',*,*,#8045,.T.);
#8045 = EDGE_CURVE('',#8037,#8020,#8046,.T.);
#8046 = LINE('',#8047,#8048);
#8047 = CARTESIAN_POINT('',(120.8875,-70.35,0.));
#8048 = VECTOR('',#8049,1.);
#8049 = DIRECTION('',(-1.,0.,0.));
#8050 = FACE_BOUND('',#8051,.T.);
#8051 = EDGE_LOOP('',(#8052));
#8052 = ORIENTED_EDGE('',*,*,#8053,.F.);
#8053 = EDGE_CURVE('',#8054,#8054,#8056,.T.);
#8054 = VERTEX_POINT('',#8055);
#8055 = CARTESIAN_POINT('',(116.,-68.5,0.));
#8056 = CIRCLE('',#8057,0.5);
#8057 = AXIS2_PLACEMENT_3D('',#8058,#8059,#8060);
#8058 = CARTESIAN_POINT('',(116.,-68.,0.));
#8059 = DIRECTION('',(-0.,0.,-1.));
#8060 = DIRECTION('',(-0.,-1.,0.));
#8061 = FACE_BOUND('',#8062,.T.);
#8062 = EDGE_LOOP('',(#8063));
#8063 = ORIENTED_EDGE('',*,*,#8064,.F.);
#8064 = EDGE_CURVE('',#8065,#8065,#8067,.T.);
#8065 = VERTEX_POINT('',#8066);
#8066 = CARTESIAN_POINT('',(101.5,-68.5,0.));
#8067 = CIRCLE('',#8068,0.5);
#8068 = AXIS2_PLACEMENT_3D('',#8069,#8070,#8071);
#8069 = CARTESIAN_POINT('',(101.5,-68.,0.));
#8070 = DIRECTION('',(-0.,0.,-1.));
#8071 = DIRECTION('',(-0.,-1.,0.));
#8072 = FACE_BOUND('',#8073,.T.);
#8073 = EDGE_LOOP('',(#8074));
#8074 = ORIENTED_EDGE('',*,*,#8075,.F.);
#8075 = EDGE_CURVE('',#8076,#8076,#8078,.T.);
#8076 = VERTEX_POINT('',#8077);
#8077 = CARTESIAN_POINT('',(116.,-63.5,0.));
#8078 = CIRCLE('',#8079,0.5);
#8079 = AXIS2_PLACEMENT_3D('',#8080,#8081,#8082);
#8080 = CARTESIAN_POINT('',(116.,-63.,0.));
#8081 = DIRECTION('',(-0.,0.,-1.));
#8082 = DIRECTION('',(-0.,-1.,0.));
#8083 = FACE_BOUND('',#8084,.T.);
#8084 = EDGE_LOOP('',(#8085));
#8085 = ORIENTED_EDGE('',*,*,#8086,.F.);
#8086 = EDGE_CURVE('',#8087,#8087,#8089,.T.);
#8087 = VERTEX_POINT('',#8088);
#8088 = CARTESIAN_POINT('',(101.5,-66.,0.));
#8089 = CIRCLE('',#8090,0.5);
#8090 = AXIS2_PLACEMENT_3D('',#8091,#8092,#8093);
#8091 = CARTESIAN_POINT('',(101.5,-65.5,0.));
#8092 = DIRECTION('',(-0.,0.,-1.));
#8093 = DIRECTION('',(-0.,-1.,0.));
#8094 = FACE_BOUND('',#8095,.T.);
#8095 = EDGE_LOOP('',(#8096));
#8096 = ORIENTED_EDGE('',*,*,#8097,.F.);
#8097 = EDGE_CURVE('',#8098,#8098,#8100,.T.);
#8098 = VERTEX_POINT('',#8099);
#8099 = CARTESIAN_POINT('',(101.5,-63.5,0.));
#8100 = CIRCLE('',#8101,0.5);
#8101 = AXIS2_PLACEMENT_3D('',#8102,#8103,#8104);
#8102 = CARTESIAN_POINT('',(101.5,-63.,0.));
#8103 = DIRECTION('',(-0.,0.,-1.));
#8104 = DIRECTION('',(-0.,-1.,0.));
#8105 = FACE_BOUND('',#8106,.T.);
#8106 = EDGE_LOOP('',(#8107,#8118,#8126,#8135));
#8107 = ORIENTED_EDGE('',*,*,#8108,.F.);
#8108 = EDGE_CURVE('',#8109,#8111,#8113,.T.);
#8109 = VERTEX_POINT('',#8110);
#8110 = CARTESIAN_POINT('',(108.35,-60.65,0.));
#8111 = VERTEX_POINT('',#8112);
#8112 = CARTESIAN_POINT('',(108.35,-59.15,0.));
#8113 = CIRCLE('',#8114,0.75);
#8114 = AXIS2_PLACEMENT_3D('',#8115,#8116,#8117);
#8115 = CARTESIAN_POINT('',(108.35,-59.9,0.));
#8116 = DIRECTION('',(-0.,0.,-1.));
#8117 = DIRECTION('',(0.,1.,0.));
#8118 = ORIENTED_EDGE('',*,*,#8119,.T.);
#8119 = EDGE_CURVE('',#8109,#8120,#8122,.T.);
#8120 = VERTEX_POINT('',#8121);
#8121 = CARTESIAN_POINT('',(109.65,-60.65,0.));
#8122 = LINE('',#8123,#8124);
#8123 = CARTESIAN_POINT('',(120.2375,-60.65,0.));
#8124 = VECTOR('',#8125,1.);
#8125 = DIRECTION('',(1.,0.,0.));
#8126 = ORIENTED_EDGE('',*,*,#8127,.F.);
#8127 = EDGE_CURVE('',#8128,#8120,#8130,.T.);
#8128 = VERTEX_POINT('',#8129);
#8129 = CARTESIAN_POINT('',(109.65,-59.15,0.));
#8130 = CIRCLE('',#8131,0.75);
#8131 = AXIS2_PLACEMENT_3D('',#8132,#8133,#8134);
#8132 = CARTESIAN_POINT('',(109.65,-59.9,0.));
#8133 = DIRECTION('',(-0.,0.,-1.));
#8134 = DIRECTION('',(-0.,-1.,0.));
#8135 = ORIENTED_EDGE('',*,*,#8136,.T.);
#8136 = EDGE_CURVE('',#8128,#8111,#8137,.T.);
#8137 = LINE('',#8138,#8139);
#8138 = CARTESIAN_POINT('',(120.8875,-59.15,0.));
#8139 = VECTOR('',#8140,1.);
#8140 = DIRECTION('',(-1.,0.,0.));
#8141 = PLANE('',#8142);
#8142 = AXIS2_PLACEMENT_3D('',#8143,#8144,#8145);
#8143 = CARTESIAN_POINT('',(132.125,-76.5,0.));
#8144 = DIRECTION('',(-0.,-0.,-1.));
#8145 = DIRECTION('',(-1.,0.,0.));
#8146 = ADVANCED_FACE('',(#8147,#8158,#8169,#8180,#8191,#8202,#8213,
    #8224,#8235,#8246,#8257,#8268,#8279,#8290,#8301,#8312,#8323,#8334,
    #8345,#8356,#8367,#8378,#8389,#8400,#8411,#8422,#8433,#8444,#8455,
    #8466,#8477,#8488,#8499,#8510,#8521,#8532,#8543,#8554,#8565,#8576,
    #8587,#8598,#8609,#8620,#8631,#8642,#8653,#8664,#8675,#8686,#8697,
    #8708,#8719,#8730,#8741,#8752,#8763,#8774,#8785,#8796,#8807,#8818,
    #8854,#8865,#8876,#8887,#8898,#8909),#8945,.F.);
#8147 = FACE_BOUND('',#8148,.F.);
#8148 = EDGE_LOOP('',(#8149,#8150,#8151,#8157));
#8149 = ORIENTED_EDGE('',*,*,#7254,.T.);
#8150 = ORIENTED_EDGE('',*,*,#7316,.T.);
#8151 = ORIENTED_EDGE('',*,*,#8152,.T.);
#8152 = EDGE_CURVE('',#7317,#7287,#8153,.T.);
#8153 = LINE('',#8154,#8155);
#8154 = CARTESIAN_POINT('',(97.25,-46.25,1.6));
#8155 = VECTOR('',#8156,1.);
#8156 = DIRECTION('',(1.,0.,0.));
#8157 = ORIENTED_EDGE('',*,*,#7294,.T.);
#8158 = FACE_BOUND('',#8159,.F.);
#8159 = EDGE_LOOP('',(#8160));
#8160 = ORIENTED_EDGE('',*,*,#8161,.F.);
#8161 = EDGE_CURVE('',#8162,#8162,#8164,.T.);
#8162 = VERTEX_POINT('',#8163);
#8163 = CARTESIAN_POINT('',(162.83,-97.15,1.6));
#8164 = CIRCLE('',#8165,0.4);
#8165 = AXIS2_PLACEMENT_3D('',#8166,#8167,#8168);
#8166 = CARTESIAN_POINT('',(162.83,-96.75,1.6));
#8167 = DIRECTION('',(-0.,0.,-1.));
#8168 = DIRECTION('',(7.105427357601E-14,-1.,-0.));
#8169 = FACE_BOUND('',#8170,.F.);
#8170 = EDGE_LOOP('',(#8171));
#8171 = ORIENTED_EDGE('',*,*,#8172,.F.);
#8172 = EDGE_CURVE('',#8173,#8173,#8175,.T.);
#8173 = VERTEX_POINT('',#8174);
#8174 = CARTESIAN_POINT('',(152.67,-97.15,1.6));
#8175 = CIRCLE('',#8176,0.4);
#8176 = AXIS2_PLACEMENT_3D('',#8177,#8178,#8179);
#8177 = CARTESIAN_POINT('',(152.67,-96.75,1.6));
#8178 = DIRECTION('',(-0.,0.,-1.));
#8179 = DIRECTION('',(-7.105427357601E-14,-1.,0.));
#8180 = FACE_BOUND('',#8181,.F.);
#8181 = EDGE_LOOP('',(#8182));
#8182 = ORIENTED_EDGE('',*,*,#8183,.F.);
#8183 = EDGE_CURVE('',#8184,#8184,#8186,.T.);
#8184 = VERTEX_POINT('',#8185);
#8185 = CARTESIAN_POINT('',(162.92,-88.08,1.6));
#8186 = CIRCLE('',#8187,0.85);
#8187 = AXIS2_PLACEMENT_3D('',#8188,#8189,#8190);
#8188 = CARTESIAN_POINT('',(162.92,-87.23,1.6));
#8189 = DIRECTION('',(-0.,0.,-1.));
#8190 = DIRECTION('',(-3.343730521224E-14,-1.,0.));
#8191 = FACE_BOUND('',#8192,.F.);
#8192 = EDGE_LOOP('',(#8193));
#8193 = ORIENTED_EDGE('',*,*,#8194,.F.);
#8194 = EDGE_CURVE('',#8195,#8195,#8197,.T.);
#8195 = VERTEX_POINT('',#8196);
#8196 = CARTESIAN_POINT('',(157.84,-89.23,1.6));
#8197 = CIRCLE('',#8198,2.);
#8198 = AXIS2_PLACEMENT_3D('',#8199,#8200,#8201);
#8199 = CARTESIAN_POINT('',(157.84,-87.23,1.6));
#8200 = DIRECTION('',(-0.,0.,-1.));
#8201 = DIRECTION('',(-0.,-1.,0.));
#8202 = FACE_BOUND('',#8203,.F.);
#8203 = EDGE_LOOP('',(#8204));
#8204 = ORIENTED_EDGE('',*,*,#8205,.F.);
#8205 = EDGE_CURVE('',#8206,#8206,#8208,.T.);
#8206 = VERTEX_POINT('',#8207);
#8207 = CARTESIAN_POINT('',(152.76,-88.08,1.6));
#8208 = CIRCLE('',#8209,0.85);
#8209 = AXIS2_PLACEMENT_3D('',#8210,#8211,#8212);
#8210 = CARTESIAN_POINT('',(152.76,-87.23,1.6));
#8211 = DIRECTION('',(-0.,0.,-1.));
#8212 = DIRECTION('',(-0.,-1.,0.));
#8213 = FACE_BOUND('',#8214,.F.);
#8214 = EDGE_LOOP('',(#8215));
#8215 = ORIENTED_EDGE('',*,*,#8216,.F.);
#8216 = EDGE_CURVE('',#8217,#8217,#8219,.T.);
#8217 = VERTEX_POINT('',#8218);
#8218 = CARTESIAN_POINT('',(147.83,-96.9,1.6));
#8219 = CIRCLE('',#8220,0.4);
#8220 = AXIS2_PLACEMENT_3D('',#8221,#8222,#8223);
#8221 = CARTESIAN_POINT('',(147.83,-96.5,1.6));
#8222 = DIRECTION('',(-0.,0.,-1.));
#8223 = DIRECTION('',(7.105427357601E-14,-1.,-0.));
#8224 = FACE_BOUND('',#8225,.F.);
#8225 = EDGE_LOOP('',(#8226));
#8226 = ORIENTED_EDGE('',*,*,#8227,.F.);
#8227 = EDGE_CURVE('',#8228,#8228,#8230,.T.);
#8228 = VERTEX_POINT('',#8229);
#8229 = CARTESIAN_POINT('',(137.67,-96.9,1.6));
#8230 = CIRCLE('',#8231,0.4);
#8231 = AXIS2_PLACEMENT_3D('',#8232,#8233,#8234);
#8232 = CARTESIAN_POINT('',(137.67,-96.5,1.6));
#8233 = DIRECTION('',(-0.,0.,-1.));
#8234 = DIRECTION('',(-7.105427357601E-14,-1.,0.));
#8235 = FACE_BOUND('',#8236,.F.);
#8236 = EDGE_LOOP('',(#8237));
#8237 = ORIENTED_EDGE('',*,*,#8238,.F.);
#8238 = EDGE_CURVE('',#8239,#8239,#8241,.T.);
#8239 = VERTEX_POINT('',#8240);
#8240 = CARTESIAN_POINT('',(147.83,-88.08,1.6));
#8241 = CIRCLE('',#8242,0.85);
#8242 = AXIS2_PLACEMENT_3D('',#8243,#8244,#8245);
#8243 = CARTESIAN_POINT('',(147.83,-87.23,1.6));
#8244 = DIRECTION('',(-0.,0.,-1.));
#8245 = DIRECTION('',(3.343730521224E-14,-1.,-0.));
#8246 = FACE_BOUND('',#8247,.F.);
#8247 = EDGE_LOOP('',(#8248));
#8248 = ORIENTED_EDGE('',*,*,#8249,.F.);
#8249 = EDGE_CURVE('',#8250,#8250,#8252,.T.);
#8250 = VERTEX_POINT('',#8251);
#8251 = CARTESIAN_POINT('',(142.75,-89.23,1.6));
#8252 = CIRCLE('',#8253,2.);
#8253 = AXIS2_PLACEMENT_3D('',#8254,#8255,#8256);
#8254 = CARTESIAN_POINT('',(142.75,-87.23,1.6));
#8255 = DIRECTION('',(-0.,0.,-1.));
#8256 = DIRECTION('',(-0.,-1.,0.));
#8257 = FACE_BOUND('',#8258,.F.);
#8258 = EDGE_LOOP('',(#8259));
#8259 = ORIENTED_EDGE('',*,*,#8260,.F.);
#8260 = EDGE_CURVE('',#8261,#8261,#8263,.T.);
#8261 = VERTEX_POINT('',#8262);
#8262 = CARTESIAN_POINT('',(137.67,-88.08,1.6));
#8263 = CIRCLE('',#8264,0.85);
#8264 = AXIS2_PLACEMENT_3D('',#8265,#8266,#8267);
#8265 = CARTESIAN_POINT('',(137.67,-87.23,1.6));
#8266 = DIRECTION('',(-0.,0.,-1.));
#8267 = DIRECTION('',(-3.343730521224E-14,-1.,0.));
#8268 = FACE_BOUND('',#8269,.F.);
#8269 = EDGE_LOOP('',(#8270));
#8270 = ORIENTED_EDGE('',*,*,#8271,.F.);
#8271 = EDGE_CURVE('',#8272,#8272,#8274,.T.);
#8272 = VERTEX_POINT('',#8273);
#8273 = CARTESIAN_POINT('',(132.74,-88.08,1.6));
#8274 = CIRCLE('',#8275,0.85);
#8275 = AXIS2_PLACEMENT_3D('',#8276,#8277,#8278);
#8276 = CARTESIAN_POINT('',(132.74,-87.23,1.6));
#8277 = DIRECTION('',(-0.,0.,-1.));
#8278 = DIRECTION('',(-0.,-1.,0.));
#8279 = FACE_BOUND('',#8280,.F.);
#8280 = EDGE_LOOP('',(#8281));
#8281 = ORIENTED_EDGE('',*,*,#8282,.F.);
#8282 = EDGE_CURVE('',#8283,#8283,#8285,.T.);
#8283 = VERTEX_POINT('',#8284);
#8284 = CARTESIAN_POINT('',(160.38,-82.9,1.6));
#8285 = CIRCLE('',#8286,0.75);
#8286 = AXIS2_PLACEMENT_3D('',#8287,#8288,#8289);
#8287 = CARTESIAN_POINT('',(160.38,-82.15,1.6));
#8288 = DIRECTION('',(-0.,0.,-1.));
#8289 = DIRECTION('',(-0.,-1.,0.));
#8290 = FACE_BOUND('',#8291,.F.);
#8291 = EDGE_LOOP('',(#8292));
#8292 = ORIENTED_EDGE('',*,*,#8293,.F.);
#8293 = EDGE_CURVE('',#8294,#8294,#8296,.T.);
#8294 = VERTEX_POINT('',#8295);
#8295 = CARTESIAN_POINT('',(154.03,-85.44,1.6));
#8296 = CIRCLE('',#8297,0.75);
#8297 = AXIS2_PLACEMENT_3D('',#8298,#8299,#8300);
#8298 = CARTESIAN_POINT('',(154.03,-84.69,1.6));
#8299 = DIRECTION('',(-0.,0.,-1.));
#8300 = DIRECTION('',(-0.,-1.,0.));
#8301 = FACE_BOUND('',#8302,.F.);
#8302 = EDGE_LOOP('',(#8303));
#8303 = ORIENTED_EDGE('',*,*,#8304,.F.);
#8304 = EDGE_CURVE('',#8305,#8305,#8307,.T.);
#8305 = VERTEX_POINT('',#8306);
#8306 = CARTESIAN_POINT('',(145.29,-82.9,1.6));
#8307 = CIRCLE('',#8308,0.75);
#8308 = AXIS2_PLACEMENT_3D('',#8309,#8310,#8311);
#8309 = CARTESIAN_POINT('',(145.29,-82.15,1.6));
#8310 = DIRECTION('',(-0.,0.,-1.));
#8311 = DIRECTION('',(-0.,-1.,0.));
#8312 = FACE_BOUND('',#8313,.F.);
#8313 = EDGE_LOOP('',(#8314));
#8314 = ORIENTED_EDGE('',*,*,#8315,.F.);
#8315 = EDGE_CURVE('',#8316,#8316,#8318,.T.);
#8316 = VERTEX_POINT('',#8317);
#8317 = CARTESIAN_POINT('',(138.94,-85.44,1.6));
#8318 = CIRCLE('',#8319,0.75);
#8319 = AXIS2_PLACEMENT_3D('',#8320,#8321,#8322);
#8320 = CARTESIAN_POINT('',(138.94,-84.69,1.6));
#8321 = DIRECTION('',(-0.,0.,-1.));
#8322 = DIRECTION('',(-0.,-1.,0.));
#8323 = FACE_BOUND('',#8324,.F.);
#8324 = EDGE_LOOP('',(#8325));
#8325 = ORIENTED_EDGE('',*,*,#8326,.F.);
#8326 = EDGE_CURVE('',#8327,#8327,#8329,.T.);
#8327 = VERTEX_POINT('',#8328);
#8328 = CARTESIAN_POINT('',(131.06,-96.65,1.6));
#8329 = CIRCLE('',#8330,0.4);
#8330 = AXIS2_PLACEMENT_3D('',#8331,#8332,#8333);
#8331 = CARTESIAN_POINT('',(131.06,-96.25,1.6));
#8332 = DIRECTION('',(-0.,0.,-1.));
#8333 = DIRECTION('',(-0.,-1.,0.));
#8334 = FACE_BOUND('',#8335,.F.);
#8335 = EDGE_LOOP('',(#8336));
#8336 = ORIENTED_EDGE('',*,*,#8337,.F.);
#8337 = EDGE_CURVE('',#8338,#8338,#8340,.T.);
#8338 = VERTEX_POINT('',#8339);
#8339 = CARTESIAN_POINT('',(123.44,-96.65,1.6));
#8340 = CIRCLE('',#8341,0.4);
#8341 = AXIS2_PLACEMENT_3D('',#8342,#8343,#8344);
#8342 = CARTESIAN_POINT('',(123.44,-96.25,1.6));
#8343 = DIRECTION('',(-0.,0.,-1.));
#8344 = DIRECTION('',(-0.,-1.,0.));
#8345 = FACE_BOUND('',#8346,.F.);
#8346 = EDGE_LOOP('',(#8347));
#8347 = ORIENTED_EDGE('',*,*,#8348,.F.);
#8348 = EDGE_CURVE('',#8349,#8349,#8351,.T.);
#8349 = VERTEX_POINT('',#8350);
#8350 = CARTESIAN_POINT('',(127.66,-89.23,1.6));
#8351 = CIRCLE('',#8352,2.);
#8352 = AXIS2_PLACEMENT_3D('',#8353,#8354,#8355);
#8353 = CARTESIAN_POINT('',(127.66,-87.23,1.6));
#8354 = DIRECTION('',(-0.,0.,-1.));
#8355 = DIRECTION('',(-0.,-1.,0.));
#8356 = FACE_BOUND('',#8357,.F.);
#8357 = EDGE_LOOP('',(#8358));
#8358 = ORIENTED_EDGE('',*,*,#8359,.F.);
#8359 = EDGE_CURVE('',#8360,#8360,#8362,.T.);
#8360 = VERTEX_POINT('',#8361);
#8361 = CARTESIAN_POINT('',(122.58,-88.08,1.6));
#8362 = CIRCLE('',#8363,0.85);
#8363 = AXIS2_PLACEMENT_3D('',#8364,#8365,#8366);
#8364 = CARTESIAN_POINT('',(122.58,-87.23,1.6));
#8365 = DIRECTION('',(-0.,0.,-1.));
#8366 = DIRECTION('',(-1.671865260612E-14,-1.,0.));
#8367 = FACE_BOUND('',#8368,.F.);
#8368 = EDGE_LOOP('',(#8369));
#8369 = ORIENTED_EDGE('',*,*,#8370,.F.);
#8370 = EDGE_CURVE('',#8371,#8371,#8373,.T.);
#8371 = VERTEX_POINT('',#8372);
#8372 = CARTESIAN_POINT('',(115.87,-93.3145,1.6));
#8373 = CIRCLE('',#8374,0.4445);
#8374 = AXIS2_PLACEMENT_3D('',#8375,#8376,#8377);
#8375 = CARTESIAN_POINT('',(115.87,-92.87,1.6));
#8376 = DIRECTION('',(-0.,0.,-1.));
#8377 = DIRECTION('',(-0.,-1.,0.));
#8378 = FACE_BOUND('',#8379,.F.);
#8379 = EDGE_LOOP('',(#8380));
#8380 = ORIENTED_EDGE('',*,*,#8381,.F.);
#8381 = EDGE_CURVE('',#8382,#8382,#8384,.T.);
#8382 = VERTEX_POINT('',#8383);
#8383 = CARTESIAN_POINT('',(113.33,-93.3145,1.6));
#8384 = CIRCLE('',#8385,0.4445);
#8385 = AXIS2_PLACEMENT_3D('',#8386,#8387,#8388);
#8386 = CARTESIAN_POINT('',(113.33,-92.87,1.6));
#8387 = DIRECTION('',(-0.,0.,-1.));
#8388 = DIRECTION('',(-0.,-1.,0.));
#8389 = FACE_BOUND('',#8390,.F.);
#8390 = EDGE_LOOP('',(#8391));
#8391 = ORIENTED_EDGE('',*,*,#8392,.F.);
#8392 = EDGE_CURVE('',#8393,#8393,#8395,.T.);
#8393 = VERTEX_POINT('',#8394);
#8394 = CARTESIAN_POINT('',(110.79,-93.3145,1.6));
#8395 = CIRCLE('',#8396,0.4445);
#8396 = AXIS2_PLACEMENT_3D('',#8397,#8398,#8399);
#8397 = CARTESIAN_POINT('',(110.79,-92.87,1.6));
#8398 = DIRECTION('',(-0.,0.,-1.));
#8399 = DIRECTION('',(3.197042680585E-14,-1.,-0.));
#8400 = FACE_BOUND('',#8401,.F.);
#8401 = EDGE_LOOP('',(#8402));
#8402 = ORIENTED_EDGE('',*,*,#8403,.F.);
#8403 = EDGE_CURVE('',#8404,#8404,#8406,.T.);
#8404 = VERTEX_POINT('',#8405);
#8405 = CARTESIAN_POINT('',(108.25,-93.3145,1.6));
#8406 = CIRCLE('',#8407,0.4445);
#8407 = AXIS2_PLACEMENT_3D('',#8408,#8409,#8410);
#8408 = CARTESIAN_POINT('',(108.25,-92.87,1.6));
#8409 = DIRECTION('',(-0.,0.,-1.));
#8410 = DIRECTION('',(-0.,-1.,0.));
#8411 = FACE_BOUND('',#8412,.F.);
#8412 = EDGE_LOOP('',(#8413));
#8413 = ORIENTED_EDGE('',*,*,#8414,.F.);
#8414 = EDGE_CURVE('',#8415,#8415,#8417,.T.);
#8415 = VERTEX_POINT('',#8416);
#8416 = CARTESIAN_POINT('',(105.71,-93.3145,1.6));
#8417 = CIRCLE('',#8418,0.4445);
#8418 = AXIS2_PLACEMENT_3D('',#8419,#8420,#8421);
#8419 = CARTESIAN_POINT('',(105.71,-92.87,1.6));
#8420 = DIRECTION('',(-0.,0.,-1.));
#8421 = DIRECTION('',(-3.197042680586E-14,-1.,0.));
#8422 = FACE_BOUND('',#8423,.F.);
#8423 = EDGE_LOOP('',(#8424));
#8424 = ORIENTED_EDGE('',*,*,#8425,.F.);
#8425 = EDGE_CURVE('',#8426,#8426,#8428,.T.);
#8426 = VERTEX_POINT('',#8427);
#8427 = CARTESIAN_POINT('',(103.17,-93.3145,1.6));
#8428 = CIRCLE('',#8429,0.4445);
#8429 = AXIS2_PLACEMENT_3D('',#8430,#8431,#8432);
#8430 = CARTESIAN_POINT('',(103.17,-92.87,1.6));
#8431 = DIRECTION('',(-0.,0.,-1.));
#8432 = DIRECTION('',(-0.,-1.,0.));
#8433 = FACE_BOUND('',#8434,.F.);
#8434 = EDGE_LOOP('',(#8435));
#8435 = ORIENTED_EDGE('',*,*,#8436,.F.);
#8436 = EDGE_CURVE('',#8437,#8437,#8439,.T.);
#8437 = VERTEX_POINT('',#8438);
#8438 = CARTESIAN_POINT('',(100.63,-93.3145,1.6));
#8439 = CIRCLE('',#8440,0.4445);
#8440 = AXIS2_PLACEMENT_3D('',#8441,#8442,#8443);
#8441 = CARTESIAN_POINT('',(100.63,-92.87,1.6));
#8442 = DIRECTION('',(-0.,0.,-1.));
#8443 = DIRECTION('',(-0.,-1.,0.));
#8444 = FACE_BOUND('',#8445,.F.);
#8445 = EDGE_LOOP('',(#8446));
#8446 = ORIENTED_EDGE('',*,*,#8447,.F.);
#8447 = EDGE_CURVE('',#8448,#8448,#8450,.T.);
#8448 = VERTEX_POINT('',#8449);
#8449 = CARTESIAN_POINT('',(130.2,-82.9,1.6));
#8450 = CIRCLE('',#8451,0.75);
#8451 = AXIS2_PLACEMENT_3D('',#8452,#8453,#8454);
#8452 = CARTESIAN_POINT('',(130.2,-82.15,1.6));
#8453 = DIRECTION('',(-0.,0.,-1.));
#8454 = DIRECTION('',(-0.,-1.,0.));
#8455 = FACE_BOUND('',#8456,.F.);
#8456 = EDGE_LOOP('',(#8457));
#8457 = ORIENTED_EDGE('',*,*,#8458,.F.);
#8458 = EDGE_CURVE('',#8459,#8459,#8461,.T.);
#8459 = VERTEX_POINT('',#8460);
#8460 = CARTESIAN_POINT('',(123.85,-85.44,1.6));
#8461 = CIRCLE('',#8462,0.75);
#8462 = AXIS2_PLACEMENT_3D('',#8463,#8464,#8465);
#8463 = CARTESIAN_POINT('',(123.85,-84.69,1.6));
#8464 = DIRECTION('',(-0.,0.,-1.));
#8465 = DIRECTION('',(-0.,-1.,0.));
#8466 = FACE_BOUND('',#8467,.F.);
#8467 = EDGE_LOOP('',(#8468));
#8468 = ORIENTED_EDGE('',*,*,#8469,.F.);
#8469 = EDGE_CURVE('',#8470,#8470,#8472,.T.);
#8470 = VERTEX_POINT('',#8471);
#8471 = CARTESIAN_POINT('',(115.87,-78.0745,1.6));
#8472 = CIRCLE('',#8473,0.4445);
#8473 = AXIS2_PLACEMENT_3D('',#8474,#8475,#8476);
#8474 = CARTESIAN_POINT('',(115.87,-77.63,1.6));
#8475 = DIRECTION('',(-0.,0.,-1.));
#8476 = DIRECTION('',(-0.,-1.,0.));
#8477 = FACE_BOUND('',#8478,.F.);
#8478 = EDGE_LOOP('',(#8479));
#8479 = ORIENTED_EDGE('',*,*,#8480,.F.);
#8480 = EDGE_CURVE('',#8481,#8481,#8483,.T.);
#8481 = VERTEX_POINT('',#8482);
#8482 = CARTESIAN_POINT('',(113.33,-78.0745,1.6));
#8483 = CIRCLE('',#8484,0.4445);
#8484 = AXIS2_PLACEMENT_3D('',#8485,#8486,#8487);
#8485 = CARTESIAN_POINT('',(113.33,-77.63,1.6));
#8486 = DIRECTION('',(-0.,0.,-1.));
#8487 = DIRECTION('',(-0.,-1.,0.));
#8488 = FACE_BOUND('',#8489,.F.);
#8489 = EDGE_LOOP('',(#8490));
#8490 = ORIENTED_EDGE('',*,*,#8491,.F.);
#8491 = EDGE_CURVE('',#8492,#8492,#8494,.T.);
#8492 = VERTEX_POINT('',#8493);
#8493 = CARTESIAN_POINT('',(110.79,-78.0745,1.6));
#8494 = CIRCLE('',#8495,0.4445);
#8495 = AXIS2_PLACEMENT_3D('',#8496,#8497,#8498);
#8496 = CARTESIAN_POINT('',(110.79,-77.63,1.6));
#8497 = DIRECTION('',(-0.,0.,-1.));
#8498 = DIRECTION('',(3.197042680585E-14,-1.,-0.));
#8499 = FACE_BOUND('',#8500,.F.);
#8500 = EDGE_LOOP('',(#8501));
#8501 = ORIENTED_EDGE('',*,*,#8502,.F.);
#8502 = EDGE_CURVE('',#8503,#8503,#8505,.T.);
#8503 = VERTEX_POINT('',#8504);
#8504 = CARTESIAN_POINT('',(108.25,-78.0745,1.6));
#8505 = CIRCLE('',#8506,0.4445);
#8506 = AXIS2_PLACEMENT_3D('',#8507,#8508,#8509);
#8507 = CARTESIAN_POINT('',(108.25,-77.63,1.6));
#8508 = DIRECTION('',(-0.,0.,-1.));
#8509 = DIRECTION('',(-0.,-1.,0.));
#8510 = FACE_BOUND('',#8511,.F.);
#8511 = EDGE_LOOP('',(#8512));
#8512 = ORIENTED_EDGE('',*,*,#8513,.F.);
#8513 = EDGE_CURVE('',#8514,#8514,#8516,.T.);
#8514 = VERTEX_POINT('',#8515);
#8515 = CARTESIAN_POINT('',(105.71,-78.0745,1.6));
#8516 = CIRCLE('',#8517,0.4445);
#8517 = AXIS2_PLACEMENT_3D('',#8518,#8519,#8520);
#8518 = CARTESIAN_POINT('',(105.71,-77.63,1.6));
#8519 = DIRECTION('',(-0.,0.,-1.));
#8520 = DIRECTION('',(-3.197042680585E-14,-1.,0.));
#8521 = FACE_BOUND('',#8522,.F.);
#8522 = EDGE_LOOP('',(#8523));
#8523 = ORIENTED_EDGE('',*,*,#8524,.F.);
#8524 = EDGE_CURVE('',#8525,#8525,#8527,.T.);
#8525 = VERTEX_POINT('',#8526);
#8526 = CARTESIAN_POINT('',(103.17,-78.0745,1.6));
#8527 = CIRCLE('',#8528,0.4445);
#8528 = AXIS2_PLACEMENT_3D('',#8529,#8530,#8531);
#8529 = CARTESIAN_POINT('',(103.17,-77.63,1.6));
#8530 = DIRECTION('',(-0.,0.,-1.));
#8531 = DIRECTION('',(-0.,-1.,0.));
#8532 = FACE_BOUND('',#8533,.F.);
#8533 = EDGE_LOOP('',(#8534));
#8534 = ORIENTED_EDGE('',*,*,#8535,.F.);
#8535 = EDGE_CURVE('',#8536,#8536,#8538,.T.);
#8536 = VERTEX_POINT('',#8537);
#8537 = CARTESIAN_POINT('',(100.63,-78.0745,1.6));
#8538 = CIRCLE('',#8539,0.4445);
#8539 = AXIS2_PLACEMENT_3D('',#8540,#8541,#8542);
#8540 = CARTESIAN_POINT('',(100.63,-77.63,1.6));
#8541 = DIRECTION('',(-0.,0.,-1.));
#8542 = DIRECTION('',(-0.,-1.,0.));
#8543 = FACE_BOUND('',#8544,.F.);
#8544 = EDGE_LOOP('',(#8545));
#8545 = ORIENTED_EDGE('',*,*,#8546,.F.);
#8546 = EDGE_CURVE('',#8547,#8547,#8549,.T.);
#8547 = VERTEX_POINT('',#8548);
#8548 = CARTESIAN_POINT('',(162.92,-72.99,1.6));
#8549 = CIRCLE('',#8550,0.85);
#8550 = AXIS2_PLACEMENT_3D('',#8551,#8552,#8553);
#8551 = CARTESIAN_POINT('',(162.92,-72.14,1.6));
#8552 = DIRECTION('',(-0.,0.,-1.));
#8553 = DIRECTION('',(-3.343730521224E-14,-1.,0.));
#8554 = FACE_BOUND('',#8555,.F.);
#8555 = EDGE_LOOP('',(#8556));
#8556 = ORIENTED_EDGE('',*,*,#8557,.F.);
#8557 = EDGE_CURVE('',#8558,#8558,#8560,.T.);
#8558 = VERTEX_POINT('',#8559);
#8559 = CARTESIAN_POINT('',(157.84,-74.14,1.6));
#8560 = CIRCLE('',#8561,2.);
#8561 = AXIS2_PLACEMENT_3D('',#8562,#8563,#8564);
#8562 = CARTESIAN_POINT('',(157.84,-72.14,1.6));
#8563 = DIRECTION('',(-0.,0.,-1.));
#8564 = DIRECTION('',(-0.,-1.,0.));
#8565 = FACE_BOUND('',#8566,.F.);
#8566 = EDGE_LOOP('',(#8567));
#8567 = ORIENTED_EDGE('',*,*,#8568,.F.);
#8568 = EDGE_CURVE('',#8569,#8569,#8571,.T.);
#8569 = VERTEX_POINT('',#8570);
#8570 = CARTESIAN_POINT('',(152.76,-72.99,1.6));
#8571 = CIRCLE('',#8572,0.85);
#8572 = AXIS2_PLACEMENT_3D('',#8573,#8574,#8575);
#8573 = CARTESIAN_POINT('',(152.76,-72.14,1.6));
#8574 = DIRECTION('',(-0.,0.,-1.));
#8575 = DIRECTION('',(-0.,-1.,0.));
#8576 = FACE_BOUND('',#8577,.F.);
#8577 = EDGE_LOOP('',(#8578));
#8578 = ORIENTED_EDGE('',*,*,#8579,.F.);
#8579 = EDGE_CURVE('',#8580,#8580,#8582,.T.);
#8580 = VERTEX_POINT('',#8581);
#8581 = CARTESIAN_POINT('',(154.03,-70.35,1.6));
#8582 = CIRCLE('',#8583,0.75);
#8583 = AXIS2_PLACEMENT_3D('',#8584,#8585,#8586);
#8584 = CARTESIAN_POINT('',(154.03,-69.6,1.6));
#8585 = DIRECTION('',(-0.,0.,-1.));
#8586 = DIRECTION('',(-0.,-1.,0.));
#8587 = FACE_BOUND('',#8588,.F.);
#8588 = EDGE_LOOP('',(#8589));
#8589 = ORIENTED_EDGE('',*,*,#8590,.F.);
#8590 = EDGE_CURVE('',#8591,#8591,#8593,.T.);
#8591 = VERTEX_POINT('',#8592);
#8592 = CARTESIAN_POINT('',(160.38,-67.81,1.6));
#8593 = CIRCLE('',#8594,0.75);
#8594 = AXIS2_PLACEMENT_3D('',#8595,#8596,#8597);
#8595 = CARTESIAN_POINT('',(160.38,-67.06,1.6));
#8596 = DIRECTION('',(-0.,0.,-1.));
#8597 = DIRECTION('',(-0.,-1.,0.));
#8598 = FACE_BOUND('',#8599,.F.);
#8599 = EDGE_LOOP('',(#8600));
#8600 = ORIENTED_EDGE('',*,*,#8601,.F.);
#8601 = EDGE_CURVE('',#8602,#8602,#8604,.T.);
#8602 = VERTEX_POINT('',#8603);
#8603 = CARTESIAN_POINT('',(162.83,-62.4,1.6));
#8604 = CIRCLE('',#8605,0.4);
#8605 = AXIS2_PLACEMENT_3D('',#8606,#8607,#8608);
#8606 = CARTESIAN_POINT('',(162.83,-62.,1.6));
#8607 = DIRECTION('',(-0.,0.,-1.));
#8608 = DIRECTION('',(7.105427357601E-14,-1.,-0.));
#8609 = FACE_BOUND('',#8610,.F.);
#8610 = EDGE_LOOP('',(#8611));
#8611 = ORIENTED_EDGE('',*,*,#8612,.F.);
#8612 = EDGE_CURVE('',#8613,#8613,#8615,.T.);
#8613 = VERTEX_POINT('',#8614);
#8614 = CARTESIAN_POINT('',(152.67,-62.4,1.6));
#8615 = CIRCLE('',#8616,0.4);
#8616 = AXIS2_PLACEMENT_3D('',#8617,#8618,#8619);
#8617 = CARTESIAN_POINT('',(152.67,-62.,1.6));
#8618 = DIRECTION('',(-0.,0.,-1.));
#8619 = DIRECTION('',(-7.105427357601E-14,-1.,0.));
#8620 = FACE_BOUND('',#8621,.F.);
#8621 = EDGE_LOOP('',(#8622));
#8622 = ORIENTED_EDGE('',*,*,#8623,.F.);
#8623 = EDGE_CURVE('',#8624,#8624,#8626,.T.);
#8624 = VERTEX_POINT('',#8625);
#8625 = CARTESIAN_POINT('',(148.08,-62.4,1.6));
#8626 = CIRCLE('',#8627,0.4);
#8627 = AXIS2_PLACEMENT_3D('',#8628,#8629,#8630);
#8628 = CARTESIAN_POINT('',(148.08,-62.,1.6));
#8629 = DIRECTION('',(-0.,0.,-1.));
#8630 = DIRECTION('',(7.105427357601E-14,-1.,-0.));
#8631 = FACE_BOUND('',#8632,.F.);
#8632 = EDGE_LOOP('',(#8633));
#8633 = ORIENTED_EDGE('',*,*,#8634,.F.);
#8634 = EDGE_CURVE('',#8635,#8635,#8637,.T.);
#8635 = VERTEX_POINT('',#8636);
#8636 = CARTESIAN_POINT('',(147.83,-72.99,1.6));
#8637 = CIRCLE('',#8638,0.85);
#8638 = AXIS2_PLACEMENT_3D('',#8639,#8640,#8641);
#8639 = CARTESIAN_POINT('',(147.83,-72.14,1.6));
#8640 = DIRECTION('',(-0.,0.,-1.));
#8641 = DIRECTION('',(3.343730521224E-14,-1.,-0.));
#8642 = FACE_BOUND('',#8643,.F.);
#8643 = EDGE_LOOP('',(#8644));
#8644 = ORIENTED_EDGE('',*,*,#8645,.F.);
#8645 = EDGE_CURVE('',#8646,#8646,#8648,.T.);
#8646 = VERTEX_POINT('',#8647);
#8647 = CARTESIAN_POINT('',(142.75,-74.14,1.6));
#8648 = CIRCLE('',#8649,2.);
#8649 = AXIS2_PLACEMENT_3D('',#8650,#8651,#8652);
#8650 = CARTESIAN_POINT('',(142.75,-72.14,1.6));
#8651 = DIRECTION('',(-0.,0.,-1.));
#8652 = DIRECTION('',(-0.,-1.,0.));
#8653 = FACE_BOUND('',#8654,.F.);
#8654 = EDGE_LOOP('',(#8655));
#8655 = ORIENTED_EDGE('',*,*,#8656,.F.);
#8656 = EDGE_CURVE('',#8657,#8657,#8659,.T.);
#8657 = VERTEX_POINT('',#8658);
#8658 = CARTESIAN_POINT('',(137.67,-72.99,1.6));
#8659 = CIRCLE('',#8660,0.85);
#8660 = AXIS2_PLACEMENT_3D('',#8661,#8662,#8663);
#8661 = CARTESIAN_POINT('',(137.67,-72.14,1.6));
#8662 = DIRECTION('',(-0.,0.,-1.));
#8663 = DIRECTION('',(-3.343730521224E-14,-1.,0.));
#8664 = FACE_BOUND('',#8665,.F.);
#8665 = EDGE_LOOP('',(#8666));
#8666 = ORIENTED_EDGE('',*,*,#8667,.F.);
#8667 = EDGE_CURVE('',#8668,#8668,#8670,.T.);
#8668 = VERTEX_POINT('',#8669);
#8669 = CARTESIAN_POINT('',(132.74,-72.99,1.6));
#8670 = CIRCLE('',#8671,0.85);
#8671 = AXIS2_PLACEMENT_3D('',#8672,#8673,#8674);
#8672 = CARTESIAN_POINT('',(132.74,-72.14,1.6));
#8673 = DIRECTION('',(-0.,0.,-1.));
#8674 = DIRECTION('',(-0.,-1.,0.));
#8675 = FACE_BOUND('',#8676,.F.);
#8676 = EDGE_LOOP('',(#8677));
#8677 = ORIENTED_EDGE('',*,*,#8678,.F.);
#8678 = EDGE_CURVE('',#8679,#8679,#8681,.T.);
#8679 = VERTEX_POINT('',#8680);
#8680 = CARTESIAN_POINT('',(138.94,-70.35,1.6));
#8681 = CIRCLE('',#8682,0.75);
#8682 = AXIS2_PLACEMENT_3D('',#8683,#8684,#8685);
#8683 = CARTESIAN_POINT('',(138.94,-69.6,1.6));
#8684 = DIRECTION('',(-0.,0.,-1.));
#8685 = DIRECTION('',(-0.,-1.,0.));
#8686 = FACE_BOUND('',#8687,.F.);
#8687 = EDGE_LOOP('',(#8688));
#8688 = ORIENTED_EDGE('',*,*,#8689,.F.);
#8689 = EDGE_CURVE('',#8690,#8690,#8692,.T.);
#8690 = VERTEX_POINT('',#8691);
#8691 = CARTESIAN_POINT('',(145.29,-67.81,1.6));
#8692 = CIRCLE('',#8693,0.75);
#8693 = AXIS2_PLACEMENT_3D('',#8694,#8695,#8696);
#8694 = CARTESIAN_POINT('',(145.29,-67.06,1.6));
#8695 = DIRECTION('',(-0.,0.,-1.));
#8696 = DIRECTION('',(-0.,-1.,0.));
#8697 = FACE_BOUND('',#8698,.F.);
#8698 = EDGE_LOOP('',(#8699));
#8699 = ORIENTED_EDGE('',*,*,#8700,.F.);
#8700 = EDGE_CURVE('',#8701,#8701,#8703,.T.);
#8701 = VERTEX_POINT('',#8702);
#8702 = CARTESIAN_POINT('',(137.92,-62.4,1.6));
#8703 = CIRCLE('',#8704,0.4);
#8704 = AXIS2_PLACEMENT_3D('',#8705,#8706,#8707);
#8705 = CARTESIAN_POINT('',(137.92,-62.,1.6));
#8706 = DIRECTION('',(-0.,0.,-1.));
#8707 = DIRECTION('',(-7.105427357601E-14,-1.,0.));
#8708 = FACE_BOUND('',#8709,.F.);
#8709 = EDGE_LOOP('',(#8710));
#8710 = ORIENTED_EDGE('',*,*,#8711,.F.);
#8711 = EDGE_CURVE('',#8712,#8712,#8714,.T.);
#8712 = VERTEX_POINT('',#8713);
#8713 = CARTESIAN_POINT('',(132.525,-58.07,1.6));
#8714 = CIRCLE('',#8715,0.5);
#8715 = AXIS2_PLACEMENT_3D('',#8716,#8717,#8718);
#8716 = CARTESIAN_POINT('',(132.525,-57.57,1.6));
#8717 = DIRECTION('',(-0.,0.,-1.));
#8718 = DIRECTION('',(-0.,-1.,0.));
#8719 = FACE_BOUND('',#8720,.F.);
#8720 = EDGE_LOOP('',(#8721));
#8721 = ORIENTED_EDGE('',*,*,#8722,.F.);
#8722 = EDGE_CURVE('',#8723,#8723,#8725,.T.);
#8723 = VERTEX_POINT('',#8724);
#8724 = CARTESIAN_POINT('',(132.525,-55.53,1.6));
#8725 = CIRCLE('',#8726,0.5);
#8726 = AXIS2_PLACEMENT_3D('',#8727,#8728,#8729);
#8727 = CARTESIAN_POINT('',(132.525,-55.03,1.6));
#8728 = DIRECTION('',(-0.,0.,-1.));
#8729 = DIRECTION('',(-0.,-1.,0.));
#8730 = FACE_BOUND('',#8731,.F.);
#8731 = EDGE_LOOP('',(#8732));
#8732 = ORIENTED_EDGE('',*,*,#8733,.F.);
#8733 = EDGE_CURVE('',#8734,#8734,#8736,.T.);
#8734 = VERTEX_POINT('',#8735);
#8735 = CARTESIAN_POINT('',(132.525,-52.99,1.6));
#8736 = CIRCLE('',#8737,0.5);
#8737 = AXIS2_PLACEMENT_3D('',#8738,#8739,#8740);
#8738 = CARTESIAN_POINT('',(132.525,-52.49,1.6));
#8739 = DIRECTION('',(-0.,0.,-1.));
#8740 = DIRECTION('',(-0.,-1.,0.));
#8741 = FACE_BOUND('',#8742,.F.);
#8742 = EDGE_LOOP('',(#8743));
#8743 = ORIENTED_EDGE('',*,*,#8744,.F.);
#8744 = EDGE_CURVE('',#8745,#8745,#8747,.T.);
#8745 = VERTEX_POINT('',#8746);
#8746 = CARTESIAN_POINT('',(132.525,-50.45,1.6));
#8747 = CIRCLE('',#8748,0.5);
#8748 = AXIS2_PLACEMENT_3D('',#8749,#8750,#8751);
#8749 = CARTESIAN_POINT('',(132.525,-49.95,1.6));
#8750 = DIRECTION('',(-0.,0.,-1.));
#8751 = DIRECTION('',(-0.,-1.,0.));
#8752 = FACE_BOUND('',#8753,.F.);
#8753 = EDGE_LOOP('',(#8754));
#8754 = ORIENTED_EDGE('',*,*,#8755,.F.);
#8755 = EDGE_CURVE('',#8756,#8756,#8758,.T.);
#8756 = VERTEX_POINT('',#8757);
#8757 = CARTESIAN_POINT('',(127.66,-74.14,1.6));
#8758 = CIRCLE('',#8759,2.);
#8759 = AXIS2_PLACEMENT_3D('',#8760,#8761,#8762);
#8760 = CARTESIAN_POINT('',(127.66,-72.14,1.6));
#8761 = DIRECTION('',(-0.,0.,-1.));
#8762 = DIRECTION('',(-0.,-1.,0.));
#8763 = FACE_BOUND('',#8764,.F.);
#8764 = EDGE_LOOP('',(#8765));
#8765 = ORIENTED_EDGE('',*,*,#8766,.F.);
#8766 = EDGE_CURVE('',#8767,#8767,#8769,.T.);
#8767 = VERTEX_POINT('',#8768);
#8768 = CARTESIAN_POINT('',(122.58,-72.99,1.6));
#8769 = CIRCLE('',#8770,0.85);
#8770 = AXIS2_PLACEMENT_3D('',#8771,#8772,#8773);
#8771 = CARTESIAN_POINT('',(122.58,-72.14,1.6));
#8772 = DIRECTION('',(-0.,0.,-1.));
#8773 = DIRECTION('',(-1.671865260612E-14,-1.,0.));
#8774 = FACE_BOUND('',#8775,.F.);
#8775 = EDGE_LOOP('',(#8776));
#8776 = ORIENTED_EDGE('',*,*,#8777,.F.);
#8777 = EDGE_CURVE('',#8778,#8778,#8780,.T.);
#8778 = VERTEX_POINT('',#8779);
#8779 = CARTESIAN_POINT('',(123.85,-70.35,1.6));
#8780 = CIRCLE('',#8781,0.75);
#8781 = AXIS2_PLACEMENT_3D('',#8782,#8783,#8784);
#8782 = CARTESIAN_POINT('',(123.85,-69.6,1.6));
#8783 = DIRECTION('',(-0.,0.,-1.));
#8784 = DIRECTION('',(-0.,-1.,0.));
#8785 = FACE_BOUND('',#8786,.F.);
#8786 = EDGE_LOOP('',(#8787));
#8787 = ORIENTED_EDGE('',*,*,#8788,.F.);
#8788 = EDGE_CURVE('',#8789,#8789,#8791,.T.);
#8789 = VERTEX_POINT('',#8790);
#8790 = CARTESIAN_POINT('',(130.2,-67.81,1.6));
#8791 = CIRCLE('',#8792,0.75);
#8792 = AXIS2_PLACEMENT_3D('',#8793,#8794,#8795);
#8793 = CARTESIAN_POINT('',(130.2,-67.06,1.6));
#8794 = DIRECTION('',(-0.,0.,-1.));
#8795 = DIRECTION('',(-0.,-1.,0.));
#8796 = FACE_BOUND('',#8797,.F.);
#8797 = EDGE_LOOP('',(#8798));
#8798 = ORIENTED_EDGE('',*,*,#8799,.F.);
#8799 = EDGE_CURVE('',#8800,#8800,#8802,.T.);
#8800 = VERTEX_POINT('',#8801);
#8801 = CARTESIAN_POINT('',(131.31,-62.4,1.6));
#8802 = CIRCLE('',#8803,0.4);
#8803 = AXIS2_PLACEMENT_3D('',#8804,#8805,#8806);
#8804 = CARTESIAN_POINT('',(131.31,-62.,1.6));
#8805 = DIRECTION('',(-0.,0.,-1.));
#8806 = DIRECTION('',(-0.,-1.,0.));
#8807 = FACE_BOUND('',#8808,.F.);
#8808 = EDGE_LOOP('',(#8809));
#8809 = ORIENTED_EDGE('',*,*,#8810,.F.);
#8810 = EDGE_CURVE('',#8811,#8811,#8813,.T.);
#8811 = VERTEX_POINT('',#8812);
#8812 = CARTESIAN_POINT('',(123.69,-62.4,1.6));
#8813 = CIRCLE('',#8814,0.4);
#8814 = AXIS2_PLACEMENT_3D('',#8815,#8816,#8817);
#8815 = CARTESIAN_POINT('',(123.69,-62.,1.6));
#8816 = DIRECTION('',(-0.,0.,-1.));
#8817 = DIRECTION('',(-0.,-1.,0.));
#8818 = FACE_BOUND('',#8819,.F.);
#8819 = EDGE_LOOP('',(#8820,#8831,#8839,#8848));
#8820 = ORIENTED_EDGE('',*,*,#8821,.F.);
#8821 = EDGE_CURVE('',#8822,#8824,#8826,.T.);
#8822 = VERTEX_POINT('',#8823);
#8823 = CARTESIAN_POINT('',(108.35,-71.85,1.6));
#8824 = VERTEX_POINT('',#8825);
#8825 = CARTESIAN_POINT('',(108.35,-70.35,1.6));
#8826 = CIRCLE('',#8827,0.75);
#8827 = AXIS2_PLACEMENT_3D('',#8828,#8829,#8830);
#8828 = CARTESIAN_POINT('',(108.35,-71.1,1.6));
#8829 = DIRECTION('',(-0.,0.,-1.));
#8830 = DIRECTION('',(0.,1.,0.));
#8831 = ORIENTED_EDGE('',*,*,#8832,.T.);
#8832 = EDGE_CURVE('',#8822,#8833,#8835,.T.);
#8833 = VERTEX_POINT('',#8834);
#8834 = CARTESIAN_POINT('',(109.65,-71.85,1.6));
#8835 = LINE('',#8836,#8837);
#8836 = CARTESIAN_POINT('',(120.2375,-71.85,1.6));
#8837 = VECTOR('',#8838,1.);
#8838 = DIRECTION('',(1.,0.,0.));
#8839 = ORIENTED_EDGE('',*,*,#8840,.F.);
#8840 = EDGE_CURVE('',#8841,#8833,#8843,.T.);
#8841 = VERTEX_POINT('',#8842);
#8842 = CARTESIAN_POINT('',(109.65,-70.35,1.6));
#8843 = CIRCLE('',#8844,0.75);
#8844 = AXIS2_PLACEMENT_3D('',#8845,#8846,#8847);
#8845 = CARTESIAN_POINT('',(109.65,-71.1,1.6));
#8846 = DIRECTION('',(-0.,0.,-1.));
#8847 = DIRECTION('',(-0.,-1.,0.));
#8848 = ORIENTED_EDGE('',*,*,#8849,.T.);
#8849 = EDGE_CURVE('',#8841,#8824,#8850,.T.);
#8850 = LINE('',#8851,#8852);
#8851 = CARTESIAN_POINT('',(120.8875,-70.35,1.6));
#8852 = VECTOR('',#8853,1.);
#8853 = DIRECTION('',(-1.,0.,0.));
#8854 = FACE_BOUND('',#8855,.F.);
#8855 = EDGE_LOOP('',(#8856));
#8856 = ORIENTED_EDGE('',*,*,#8857,.F.);
#8857 = EDGE_CURVE('',#8858,#8858,#8860,.T.);
#8858 = VERTEX_POINT('',#8859);
#8859 = CARTESIAN_POINT('',(116.,-68.5,1.6));
#8860 = CIRCLE('',#8861,0.5);
#8861 = AXIS2_PLACEMENT_3D('',#8862,#8863,#8864);
#8862 = CARTESIAN_POINT('',(116.,-68.,1.6));
#8863 = DIRECTION('',(-0.,0.,-1.));
#8864 = DIRECTION('',(-0.,-1.,0.));
#8865 = FACE_BOUND('',#8866,.F.);
#8866 = EDGE_LOOP('',(#8867));
#8867 = ORIENTED_EDGE('',*,*,#8868,.F.);
#8868 = EDGE_CURVE('',#8869,#8869,#8871,.T.);
#8869 = VERTEX_POINT('',#8870);
#8870 = CARTESIAN_POINT('',(101.5,-68.5,1.6));
#8871 = CIRCLE('',#8872,0.5);
#8872 = AXIS2_PLACEMENT_3D('',#8873,#8874,#8875);
#8873 = CARTESIAN_POINT('',(101.5,-68.,1.6));
#8874 = DIRECTION('',(-0.,0.,-1.));
#8875 = DIRECTION('',(-0.,-1.,0.));
#8876 = FACE_BOUND('',#8877,.F.);
#8877 = EDGE_LOOP('',(#8878));
#8878 = ORIENTED_EDGE('',*,*,#8879,.F.);
#8879 = EDGE_CURVE('',#8880,#8880,#8882,.T.);
#8880 = VERTEX_POINT('',#8881);
#8881 = CARTESIAN_POINT('',(116.,-63.5,1.6));
#8882 = CIRCLE('',#8883,0.5);
#8883 = AXIS2_PLACEMENT_3D('',#8884,#8885,#8886);
#8884 = CARTESIAN_POINT('',(116.,-63.,1.6));
#8885 = DIRECTION('',(-0.,0.,-1.));
#8886 = DIRECTION('',(-0.,-1.,0.));
#8887 = FACE_BOUND('',#8888,.F.);
#8888 = EDGE_LOOP('',(#8889));
#8889 = ORIENTED_EDGE('',*,*,#8890,.F.);
#8890 = EDGE_CURVE('',#8891,#8891,#8893,.T.);
#8891 = VERTEX_POINT('',#8892);
#8892 = CARTESIAN_POINT('',(101.5,-66.,1.6));
#8893 = CIRCLE('',#8894,0.5);
#8894 = AXIS2_PLACEMENT_3D('',#8895,#8896,#8897);
#8895 = CARTESIAN_POINT('',(101.5,-65.5,1.6));
#8896 = DIRECTION('',(-0.,0.,-1.));
#8897 = DIRECTION('',(-0.,-1.,0.));
#8898 = FACE_BOUND('',#8899,.F.);
#8899 = EDGE_LOOP('',(#8900));
#8900 = ORIENTED_EDGE('',*,*,#8901,.F.);
#8901 = EDGE_CURVE('',#8902,#8902,#8904,.T.);
#8902 = VERTEX_POINT('',#8903);
#8903 = CARTESIAN_POINT('',(101.5,-63.5,1.6));
#8904 = CIRCLE('',#8905,0.5);
#8905 = AXIS2_PLACEMENT_3D('',#8906,#8907,#8908);
#8906 = CARTESIAN_POINT('',(101.5,-63.,1.6));
#8907 = DIRECTION('',(-0.,0.,-1.));
#8908 = DIRECTION('',(-0.,-1.,0.));
#8909 = FACE_BOUND('',#8910,.F.);
#8910 = EDGE_LOOP('',(#8911,#8922,#8930,#8939));
#8911 = ORIENTED_EDGE('',*,*,#8912,.F.);
#8912 = EDGE_CURVE('',#8913,#8915,#8917,.T.);
#8913 = VERTEX_POINT('',#8914);
#8914 = CARTESIAN_POINT('',(108.35,-60.65,1.6));
#8915 = VERTEX_POINT('',#8916);
#8916 = CARTESIAN_POINT('',(108.35,-59.15,1.6));
#8917 = CIRCLE('',#8918,0.75);
#8918 = AXIS2_PLACEMENT_3D('',#8919,#8920,#8921);
#8919 = CARTESIAN_POINT('',(108.35,-59.9,1.6));
#8920 = DIRECTION('',(-0.,0.,-1.));
#8921 = DIRECTION('',(0.,1.,0.));
#8922 = ORIENTED_EDGE('',*,*,#8923,.T.);
#8923 = EDGE_CURVE('',#8913,#8924,#8926,.T.);
#8924 = VERTEX_POINT('',#8925);
#8925 = CARTESIAN_POINT('',(109.65,-60.65,1.6));
#8926 = LINE('',#8927,#8928);
#8927 = CARTESIAN_POINT('',(120.2375,-60.65,1.6));
#8928 = VECTOR('',#8929,1.);
#8929 = DIRECTION('',(1.,0.,0.));
#8930 = ORIENTED_EDGE('',*,*,#8931,.F.);
#8931 = EDGE_CURVE('',#8932,#8924,#8934,.T.);
#8932 = VERTEX_POINT('',#8933);
#8933 = CARTESIAN_POINT('',(109.65,-59.15,1.6));
#8934 = CIRCLE('',#8935,0.75);
#8935 = AXIS2_PLACEMENT_3D('',#8936,#8937,#8938);
#8936 = CARTESIAN_POINT('',(109.65,-59.9,1.6));
#8937 = DIRECTION('',(-0.,0.,-1.));
#8938 = DIRECTION('',(-0.,-1.,0.));
#8939 = ORIENTED_EDGE('',*,*,#8940,.T.);
#8940 = EDGE_CURVE('',#8932,#8915,#8941,.T.);
#8941 = LINE('',#8942,#8943);
#8942 = CARTESIAN_POINT('',(120.8875,-59.15,1.6));
#8943 = VECTOR('',#8944,1.);
#8944 = DIRECTION('',(-1.,0.,0.));
#8945 = PLANE('',#8946);
#8946 = AXIS2_PLACEMENT_3D('',#8947,#8948,#8949);
#8947 = CARTESIAN_POINT('',(132.125,-76.5,1.6));
#8948 = DIRECTION('',(-0.,-0.,-1.));
#8949 = DIRECTION('',(-1.,0.,0.));
#8950 = ADVANCED_FACE('',(#8951),#8957,.T.);
#8951 = FACE_BOUND('',#8952,.T.);
#8952 = EDGE_LOOP('',(#8953,#8954,#8955,#8956));
#8953 = ORIENTED_EDGE('',*,*,#7324,.T.);
#8954 = ORIENTED_EDGE('',*,*,#8152,.T.);
#8955 = ORIENTED_EDGE('',*,*,#7284,.F.);
#8956 = ORIENTED_EDGE('',*,*,#7348,.F.);
#8957 = PLANE('',#8958);
#8958 = AXIS2_PLACEMENT_3D('',#8959,#8960,#8961);
#8959 = CARTESIAN_POINT('',(97.25,-46.25,0.));
#8960 = DIRECTION('',(0.,1.,0.));
#8961 = DIRECTION('',(1.,0.,0.));
#8962 = ADVANCED_FACE('',(#8963),#8974,.F.);
#8963 = FACE_BOUND('',#8964,.T.);
#8964 = EDGE_LOOP('',(#8965,#8966,#8972,#8973));
#8965 = ORIENTED_EDGE('',*,*,#7357,.T.);
#8966 = ORIENTED_EDGE('',*,*,#8967,.T.);
#8967 = EDGE_CURVE('',#7358,#8162,#8968,.T.);
#8968 = LINE('',#8969,#8970);
#8969 = CARTESIAN_POINT('',(162.83,-97.15,-4.5E-02));
#8970 = VECTOR('',#8971,1.);
#8971 = DIRECTION('',(0.,0.,1.));
#8972 = ORIENTED_EDGE('',*,*,#8161,.F.);
#8973 = ORIENTED_EDGE('',*,*,#8967,.F.);
#8974 = CYLINDRICAL_SURFACE('',#8975,0.4);
#8975 = AXIS2_PLACEMENT_3D('',#8976,#8977,#8978);
#8976 = CARTESIAN_POINT('',(162.83,-96.75,-4.5E-02));
#8977 = DIRECTION('',(-0.,0.,-1.));
#8978 = DIRECTION('',(7.105427357601E-14,-1.,-0.));
#8979 = ADVANCED_FACE('',(#8980),#8991,.F.);
#8980 = FACE_BOUND('',#8981,.T.);
#8981 = EDGE_LOOP('',(#8982,#8983,#8989,#8990));
#8982 = ORIENTED_EDGE('',*,*,#7368,.T.);
#8983 = ORIENTED_EDGE('',*,*,#8984,.T.);
#8984 = EDGE_CURVE('',#7369,#8173,#8985,.T.);
#8985 = LINE('',#8986,#8987);
#8986 = CARTESIAN_POINT('',(152.67,-97.15,-4.5E-02));
#8987 = VECTOR('',#8988,1.);
#8988 = DIRECTION('',(0.,0.,1.));
#8989 = ORIENTED_EDGE('',*,*,#8172,.F.);
#8990 = ORIENTED_EDGE('',*,*,#8984,.F.);
#8991 = CYLINDRICAL_SURFACE('',#8992,0.4);
#8992 = AXIS2_PLACEMENT_3D('',#8993,#8994,#8995);
#8993 = CARTESIAN_POINT('',(152.67,-96.75,-4.5E-02));
#8994 = DIRECTION('',(-0.,-0.,-1.));
#8995 = DIRECTION('',(-7.105427357601E-14,-1.,0.));
#8996 = ADVANCED_FACE('',(#8997),#9008,.F.);
#8997 = FACE_BOUND('',#8998,.T.);
#8998 = EDGE_LOOP('',(#8999,#9000,#9006,#9007));
#8999 = ORIENTED_EDGE('',*,*,#7379,.T.);
#9000 = ORIENTED_EDGE('',*,*,#9001,.T.);
#9001 = EDGE_CURVE('',#7380,#8184,#9002,.T.);
#9002 = LINE('',#9003,#9004);
#9003 = CARTESIAN_POINT('',(162.92,-88.08,-4.5E-02));
#9004 = VECTOR('',#9005,1.);
#9005 = DIRECTION('',(0.,0.,1.));
#9006 = ORIENTED_EDGE('',*,*,#8183,.F.);
#9007 = ORIENTED_EDGE('',*,*,#9001,.F.);
#9008 = CYLINDRICAL_SURFACE('',#9009,0.85);
#9009 = AXIS2_PLACEMENT_3D('',#9010,#9011,#9012);
#9010 = CARTESIAN_POINT('',(162.92,-87.23,-4.5E-02));
#9011 = DIRECTION('',(-0.,-0.,-1.));
#9012 = DIRECTION('',(-3.343730521224E-14,-1.,0.));
#9013 = ADVANCED_FACE('',(#9014),#9025,.F.);
#9014 = FACE_BOUND('',#9015,.T.);
#9015 = EDGE_LOOP('',(#9016,#9017,#9023,#9024));
#9016 = ORIENTED_EDGE('',*,*,#7390,.T.);
#9017 = ORIENTED_EDGE('',*,*,#9018,.T.);
#9018 = EDGE_CURVE('',#7391,#8195,#9019,.T.);
#9019 = LINE('',#9020,#9021);
#9020 = CARTESIAN_POINT('',(157.84,-89.23,-4.5E-02));
#9021 = VECTOR('',#9022,1.);
#9022 = DIRECTION('',(0.,0.,1.));
#9023 = ORIENTED_EDGE('',*,*,#8194,.F.);
#9024 = ORIENTED_EDGE('',*,*,#9018,.F.);
#9025 = CYLINDRICAL_SURFACE('',#9026,2.);
#9026 = AXIS2_PLACEMENT_3D('',#9027,#9028,#9029);
#9027 = CARTESIAN_POINT('',(157.84,-87.23,-4.5E-02));
#9028 = DIRECTION('',(-0.,-0.,-1.));
#9029 = DIRECTION('',(-0.,-1.,0.));
#9030 = ADVANCED_FACE('',(#9031),#9042,.F.);
#9031 = FACE_BOUND('',#9032,.T.);
#9032 = EDGE_LOOP('',(#9033,#9034,#9040,#9041));
#9033 = ORIENTED_EDGE('',*,*,#7401,.T.);
#9034 = ORIENTED_EDGE('',*,*,#9035,.T.);
#9035 = EDGE_CURVE('',#7402,#8206,#9036,.T.);
#9036 = LINE('',#9037,#9038);
#9037 = CARTESIAN_POINT('',(152.76,-88.08,-4.5E-02));
#9038 = VECTOR('',#9039,1.);
#9039 = DIRECTION('',(0.,0.,1.));
#9040 = ORIENTED_EDGE('',*,*,#8205,.F.);
#9041 = ORIENTED_EDGE('',*,*,#9035,.F.);
#9042 = CYLINDRICAL_SURFACE('',#9043,0.85);
#9043 = AXIS2_PLACEMENT_3D('',#9044,#9045,#9046);
#9044 = CARTESIAN_POINT('',(152.76,-87.23,-4.5E-02));
#9045 = DIRECTION('',(-0.,-0.,-1.));
#9046 = DIRECTION('',(-0.,-1.,0.));
#9047 = ADVANCED_FACE('',(#9048),#9059,.F.);
#9048 = FACE_BOUND('',#9049,.T.);
#9049 = EDGE_LOOP('',(#9050,#9051,#9057,#9058));
#9050 = ORIENTED_EDGE('',*,*,#7412,.T.);
#9051 = ORIENTED_EDGE('',*,*,#9052,.T.);
#9052 = EDGE_CURVE('',#7413,#8217,#9053,.T.);
#9053 = LINE('',#9054,#9055);
#9054 = CARTESIAN_POINT('',(147.83,-96.9,-4.5E-02));
#9055 = VECTOR('',#9056,1.);
#9056 = DIRECTION('',(0.,0.,1.));
#9057 = ORIENTED_EDGE('',*,*,#8216,.F.);
#9058 = ORIENTED_EDGE('',*,*,#9052,.F.);
#9059 = CYLINDRICAL_SURFACE('',#9060,0.4);
#9060 = AXIS2_PLACEMENT_3D('',#9061,#9062,#9063);
#9061 = CARTESIAN_POINT('',(147.83,-96.5,-4.5E-02));
#9062 = DIRECTION('',(-0.,0.,-1.));
#9063 = DIRECTION('',(7.105427357601E-14,-1.,-0.));
#9064 = ADVANCED_FACE('',(#9065),#9076,.F.);
#9065 = FACE_BOUND('',#9066,.T.);
#9066 = EDGE_LOOP('',(#9067,#9068,#9074,#9075));
#9067 = ORIENTED_EDGE('',*,*,#7423,.T.);
#9068 = ORIENTED_EDGE('',*,*,#9069,.T.);
#9069 = EDGE_CURVE('',#7424,#8228,#9070,.T.);
#9070 = LINE('',#9071,#9072);
#9071 = CARTESIAN_POINT('',(137.67,-96.9,-4.5E-02));
#9072 = VECTOR('',#9073,1.);
#9073 = DIRECTION('',(0.,0.,1.));
#9074 = ORIENTED_EDGE('',*,*,#8227,.F.);
#9075 = ORIENTED_EDGE('',*,*,#9069,.F.);
#9076 = CYLINDRICAL_SURFACE('',#9077,0.4);
#9077 = AXIS2_PLACEMENT_3D('',#9078,#9079,#9080);
#9078 = CARTESIAN_POINT('',(137.67,-96.5,-4.5E-02));
#9079 = DIRECTION('',(-0.,-0.,-1.));
#9080 = DIRECTION('',(-7.105427357601E-14,-1.,0.));
#9081 = ADVANCED_FACE('',(#9082),#9093,.F.);
#9082 = FACE_BOUND('',#9083,.T.);
#9083 = EDGE_LOOP('',(#9084,#9085,#9091,#9092));
#9084 = ORIENTED_EDGE('',*,*,#7434,.T.);
#9085 = ORIENTED_EDGE('',*,*,#9086,.T.);
#9086 = EDGE_CURVE('',#7435,#8239,#9087,.T.);
#9087 = LINE('',#9088,#9089);
#9088 = CARTESIAN_POINT('',(147.83,-88.08,-4.5E-02));
#9089 = VECTOR('',#9090,1.);
#9090 = DIRECTION('',(0.,0.,1.));
#9091 = ORIENTED_EDGE('',*,*,#8238,.F.);
#9092 = ORIENTED_EDGE('',*,*,#9086,.F.);
#9093 = CYLINDRICAL_SURFACE('',#9094,0.85);
#9094 = AXIS2_PLACEMENT_3D('',#9095,#9096,#9097);
#9095 = CARTESIAN_POINT('',(147.83,-87.23,-4.5E-02));
#9096 = DIRECTION('',(-0.,0.,-1.));
#9097 = DIRECTION('',(3.343730521224E-14,-1.,-0.));
#9098 = ADVANCED_FACE('',(#9099),#9110,.F.);
#9099 = FACE_BOUND('',#9100,.T.);
#9100 = EDGE_LOOP('',(#9101,#9102,#9108,#9109));
#9101 = ORIENTED_EDGE('',*,*,#7445,.T.);
#9102 = ORIENTED_EDGE('',*,*,#9103,.T.);
#9103 = EDGE_CURVE('',#7446,#8250,#9104,.T.);
#9104 = LINE('',#9105,#9106);
#9105 = CARTESIAN_POINT('',(142.75,-89.23,-4.5E-02));
#9106 = VECTOR('',#9107,1.);
#9107 = DIRECTION('',(0.,0.,1.));
#9108 = ORIENTED_EDGE('',*,*,#8249,.F.);
#9109 = ORIENTED_EDGE('',*,*,#9103,.F.);
#9110 = CYLINDRICAL_SURFACE('',#9111,2.);
#9111 = AXIS2_PLACEMENT_3D('',#9112,#9113,#9114);
#9112 = CARTESIAN_POINT('',(142.75,-87.23,-4.5E-02));
#9113 = DIRECTION('',(-0.,-0.,-1.));
#9114 = DIRECTION('',(-0.,-1.,0.));
#9115 = ADVANCED_FACE('',(#9116),#9127,.F.);
#9116 = FACE_BOUND('',#9117,.T.);
#9117 = EDGE_LOOP('',(#9118,#9119,#9125,#9126));
#9118 = ORIENTED_EDGE('',*,*,#7456,.T.);
#9119 = ORIENTED_EDGE('',*,*,#9120,.T.);
#9120 = EDGE_CURVE('',#7457,#8261,#9121,.T.);
#9121 = LINE('',#9122,#9123);
#9122 = CARTESIAN_POINT('',(137.67,-88.08,-4.5E-02));
#9123 = VECTOR('',#9124,1.);
#9124 = DIRECTION('',(0.,0.,1.));
#9125 = ORIENTED_EDGE('',*,*,#8260,.F.);
#9126 = ORIENTED_EDGE('',*,*,#9120,.F.);
#9127 = CYLINDRICAL_SURFACE('',#9128,0.85);
#9128 = AXIS2_PLACEMENT_3D('',#9129,#9130,#9131);
#9129 = CARTESIAN_POINT('',(137.67,-87.23,-4.5E-02));
#9130 = DIRECTION('',(-0.,-0.,-1.));
#9131 = DIRECTION('',(-3.343730521224E-14,-1.,0.));
#9132 = ADVANCED_FACE('',(#9133),#9144,.F.);
#9133 = FACE_BOUND('',#9134,.T.);
#9134 = EDGE_LOOP('',(#9135,#9136,#9142,#9143));
#9135 = ORIENTED_EDGE('',*,*,#7467,.T.);
#9136 = ORIENTED_EDGE('',*,*,#9137,.T.);
#9137 = EDGE_CURVE('',#7468,#8272,#9138,.T.);
#9138 = LINE('',#9139,#9140);
#9139 = CARTESIAN_POINT('',(132.74,-88.08,-4.5E-02));
#9140 = VECTOR('',#9141,1.);
#9141 = DIRECTION('',(0.,0.,1.));
#9142 = ORIENTED_EDGE('',*,*,#8271,.F.);
#9143 = ORIENTED_EDGE('',*,*,#9137,.F.);
#9144 = CYLINDRICAL_SURFACE('',#9145,0.85);
#9145 = AXIS2_PLACEMENT_3D('',#9146,#9147,#9148);
#9146 = CARTESIAN_POINT('',(132.74,-87.23,-4.5E-02));
#9147 = DIRECTION('',(-0.,-0.,-1.));
#9148 = DIRECTION('',(-0.,-1.,0.));
#9149 = ADVANCED_FACE('',(#9150),#9161,.F.);
#9150 = FACE_BOUND('',#9151,.T.);
#9151 = EDGE_LOOP('',(#9152,#9153,#9159,#9160));
#9152 = ORIENTED_EDGE('',*,*,#7478,.T.);
#9153 = ORIENTED_EDGE('',*,*,#9154,.T.);
#9154 = EDGE_CURVE('',#7479,#8283,#9155,.T.);
#9155 = LINE('',#9156,#9157);
#9156 = CARTESIAN_POINT('',(160.38,-82.9,-4.5E-02));
#9157 = VECTOR('',#9158,1.);
#9158 = DIRECTION('',(0.,0.,1.));
#9159 = ORIENTED_EDGE('',*,*,#8282,.F.);
#9160 = ORIENTED_EDGE('',*,*,#9154,.F.);
#9161 = CYLINDRICAL_SURFACE('',#9162,0.75);
#9162 = AXIS2_PLACEMENT_3D('',#9163,#9164,#9165);
#9163 = CARTESIAN_POINT('',(160.38,-82.15,-4.5E-02));
#9164 = DIRECTION('',(-0.,-0.,-1.));
#9165 = DIRECTION('',(-0.,-1.,0.));
#9166 = ADVANCED_FACE('',(#9167),#9178,.F.);
#9167 = FACE_BOUND('',#9168,.T.);
#9168 = EDGE_LOOP('',(#9169,#9170,#9176,#9177));
#9169 = ORIENTED_EDGE('',*,*,#7489,.T.);
#9170 = ORIENTED_EDGE('',*,*,#9171,.T.);
#9171 = EDGE_CURVE('',#7490,#8294,#9172,.T.);
#9172 = LINE('',#9173,#9174);
#9173 = CARTESIAN_POINT('',(154.03,-85.44,-4.5E-02));
#9174 = VECTOR('',#9175,1.);
#9175 = DIRECTION('',(0.,0.,1.));
#9176 = ORIENTED_EDGE('',*,*,#8293,.F.);
#9177 = ORIENTED_EDGE('',*,*,#9171,.F.);
#9178 = CYLINDRICAL_SURFACE('',#9179,0.75);
#9179 = AXIS2_PLACEMENT_3D('',#9180,#9181,#9182);
#9180 = CARTESIAN_POINT('',(154.03,-84.69,-4.5E-02));
#9181 = DIRECTION('',(-0.,-0.,-1.));
#9182 = DIRECTION('',(-0.,-1.,0.));
#9183 = ADVANCED_FACE('',(#9184),#9195,.F.);
#9184 = FACE_BOUND('',#9185,.T.);
#9185 = EDGE_LOOP('',(#9186,#9187,#9193,#9194));
#9186 = ORIENTED_EDGE('',*,*,#7500,.T.);
#9187 = ORIENTED_EDGE('',*,*,#9188,.T.);
#9188 = EDGE_CURVE('',#7501,#8305,#9189,.T.);
#9189 = LINE('',#9190,#9191);
#9190 = CARTESIAN_POINT('',(145.29,-82.9,-4.5E-02));
#9191 = VECTOR('',#9192,1.);
#9192 = DIRECTION('',(0.,0.,1.));
#9193 = ORIENTED_EDGE('',*,*,#8304,.F.);
#9194 = ORIENTED_EDGE('',*,*,#9188,.F.);
#9195 = CYLINDRICAL_SURFACE('',#9196,0.75);
#9196 = AXIS2_PLACEMENT_3D('',#9197,#9198,#9199);
#9197 = CARTESIAN_POINT('',(145.29,-82.15,-4.5E-02));
#9198 = DIRECTION('',(-0.,-0.,-1.));
#9199 = DIRECTION('',(-0.,-1.,0.));
#9200 = ADVANCED_FACE('',(#9201),#9212,.F.);
#9201 = FACE_BOUND('',#9202,.T.);
#9202 = EDGE_LOOP('',(#9203,#9204,#9210,#9211));
#9203 = ORIENTED_EDGE('',*,*,#7511,.T.);
#9204 = ORIENTED_EDGE('',*,*,#9205,.T.);
#9205 = EDGE_CURVE('',#7512,#8316,#9206,.T.);
#9206 = LINE('',#9207,#9208);
#9207 = CARTESIAN_POINT('',(138.94,-85.44,-4.5E-02));
#9208 = VECTOR('',#9209,1.);
#9209 = DIRECTION('',(0.,0.,1.));
#9210 = ORIENTED_EDGE('',*,*,#8315,.F.);
#9211 = ORIENTED_EDGE('',*,*,#9205,.F.);
#9212 = CYLINDRICAL_SURFACE('',#9213,0.75);
#9213 = AXIS2_PLACEMENT_3D('',#9214,#9215,#9216);
#9214 = CARTESIAN_POINT('',(138.94,-84.69,-4.5E-02));
#9215 = DIRECTION('',(-0.,-0.,-1.));
#9216 = DIRECTION('',(-0.,-1.,0.));
#9217 = ADVANCED_FACE('',(#9218),#9229,.F.);
#9218 = FACE_BOUND('',#9219,.T.);
#9219 = EDGE_LOOP('',(#9220,#9221,#9227,#9228));
#9220 = ORIENTED_EDGE('',*,*,#7522,.T.);
#9221 = ORIENTED_EDGE('',*,*,#9222,.T.);
#9222 = EDGE_CURVE('',#7523,#8327,#9223,.T.);
#9223 = LINE('',#9224,#9225);
#9224 = CARTESIAN_POINT('',(131.06,-96.65,-4.5E-02));
#9225 = VECTOR('',#9226,1.);
#9226 = DIRECTION('',(0.,0.,1.));
#9227 = ORIENTED_EDGE('',*,*,#8326,.F.);
#9228 = ORIENTED_EDGE('',*,*,#9222,.F.);
#9229 = CYLINDRICAL_SURFACE('',#9230,0.4);
#9230 = AXIS2_PLACEMENT_3D('',#9231,#9232,#9233);
#9231 = CARTESIAN_POINT('',(131.06,-96.25,-4.5E-02));
#9232 = DIRECTION('',(-0.,-0.,-1.));
#9233 = DIRECTION('',(-0.,-1.,0.));
#9234 = ADVANCED_FACE('',(#9235),#9246,.F.);
#9235 = FACE_BOUND('',#9236,.T.);
#9236 = EDGE_LOOP('',(#9237,#9238,#9244,#9245));
#9237 = ORIENTED_EDGE('',*,*,#7533,.T.);
#9238 = ORIENTED_EDGE('',*,*,#9239,.T.);
#9239 = EDGE_CURVE('',#7534,#8338,#9240,.T.);
#9240 = LINE('',#9241,#9242);
#9241 = CARTESIAN_POINT('',(123.44,-96.65,-4.5E-02));
#9242 = VECTOR('',#9243,1.);
#9243 = DIRECTION('',(0.,0.,1.));
#9244 = ORIENTED_EDGE('',*,*,#8337,.F.);
#9245 = ORIENTED_EDGE('',*,*,#9239,.F.);
#9246 = CYLINDRICAL_SURFACE('',#9247,0.4);
#9247 = AXIS2_PLACEMENT_3D('',#9248,#9249,#9250);
#9248 = CARTESIAN_POINT('',(123.44,-96.25,-4.5E-02));
#9249 = DIRECTION('',(-0.,-0.,-1.));
#9250 = DIRECTION('',(-0.,-1.,0.));
#9251 = ADVANCED_FACE('',(#9252),#9263,.F.);
#9252 = FACE_BOUND('',#9253,.T.);
#9253 = EDGE_LOOP('',(#9254,#9255,#9261,#9262));
#9254 = ORIENTED_EDGE('',*,*,#7544,.T.);
#9255 = ORIENTED_EDGE('',*,*,#9256,.T.);
#9256 = EDGE_CURVE('',#7545,#8349,#9257,.T.);
#9257 = LINE('',#9258,#9259);
#9258 = CARTESIAN_POINT('',(127.66,-89.23,-4.5E-02));
#9259 = VECTOR('',#9260,1.);
#9260 = DIRECTION('',(0.,0.,1.));
#9261 = ORIENTED_EDGE('',*,*,#8348,.F.);
#9262 = ORIENTED_EDGE('',*,*,#9256,.F.);
#9263 = CYLINDRICAL_SURFACE('',#9264,2.);
#9264 = AXIS2_PLACEMENT_3D('',#9265,#9266,#9267);
#9265 = CARTESIAN_POINT('',(127.66,-87.23,-4.5E-02));
#9266 = DIRECTION('',(-0.,-0.,-1.));
#9267 = DIRECTION('',(-0.,-1.,0.));
#9268 = ADVANCED_FACE('',(#9269),#9280,.F.);
#9269 = FACE_BOUND('',#9270,.T.);
#9270 = EDGE_LOOP('',(#9271,#9272,#9278,#9279));
#9271 = ORIENTED_EDGE('',*,*,#7555,.T.);
#9272 = ORIENTED_EDGE('',*,*,#9273,.T.);
#9273 = EDGE_CURVE('',#7556,#8360,#9274,.T.);
#9274 = LINE('',#9275,#9276);
#9275 = CARTESIAN_POINT('',(122.58,-88.08,-4.5E-02));
#9276 = VECTOR('',#9277,1.);
#9277 = DIRECTION('',(0.,0.,1.));
#9278 = ORIENTED_EDGE('',*,*,#8359,.F.);
#9279 = ORIENTED_EDGE('',*,*,#9273,.F.);
#9280 = CYLINDRICAL_SURFACE('',#9281,0.85);
#9281 = AXIS2_PLACEMENT_3D('',#9282,#9283,#9284);
#9282 = CARTESIAN_POINT('',(122.58,-87.23,-4.5E-02));
#9283 = DIRECTION('',(-0.,-0.,-1.));
#9284 = DIRECTION('',(-1.671865260612E-14,-1.,0.));
#9285 = ADVANCED_FACE('',(#9286),#9297,.F.);
#9286 = FACE_BOUND('',#9287,.T.);
#9287 = EDGE_LOOP('',(#9288,#9289,#9295,#9296));
#9288 = ORIENTED_EDGE('',*,*,#7566,.T.);
#9289 = ORIENTED_EDGE('',*,*,#9290,.T.);
#9290 = EDGE_CURVE('',#7567,#8371,#9291,.T.);
#9291 = LINE('',#9292,#9293);
#9292 = CARTESIAN_POINT('',(115.87,-93.3145,-4.5E-02));
#9293 = VECTOR('',#9294,1.);
#9294 = DIRECTION('',(0.,0.,1.));
#9295 = ORIENTED_EDGE('',*,*,#8370,.F.);
#9296 = ORIENTED_EDGE('',*,*,#9290,.F.);
#9297 = CYLINDRICAL_SURFACE('',#9298,0.4445);
#9298 = AXIS2_PLACEMENT_3D('',#9299,#9300,#9301);
#9299 = CARTESIAN_POINT('',(115.87,-92.87,-4.5E-02));
#9300 = DIRECTION('',(-0.,-0.,-1.));
#9301 = DIRECTION('',(-0.,-1.,0.));
#9302 = ADVANCED_FACE('',(#9303),#9314,.F.);
#9303 = FACE_BOUND('',#9304,.T.);
#9304 = EDGE_LOOP('',(#9305,#9306,#9312,#9313));
#9305 = ORIENTED_EDGE('',*,*,#7577,.T.);
#9306 = ORIENTED_EDGE('',*,*,#9307,.T.);
#9307 = EDGE_CURVE('',#7578,#8382,#9308,.T.);
#9308 = LINE('',#9309,#9310);
#9309 = CARTESIAN_POINT('',(113.33,-93.3145,-4.5E-02));
#9310 = VECTOR('',#9311,1.);
#9311 = DIRECTION('',(0.,0.,1.));
#9312 = ORIENTED_EDGE('',*,*,#8381,.F.);
#9313 = ORIENTED_EDGE('',*,*,#9307,.F.);
#9314 = CYLINDRICAL_SURFACE('',#9315,0.4445);
#9315 = AXIS2_PLACEMENT_3D('',#9316,#9317,#9318);
#9316 = CARTESIAN_POINT('',(113.33,-92.87,-4.5E-02));
#9317 = DIRECTION('',(-0.,-0.,-1.));
#9318 = DIRECTION('',(-0.,-1.,0.));
#9319 = ADVANCED_FACE('',(#9320),#9331,.F.);
#9320 = FACE_BOUND('',#9321,.T.);
#9321 = EDGE_LOOP('',(#9322,#9323,#9329,#9330));
#9322 = ORIENTED_EDGE('',*,*,#7588,.T.);
#9323 = ORIENTED_EDGE('',*,*,#9324,.T.);
#9324 = EDGE_CURVE('',#7589,#8393,#9325,.T.);
#9325 = LINE('',#9326,#9327);
#9326 = CARTESIAN_POINT('',(110.79,-93.3145,-4.5E-02));
#9327 = VECTOR('',#9328,1.);
#9328 = DIRECTION('',(0.,0.,1.));
#9329 = ORIENTED_EDGE('',*,*,#8392,.F.);
#9330 = ORIENTED_EDGE('',*,*,#9324,.F.);
#9331 = CYLINDRICAL_SURFACE('',#9332,0.4445);
#9332 = AXIS2_PLACEMENT_3D('',#9333,#9334,#9335);
#9333 = CARTESIAN_POINT('',(110.79,-92.87,-4.5E-02));
#9334 = DIRECTION('',(-0.,0.,-1.));
#9335 = DIRECTION('',(3.197042680585E-14,-1.,-0.));
#9336 = ADVANCED_FACE('',(#9337),#9348,.F.);
#9337 = FACE_BOUND('',#9338,.T.);
#9338 = EDGE_LOOP('',(#9339,#9340,#9346,#9347));
#9339 = ORIENTED_EDGE('',*,*,#7599,.T.);
#9340 = ORIENTED_EDGE('',*,*,#9341,.T.);
#9341 = EDGE_CURVE('',#7600,#8404,#9342,.T.);
#9342 = LINE('',#9343,#9344);
#9343 = CARTESIAN_POINT('',(108.25,-93.3145,-4.5E-02));
#9344 = VECTOR('',#9345,1.);
#9345 = DIRECTION('',(0.,0.,1.));
#9346 = ORIENTED_EDGE('',*,*,#8403,.F.);
#9347 = ORIENTED_EDGE('',*,*,#9341,.F.);
#9348 = CYLINDRICAL_SURFACE('',#9349,0.4445);
#9349 = AXIS2_PLACEMENT_3D('',#9350,#9351,#9352);
#9350 = CARTESIAN_POINT('',(108.25,-92.87,-4.5E-02));
#9351 = DIRECTION('',(-0.,-0.,-1.));
#9352 = DIRECTION('',(-0.,-1.,0.));
#9353 = ADVANCED_FACE('',(#9354),#9365,.F.);
#9354 = FACE_BOUND('',#9355,.T.);
#9355 = EDGE_LOOP('',(#9356,#9357,#9363,#9364));
#9356 = ORIENTED_EDGE('',*,*,#7610,.T.);
#9357 = ORIENTED_EDGE('',*,*,#9358,.T.);
#9358 = EDGE_CURVE('',#7611,#8415,#9359,.T.);
#9359 = LINE('',#9360,#9361);
#9360 = CARTESIAN_POINT('',(105.71,-93.3145,-4.5E-02));
#9361 = VECTOR('',#9362,1.);
#9362 = DIRECTION('',(0.,0.,1.));
#9363 = ORIENTED_EDGE('',*,*,#8414,.F.);
#9364 = ORIENTED_EDGE('',*,*,#9358,.F.);
#9365 = CYLINDRICAL_SURFACE('',#9366,0.4445);
#9366 = AXIS2_PLACEMENT_3D('',#9367,#9368,#9369);
#9367 = CARTESIAN_POINT('',(105.71,-92.87,-4.5E-02));
#9368 = DIRECTION('',(-0.,-0.,-1.));
#9369 = DIRECTION('',(-3.197042680586E-14,-1.,0.));
#9370 = ADVANCED_FACE('',(#9371),#9382,.F.);
#9371 = FACE_BOUND('',#9372,.T.);
#9372 = EDGE_LOOP('',(#9373,#9374,#9380,#9381));
#9373 = ORIENTED_EDGE('',*,*,#7621,.T.);
#9374 = ORIENTED_EDGE('',*,*,#9375,.T.);
#9375 = EDGE_CURVE('',#7622,#8426,#9376,.T.);
#9376 = LINE('',#9377,#9378);
#9377 = CARTESIAN_POINT('',(103.17,-93.3145,-4.5E-02));
#9378 = VECTOR('',#9379,1.);
#9379 = DIRECTION('',(0.,0.,1.));
#9380 = ORIENTED_EDGE('',*,*,#8425,.F.);
#9381 = ORIENTED_EDGE('',*,*,#9375,.F.);
#9382 = CYLINDRICAL_SURFACE('',#9383,0.4445);
#9383 = AXIS2_PLACEMENT_3D('',#9384,#9385,#9386);
#9384 = CARTESIAN_POINT('',(103.17,-92.87,-4.5E-02));
#9385 = DIRECTION('',(-0.,-0.,-1.));
#9386 = DIRECTION('',(-0.,-1.,0.));
#9387 = ADVANCED_FACE('',(#9388),#9399,.F.);
#9388 = FACE_BOUND('',#9389,.T.);
#9389 = EDGE_LOOP('',(#9390,#9391,#9397,#9398));
#9390 = ORIENTED_EDGE('',*,*,#7632,.T.);
#9391 = ORIENTED_EDGE('',*,*,#9392,.T.);
#9392 = EDGE_CURVE('',#7633,#8437,#9393,.T.);
#9393 = LINE('',#9394,#9395);
#9394 = CARTESIAN_POINT('',(100.63,-93.3145,-4.5E-02));
#9395 = VECTOR('',#9396,1.);
#9396 = DIRECTION('',(0.,0.,1.));
#9397 = ORIENTED_EDGE('',*,*,#8436,.F.);
#9398 = ORIENTED_EDGE('',*,*,#9392,.F.);
#9399 = CYLINDRICAL_SURFACE('',#9400,0.4445);
#9400 = AXIS2_PLACEMENT_3D('',#9401,#9402,#9403);
#9401 = CARTESIAN_POINT('',(100.63,-92.87,-4.5E-02));
#9402 = DIRECTION('',(-0.,-0.,-1.));
#9403 = DIRECTION('',(-0.,-1.,0.));
#9404 = ADVANCED_FACE('',(#9405),#9416,.F.);
#9405 = FACE_BOUND('',#9406,.T.);
#9406 = EDGE_LOOP('',(#9407,#9408,#9414,#9415));
#9407 = ORIENTED_EDGE('',*,*,#7643,.T.);
#9408 = ORIENTED_EDGE('',*,*,#9409,.T.);
#9409 = EDGE_CURVE('',#7644,#8448,#9410,.T.);
#9410 = LINE('',#9411,#9412);
#9411 = CARTESIAN_POINT('',(130.2,-82.9,-4.5E-02));
#9412 = VECTOR('',#9413,1.);
#9413 = DIRECTION('',(0.,0.,1.));
#9414 = ORIENTED_EDGE('',*,*,#8447,.F.);
#9415 = ORIENTED_EDGE('',*,*,#9409,.F.);
#9416 = CYLINDRICAL_SURFACE('',#9417,0.75);
#9417 = AXIS2_PLACEMENT_3D('',#9418,#9419,#9420);
#9418 = CARTESIAN_POINT('',(130.2,-82.15,-4.5E-02));
#9419 = DIRECTION('',(-0.,-0.,-1.));
#9420 = DIRECTION('',(-0.,-1.,0.));
#9421 = ADVANCED_FACE('',(#9422),#9433,.F.);
#9422 = FACE_BOUND('',#9423,.T.);
#9423 = EDGE_LOOP('',(#9424,#9425,#9431,#9432));
#9424 = ORIENTED_EDGE('',*,*,#7654,.T.);
#9425 = ORIENTED_EDGE('',*,*,#9426,.T.);
#9426 = EDGE_CURVE('',#7655,#8459,#9427,.T.);
#9427 = LINE('',#9428,#9429);
#9428 = CARTESIAN_POINT('',(123.85,-85.44,-4.5E-02));
#9429 = VECTOR('',#9430,1.);
#9430 = DIRECTION('',(0.,0.,1.));
#9431 = ORIENTED_EDGE('',*,*,#8458,.F.);
#9432 = ORIENTED_EDGE('',*,*,#9426,.F.);
#9433 = CYLINDRICAL_SURFACE('',#9434,0.75);
#9434 = AXIS2_PLACEMENT_3D('',#9435,#9436,#9437);
#9435 = CARTESIAN_POINT('',(123.85,-84.69,-4.5E-02));
#9436 = DIRECTION('',(-0.,-0.,-1.));
#9437 = DIRECTION('',(-0.,-1.,0.));
#9438 = ADVANCED_FACE('',(#9439),#9450,.F.);
#9439 = FACE_BOUND('',#9440,.T.);
#9440 = EDGE_LOOP('',(#9441,#9442,#9448,#9449));
#9441 = ORIENTED_EDGE('',*,*,#7665,.T.);
#9442 = ORIENTED_EDGE('',*,*,#9443,.T.);
#9443 = EDGE_CURVE('',#7666,#8470,#9444,.T.);
#9444 = LINE('',#9445,#9446);
#9445 = CARTESIAN_POINT('',(115.87,-78.0745,-4.5E-02));
#9446 = VECTOR('',#9447,1.);
#9447 = DIRECTION('',(0.,0.,1.));
#9448 = ORIENTED_EDGE('',*,*,#8469,.F.);
#9449 = ORIENTED_EDGE('',*,*,#9443,.F.);
#9450 = CYLINDRICAL_SURFACE('',#9451,0.4445);
#9451 = AXIS2_PLACEMENT_3D('',#9452,#9453,#9454);
#9452 = CARTESIAN_POINT('',(115.87,-77.63,-4.5E-02));
#9453 = DIRECTION('',(-0.,-0.,-1.));
#9454 = DIRECTION('',(-0.,-1.,0.));
#9455 = ADVANCED_FACE('',(#9456),#9467,.F.);
#9456 = FACE_BOUND('',#9457,.T.);
#9457 = EDGE_LOOP('',(#9458,#9459,#9465,#9466));
#9458 = ORIENTED_EDGE('',*,*,#7676,.T.);
#9459 = ORIENTED_EDGE('',*,*,#9460,.T.);
#9460 = EDGE_CURVE('',#7677,#8481,#9461,.T.);
#9461 = LINE('',#9462,#9463);
#9462 = CARTESIAN_POINT('',(113.33,-78.0745,-4.5E-02));
#9463 = VECTOR('',#9464,1.);
#9464 = DIRECTION('',(0.,0.,1.));
#9465 = ORIENTED_EDGE('',*,*,#8480,.F.);
#9466 = ORIENTED_EDGE('',*,*,#9460,.F.);
#9467 = CYLINDRICAL_SURFACE('',#9468,0.4445);
#9468 = AXIS2_PLACEMENT_3D('',#9469,#9470,#9471);
#9469 = CARTESIAN_POINT('',(113.33,-77.63,-4.5E-02));
#9470 = DIRECTION('',(-0.,-0.,-1.));
#9471 = DIRECTION('',(-0.,-1.,0.));
#9472 = ADVANCED_FACE('',(#9473),#9484,.F.);
#9473 = FACE_BOUND('',#9474,.T.);
#9474 = EDGE_LOOP('',(#9475,#9476,#9482,#9483));
#9475 = ORIENTED_EDGE('',*,*,#7687,.T.);
#9476 = ORIENTED_EDGE('',*,*,#9477,.T.);
#9477 = EDGE_CURVE('',#7688,#8492,#9478,.T.);
#9478 = LINE('',#9479,#9480);
#9479 = CARTESIAN_POINT('',(110.79,-78.0745,-4.5E-02));
#9480 = VECTOR('',#9481,1.);
#9481 = DIRECTION('',(0.,0.,1.));
#9482 = ORIENTED_EDGE('',*,*,#8491,.F.);
#9483 = ORIENTED_EDGE('',*,*,#9477,.F.);
#9484 = CYLINDRICAL_SURFACE('',#9485,0.4445);
#9485 = AXIS2_PLACEMENT_3D('',#9486,#9487,#9488);
#9486 = CARTESIAN_POINT('',(110.79,-77.63,-4.5E-02));
#9487 = DIRECTION('',(-0.,0.,-1.));
#9488 = DIRECTION('',(3.197042680585E-14,-1.,-0.));
#9489 = ADVANCED_FACE('',(#9490),#9501,.F.);
#9490 = FACE_BOUND('',#9491,.T.);
#9491 = EDGE_LOOP('',(#9492,#9493,#9499,#9500));
#9492 = ORIENTED_EDGE('',*,*,#7698,.T.);
#9493 = ORIENTED_EDGE('',*,*,#9494,.T.);
#9494 = EDGE_CURVE('',#7699,#8503,#9495,.T.);
#9495 = LINE('',#9496,#9497);
#9496 = CARTESIAN_POINT('',(108.25,-78.0745,-4.5E-02));
#9497 = VECTOR('',#9498,1.);
#9498 = DIRECTION('',(0.,0.,1.));
#9499 = ORIENTED_EDGE('',*,*,#8502,.F.);
#9500 = ORIENTED_EDGE('',*,*,#9494,.F.);
#9501 = CYLINDRICAL_SURFACE('',#9502,0.4445);
#9502 = AXIS2_PLACEMENT_3D('',#9503,#9504,#9505);
#9503 = CARTESIAN_POINT('',(108.25,-77.63,-4.5E-02));
#9504 = DIRECTION('',(-0.,-0.,-1.));
#9505 = DIRECTION('',(-0.,-1.,0.));
#9506 = ADVANCED_FACE('',(#9507),#9518,.F.);
#9507 = FACE_BOUND('',#9508,.T.);
#9508 = EDGE_LOOP('',(#9509,#9510,#9516,#9517));
#9509 = ORIENTED_EDGE('',*,*,#7709,.T.);
#9510 = ORIENTED_EDGE('',*,*,#9511,.T.);
#9511 = EDGE_CURVE('',#7710,#8514,#9512,.T.);
#9512 = LINE('',#9513,#9514);
#9513 = CARTESIAN_POINT('',(105.71,-78.0745,-4.5E-02));
#9514 = VECTOR('',#9515,1.);
#9515 = DIRECTION('',(0.,0.,1.));
#9516 = ORIENTED_EDGE('',*,*,#8513,.F.);
#9517 = ORIENTED_EDGE('',*,*,#9511,.F.);
#9518 = CYLINDRICAL_SURFACE('',#9519,0.4445);
#9519 = AXIS2_PLACEMENT_3D('',#9520,#9521,#9522);
#9520 = CARTESIAN_POINT('',(105.71,-77.63,-4.5E-02));
#9521 = DIRECTION('',(-0.,-0.,-1.));
#9522 = DIRECTION('',(-3.197042680585E-14,-1.,0.));
#9523 = ADVANCED_FACE('',(#9524),#9535,.F.);
#9524 = FACE_BOUND('',#9525,.T.);
#9525 = EDGE_LOOP('',(#9526,#9527,#9533,#9534));
#9526 = ORIENTED_EDGE('',*,*,#7720,.T.);
#9527 = ORIENTED_EDGE('',*,*,#9528,.T.);
#9528 = EDGE_CURVE('',#7721,#8525,#9529,.T.);
#9529 = LINE('',#9530,#9531);
#9530 = CARTESIAN_POINT('',(103.17,-78.0745,-4.5E-02));
#9531 = VECTOR('',#9532,1.);
#9532 = DIRECTION('',(0.,0.,1.));
#9533 = ORIENTED_EDGE('',*,*,#8524,.F.);
#9534 = ORIENTED_EDGE('',*,*,#9528,.F.);
#9535 = CYLINDRICAL_SURFACE('',#9536,0.4445);
#9536 = AXIS2_PLACEMENT_3D('',#9537,#9538,#9539);
#9537 = CARTESIAN_POINT('',(103.17,-77.63,-4.5E-02));
#9538 = DIRECTION('',(-0.,-0.,-1.));
#9539 = DIRECTION('',(-0.,-1.,0.));
#9540 = ADVANCED_FACE('',(#9541),#9552,.F.);
#9541 = FACE_BOUND('',#9542,.T.);
#9542 = EDGE_LOOP('',(#9543,#9544,#9550,#9551));
#9543 = ORIENTED_EDGE('',*,*,#7731,.T.);
#9544 = ORIENTED_EDGE('',*,*,#9545,.T.);
#9545 = EDGE_CURVE('',#7732,#8536,#9546,.T.);
#9546 = LINE('',#9547,#9548);
#9547 = CARTESIAN_POINT('',(100.63,-78.0745,-4.5E-02));
#9548 = VECTOR('',#9549,1.);
#9549 = DIRECTION('',(0.,0.,1.));
#9550 = ORIENTED_EDGE('',*,*,#8535,.F.);
#9551 = ORIENTED_EDGE('',*,*,#9545,.F.);
#9552 = CYLINDRICAL_SURFACE('',#9553,0.4445);
#9553 = AXIS2_PLACEMENT_3D('',#9554,#9555,#9556);
#9554 = CARTESIAN_POINT('',(100.63,-77.63,-4.5E-02));
#9555 = DIRECTION('',(-0.,-0.,-1.));
#9556 = DIRECTION('',(-0.,-1.,0.));
#9557 = ADVANCED_FACE('',(#9558),#9569,.F.);
#9558 = FACE_BOUND('',#9559,.T.);
#9559 = EDGE_LOOP('',(#9560,#9561,#9567,#9568));
#9560 = ORIENTED_EDGE('',*,*,#7742,.T.);
#9561 = ORIENTED_EDGE('',*,*,#9562,.T.);
#9562 = EDGE_CURVE('',#7743,#8547,#9563,.T.);
#9563 = LINE('',#9564,#9565);
#9564 = CARTESIAN_POINT('',(162.92,-72.99,-4.5E-02));
#9565 = VECTOR('',#9566,1.);
#9566 = DIRECTION('',(0.,0.,1.));
#9567 = ORIENTED_EDGE('',*,*,#8546,.F.);
#9568 = ORIENTED_EDGE('',*,*,#9562,.F.);
#9569 = CYLINDRICAL_SURFACE('',#9570,0.85);
#9570 = AXIS2_PLACEMENT_3D('',#9571,#9572,#9573);
#9571 = CARTESIAN_POINT('',(162.92,-72.14,-4.5E-02));
#9572 = DIRECTION('',(-0.,-0.,-1.));
#9573 = DIRECTION('',(-3.343730521224E-14,-1.,0.));
#9574 = ADVANCED_FACE('',(#9575),#9586,.F.);
#9575 = FACE_BOUND('',#9576,.T.);
#9576 = EDGE_LOOP('',(#9577,#9578,#9584,#9585));
#9577 = ORIENTED_EDGE('',*,*,#7753,.T.);
#9578 = ORIENTED_EDGE('',*,*,#9579,.T.);
#9579 = EDGE_CURVE('',#7754,#8558,#9580,.T.);
#9580 = LINE('',#9581,#9582);
#9581 = CARTESIAN_POINT('',(157.84,-74.14,-4.5E-02));
#9582 = VECTOR('',#9583,1.);
#9583 = DIRECTION('',(0.,0.,1.));
#9584 = ORIENTED_EDGE('',*,*,#8557,.F.);
#9585 = ORIENTED_EDGE('',*,*,#9579,.F.);
#9586 = CYLINDRICAL_SURFACE('',#9587,2.);
#9587 = AXIS2_PLACEMENT_3D('',#9588,#9589,#9590);
#9588 = CARTESIAN_POINT('',(157.84,-72.14,-4.5E-02));
#9589 = DIRECTION('',(-0.,-0.,-1.));
#9590 = DIRECTION('',(-0.,-1.,0.));
#9591 = ADVANCED_FACE('',(#9592),#9603,.F.);
#9592 = FACE_BOUND('',#9593,.T.);
#9593 = EDGE_LOOP('',(#9594,#9595,#9601,#9602));
#9594 = ORIENTED_EDGE('',*,*,#7764,.T.);
#9595 = ORIENTED_EDGE('',*,*,#9596,.T.);
#9596 = EDGE_CURVE('',#7765,#8569,#9597,.T.);
#9597 = LINE('',#9598,#9599);
#9598 = CARTESIAN_POINT('',(152.76,-72.99,-4.5E-02));
#9599 = VECTOR('',#9600,1.);
#9600 = DIRECTION('',(0.,0.,1.));
#9601 = ORIENTED_EDGE('',*,*,#8568,.F.);
#9602 = ORIENTED_EDGE('',*,*,#9596,.F.);
#9603 = CYLINDRICAL_SURFACE('',#9604,0.85);
#9604 = AXIS2_PLACEMENT_3D('',#9605,#9606,#9607);
#9605 = CARTESIAN_POINT('',(152.76,-72.14,-4.5E-02));
#9606 = DIRECTION('',(-0.,-0.,-1.));
#9607 = DIRECTION('',(-0.,-1.,0.));
#9608 = ADVANCED_FACE('',(#9609),#9620,.F.);
#9609 = FACE_BOUND('',#9610,.T.);
#9610 = EDGE_LOOP('',(#9611,#9612,#9618,#9619));
#9611 = ORIENTED_EDGE('',*,*,#7775,.T.);
#9612 = ORIENTED_EDGE('',*,*,#9613,.T.);
#9613 = EDGE_CURVE('',#7776,#8580,#9614,.T.);
#9614 = LINE('',#9615,#9616);
#9615 = CARTESIAN_POINT('',(154.03,-70.35,-4.5E-02));
#9616 = VECTOR('',#9617,1.);
#9617 = DIRECTION('',(0.,0.,1.));
#9618 = ORIENTED_EDGE('',*,*,#8579,.F.);
#9619 = ORIENTED_EDGE('',*,*,#9613,.F.);
#9620 = CYLINDRICAL_SURFACE('',#9621,0.75);
#9621 = AXIS2_PLACEMENT_3D('',#9622,#9623,#9624);
#9622 = CARTESIAN_POINT('',(154.03,-69.6,-4.5E-02));
#9623 = DIRECTION('',(-0.,-0.,-1.));
#9624 = DIRECTION('',(-0.,-1.,0.));
#9625 = ADVANCED_FACE('',(#9626),#9637,.F.);
#9626 = FACE_BOUND('',#9627,.T.);
#9627 = EDGE_LOOP('',(#9628,#9629,#9635,#9636));
#9628 = ORIENTED_EDGE('',*,*,#7786,.T.);
#9629 = ORIENTED_EDGE('',*,*,#9630,.T.);
#9630 = EDGE_CURVE('',#7787,#8591,#9631,.T.);
#9631 = LINE('',#9632,#9633);
#9632 = CARTESIAN_POINT('',(160.38,-67.81,-4.5E-02));
#9633 = VECTOR('',#9634,1.);
#9634 = DIRECTION('',(0.,0.,1.));
#9635 = ORIENTED_EDGE('',*,*,#8590,.F.);
#9636 = ORIENTED_EDGE('',*,*,#9630,.F.);
#9637 = CYLINDRICAL_SURFACE('',#9638,0.75);
#9638 = AXIS2_PLACEMENT_3D('',#9639,#9640,#9641);
#9639 = CARTESIAN_POINT('',(160.38,-67.06,-4.5E-02));
#9640 = DIRECTION('',(-0.,-0.,-1.));
#9641 = DIRECTION('',(-0.,-1.,0.));
#9642 = ADVANCED_FACE('',(#9643),#9654,.F.);
#9643 = FACE_BOUND('',#9644,.T.);
#9644 = EDGE_LOOP('',(#9645,#9646,#9652,#9653));
#9645 = ORIENTED_EDGE('',*,*,#7797,.T.);
#9646 = ORIENTED_EDGE('',*,*,#9647,.T.);
#9647 = EDGE_CURVE('',#7798,#8602,#9648,.T.);
#9648 = LINE('',#9649,#9650);
#9649 = CARTESIAN_POINT('',(162.83,-62.4,-4.5E-02));
#9650 = VECTOR('',#9651,1.);
#9651 = DIRECTION('',(0.,0.,1.));
#9652 = ORIENTED_EDGE('',*,*,#8601,.F.);
#9653 = ORIENTED_EDGE('',*,*,#9647,.F.);
#9654 = CYLINDRICAL_SURFACE('',#9655,0.4);
#9655 = AXIS2_PLACEMENT_3D('',#9656,#9657,#9658);
#9656 = CARTESIAN_POINT('',(162.83,-62.,-4.5E-02));
#9657 = DIRECTION('',(-0.,0.,-1.));
#9658 = DIRECTION('',(7.105427357601E-14,-1.,-0.));
#9659 = ADVANCED_FACE('',(#9660),#9671,.F.);
#9660 = FACE_BOUND('',#9661,.T.);
#9661 = EDGE_LOOP('',(#9662,#9663,#9669,#9670));
#9662 = ORIENTED_EDGE('',*,*,#7808,.T.);
#9663 = ORIENTED_EDGE('',*,*,#9664,.T.);
#9664 = EDGE_CURVE('',#7809,#8613,#9665,.T.);
#9665 = LINE('',#9666,#9667);
#9666 = CARTESIAN_POINT('',(152.67,-62.4,-4.5E-02));
#9667 = VECTOR('',#9668,1.);
#9668 = DIRECTION('',(0.,0.,1.));
#9669 = ORIENTED_EDGE('',*,*,#8612,.F.);
#9670 = ORIENTED_EDGE('',*,*,#9664,.F.);
#9671 = CYLINDRICAL_SURFACE('',#9672,0.4);
#9672 = AXIS2_PLACEMENT_3D('',#9673,#9674,#9675);
#9673 = CARTESIAN_POINT('',(152.67,-62.,-4.5E-02));
#9674 = DIRECTION('',(-0.,-0.,-1.));
#9675 = DIRECTION('',(-7.105427357601E-14,-1.,0.));
#9676 = ADVANCED_FACE('',(#9677),#9688,.F.);
#9677 = FACE_BOUND('',#9678,.T.);
#9678 = EDGE_LOOP('',(#9679,#9680,#9686,#9687));
#9679 = ORIENTED_EDGE('',*,*,#7819,.T.);
#9680 = ORIENTED_EDGE('',*,*,#9681,.T.);
#9681 = EDGE_CURVE('',#7820,#8624,#9682,.T.);
#9682 = LINE('',#9683,#9684);
#9683 = CARTESIAN_POINT('',(148.08,-62.4,-4.5E-02));
#9684 = VECTOR('',#9685,1.);
#9685 = DIRECTION('',(0.,0.,1.));
#9686 = ORIENTED_EDGE('',*,*,#8623,.F.);
#9687 = ORIENTED_EDGE('',*,*,#9681,.F.);
#9688 = CYLINDRICAL_SURFACE('',#9689,0.4);
#9689 = AXIS2_PLACEMENT_3D('',#9690,#9691,#9692);
#9690 = CARTESIAN_POINT('',(148.08,-62.,-4.5E-02));
#9691 = DIRECTION('',(-0.,0.,-1.));
#9692 = DIRECTION('',(7.105427357601E-14,-1.,-0.));
#9693 = ADVANCED_FACE('',(#9694),#9705,.F.);
#9694 = FACE_BOUND('',#9695,.T.);
#9695 = EDGE_LOOP('',(#9696,#9697,#9703,#9704));
#9696 = ORIENTED_EDGE('',*,*,#7830,.T.);
#9697 = ORIENTED_EDGE('',*,*,#9698,.T.);
#9698 = EDGE_CURVE('',#7831,#8635,#9699,.T.);
#9699 = LINE('',#9700,#9701);
#9700 = CARTESIAN_POINT('',(147.83,-72.99,-4.5E-02));
#9701 = VECTOR('',#9702,1.);
#9702 = DIRECTION('',(0.,0.,1.));
#9703 = ORIENTED_EDGE('',*,*,#8634,.F.);
#9704 = ORIENTED_EDGE('',*,*,#9698,.F.);
#9705 = CYLINDRICAL_SURFACE('',#9706,0.85);
#9706 = AXIS2_PLACEMENT_3D('',#9707,#9708,#9709);
#9707 = CARTESIAN_POINT('',(147.83,-72.14,-4.5E-02));
#9708 = DIRECTION('',(-0.,0.,-1.));
#9709 = DIRECTION('',(3.343730521224E-14,-1.,-0.));
#9710 = ADVANCED_FACE('',(#9711),#9722,.F.);
#9711 = FACE_BOUND('',#9712,.T.);
#9712 = EDGE_LOOP('',(#9713,#9714,#9720,#9721));
#9713 = ORIENTED_EDGE('',*,*,#7841,.T.);
#9714 = ORIENTED_EDGE('',*,*,#9715,.T.);
#9715 = EDGE_CURVE('',#7842,#8646,#9716,.T.);
#9716 = LINE('',#9717,#9718);
#9717 = CARTESIAN_POINT('',(142.75,-74.14,-4.5E-02));
#9718 = VECTOR('',#9719,1.);
#9719 = DIRECTION('',(0.,0.,1.));
#9720 = ORIENTED_EDGE('',*,*,#8645,.F.);
#9721 = ORIENTED_EDGE('',*,*,#9715,.F.);
#9722 = CYLINDRICAL_SURFACE('',#9723,2.);
#9723 = AXIS2_PLACEMENT_3D('',#9724,#9725,#9726);
#9724 = CARTESIAN_POINT('',(142.75,-72.14,-4.5E-02));
#9725 = DIRECTION('',(-0.,-0.,-1.));
#9726 = DIRECTION('',(-0.,-1.,0.));
#9727 = ADVANCED_FACE('',(#9728),#9739,.F.);
#9728 = FACE_BOUND('',#9729,.T.);
#9729 = EDGE_LOOP('',(#9730,#9731,#9737,#9738));
#9730 = ORIENTED_EDGE('',*,*,#7852,.T.);
#9731 = ORIENTED_EDGE('',*,*,#9732,.T.);
#9732 = EDGE_CURVE('',#7853,#8657,#9733,.T.);
#9733 = LINE('',#9734,#9735);
#9734 = CARTESIAN_POINT('',(137.67,-72.99,-4.5E-02));
#9735 = VECTOR('',#9736,1.);
#9736 = DIRECTION('',(0.,0.,1.));
#9737 = ORIENTED_EDGE('',*,*,#8656,.F.);
#9738 = ORIENTED_EDGE('',*,*,#9732,.F.);
#9739 = CYLINDRICAL_SURFACE('',#9740,0.85);
#9740 = AXIS2_PLACEMENT_3D('',#9741,#9742,#9743);
#9741 = CARTESIAN_POINT('',(137.67,-72.14,-4.5E-02));
#9742 = DIRECTION('',(-0.,-0.,-1.));
#9743 = DIRECTION('',(-3.343730521224E-14,-1.,0.));
#9744 = ADVANCED_FACE('',(#9745),#9756,.F.);
#9745 = FACE_BOUND('',#9746,.T.);
#9746 = EDGE_LOOP('',(#9747,#9748,#9754,#9755));
#9747 = ORIENTED_EDGE('',*,*,#7863,.T.);
#9748 = ORIENTED_EDGE('',*,*,#9749,.T.);
#9749 = EDGE_CURVE('',#7864,#8668,#9750,.T.);
#9750 = LINE('',#9751,#9752);
#9751 = CARTESIAN_POINT('',(132.74,-72.99,-4.5E-02));
#9752 = VECTOR('',#9753,1.);
#9753 = DIRECTION('',(0.,0.,1.));
#9754 = ORIENTED_EDGE('',*,*,#8667,.F.);
#9755 = ORIENTED_EDGE('',*,*,#9749,.F.);
#9756 = CYLINDRICAL_SURFACE('',#9757,0.85);
#9757 = AXIS2_PLACEMENT_3D('',#9758,#9759,#9760);
#9758 = CARTESIAN_POINT('',(132.74,-72.14,-4.5E-02));
#9759 = DIRECTION('',(-0.,-0.,-1.));
#9760 = DIRECTION('',(-0.,-1.,0.));
#9761 = ADVANCED_FACE('',(#9762),#9773,.F.);
#9762 = FACE_BOUND('',#9763,.T.);
#9763 = EDGE_LOOP('',(#9764,#9765,#9771,#9772));
#9764 = ORIENTED_EDGE('',*,*,#7874,.T.);
#9765 = ORIENTED_EDGE('',*,*,#9766,.T.);
#9766 = EDGE_CURVE('',#7875,#8679,#9767,.T.);
#9767 = LINE('',#9768,#9769);
#9768 = CARTESIAN_POINT('',(138.94,-70.35,-4.5E-02));
#9769 = VECTOR('',#9770,1.);
#9770 = DIRECTION('',(0.,0.,1.));
#9771 = ORIENTED_EDGE('',*,*,#8678,.F.);
#9772 = ORIENTED_EDGE('',*,*,#9766,.F.);
#9773 = CYLINDRICAL_SURFACE('',#9774,0.75);
#9774 = AXIS2_PLACEMENT_3D('',#9775,#9776,#9777);
#9775 = CARTESIAN_POINT('',(138.94,-69.6,-4.5E-02));
#9776 = DIRECTION('',(-0.,-0.,-1.));
#9777 = DIRECTION('',(-0.,-1.,0.));
#9778 = ADVANCED_FACE('',(#9779),#9790,.F.);
#9779 = FACE_BOUND('',#9780,.T.);
#9780 = EDGE_LOOP('',(#9781,#9782,#9788,#9789));
#9781 = ORIENTED_EDGE('',*,*,#7885,.T.);
#9782 = ORIENTED_EDGE('',*,*,#9783,.T.);
#9783 = EDGE_CURVE('',#7886,#8690,#9784,.T.);
#9784 = LINE('',#9785,#9786);
#9785 = CARTESIAN_POINT('',(145.29,-67.81,-4.5E-02));
#9786 = VECTOR('',#9787,1.);
#9787 = DIRECTION('',(0.,0.,1.));
#9788 = ORIENTED_EDGE('',*,*,#8689,.F.);
#9789 = ORIENTED_EDGE('',*,*,#9783,.F.);
#9790 = CYLINDRICAL_SURFACE('',#9791,0.75);
#9791 = AXIS2_PLACEMENT_3D('',#9792,#9793,#9794);
#9792 = CARTESIAN_POINT('',(145.29,-67.06,-4.5E-02));
#9793 = DIRECTION('',(-0.,-0.,-1.));
#9794 = DIRECTION('',(-0.,-1.,0.));
#9795 = ADVANCED_FACE('',(#9796),#9807,.F.);
#9796 = FACE_BOUND('',#9797,.T.);
#9797 = EDGE_LOOP('',(#9798,#9799,#9805,#9806));
#9798 = ORIENTED_EDGE('',*,*,#7896,.T.);
#9799 = ORIENTED_EDGE('',*,*,#9800,.T.);
#9800 = EDGE_CURVE('',#7897,#8701,#9801,.T.);
#9801 = LINE('',#9802,#9803);
#9802 = CARTESIAN_POINT('',(137.92,-62.4,-4.5E-02));
#9803 = VECTOR('',#9804,1.);
#9804 = DIRECTION('',(0.,0.,1.));
#9805 = ORIENTED_EDGE('',*,*,#8700,.F.);
#9806 = ORIENTED_EDGE('',*,*,#9800,.F.);
#9807 = CYLINDRICAL_SURFACE('',#9808,0.4);
#9808 = AXIS2_PLACEMENT_3D('',#9809,#9810,#9811);
#9809 = CARTESIAN_POINT('',(137.92,-62.,-4.5E-02));
#9810 = DIRECTION('',(-0.,-0.,-1.));
#9811 = DIRECTION('',(-7.105427357601E-14,-1.,0.));
#9812 = ADVANCED_FACE('',(#9813),#9824,.F.);
#9813 = FACE_BOUND('',#9814,.T.);
#9814 = EDGE_LOOP('',(#9815,#9816,#9822,#9823));
#9815 = ORIENTED_EDGE('',*,*,#7907,.T.);
#9816 = ORIENTED_EDGE('',*,*,#9817,.T.);
#9817 = EDGE_CURVE('',#7908,#8712,#9818,.T.);
#9818 = LINE('',#9819,#9820);
#9819 = CARTESIAN_POINT('',(132.525,-58.07,-4.5E-02));
#9820 = VECTOR('',#9821,1.);
#9821 = DIRECTION('',(0.,0.,1.));
#9822 = ORIENTED_EDGE('',*,*,#8711,.F.);
#9823 = ORIENTED_EDGE('',*,*,#9817,.F.);
#9824 = CYLINDRICAL_SURFACE('',#9825,0.5);
#9825 = AXIS2_PLACEMENT_3D('',#9826,#9827,#9828);
#9826 = CARTESIAN_POINT('',(132.525,-57.57,-4.5E-02));
#9827 = DIRECTION('',(-0.,-0.,-1.));
#9828 = DIRECTION('',(-0.,-1.,0.));
#9829 = ADVANCED_FACE('',(#9830),#9841,.F.);
#9830 = FACE_BOUND('',#9831,.T.);
#9831 = EDGE_LOOP('',(#9832,#9833,#9839,#9840));
#9832 = ORIENTED_EDGE('',*,*,#7918,.T.);
#9833 = ORIENTED_EDGE('',*,*,#9834,.T.);
#9834 = EDGE_CURVE('',#7919,#8723,#9835,.T.);
#9835 = LINE('',#9836,#9837);
#9836 = CARTESIAN_POINT('',(132.525,-55.53,-4.5E-02));
#9837 = VECTOR('',#9838,1.);
#9838 = DIRECTION('',(0.,0.,1.));
#9839 = ORIENTED_EDGE('',*,*,#8722,.F.);
#9840 = ORIENTED_EDGE('',*,*,#9834,.F.);
#9841 = CYLINDRICAL_SURFACE('',#9842,0.5);
#9842 = AXIS2_PLACEMENT_3D('',#9843,#9844,#9845);
#9843 = CARTESIAN_POINT('',(132.525,-55.03,-4.5E-02));
#9844 = DIRECTION('',(-0.,-0.,-1.));
#9845 = DIRECTION('',(-0.,-1.,0.));
#9846 = ADVANCED_FACE('',(#9847),#9858,.F.);
#9847 = FACE_BOUND('',#9848,.T.);
#9848 = EDGE_LOOP('',(#9849,#9850,#9856,#9857));
#9849 = ORIENTED_EDGE('',*,*,#7929,.T.);
#9850 = ORIENTED_EDGE('',*,*,#9851,.T.);
#9851 = EDGE_CURVE('',#7930,#8734,#9852,.T.);
#9852 = LINE('',#9853,#9854);
#9853 = CARTESIAN_POINT('',(132.525,-52.99,-4.5E-02));
#9854 = VECTOR('',#9855,1.);
#9855 = DIRECTION('',(0.,0.,1.));
#9856 = ORIENTED_EDGE('',*,*,#8733,.F.);
#9857 = ORIENTED_EDGE('',*,*,#9851,.F.);
#9858 = CYLINDRICAL_SURFACE('',#9859,0.5);
#9859 = AXIS2_PLACEMENT_3D('',#9860,#9861,#9862);
#9860 = CARTESIAN_POINT('',(132.525,-52.49,-4.5E-02));
#9861 = DIRECTION('',(-0.,-0.,-1.));
#9862 = DIRECTION('',(-0.,-1.,0.));
#9863 = ADVANCED_FACE('',(#9864),#9875,.F.);
#9864 = FACE_BOUND('',#9865,.T.);
#9865 = EDGE_LOOP('',(#9866,#9867,#9873,#9874));
#9866 = ORIENTED_EDGE('',*,*,#7940,.T.);
#9867 = ORIENTED_EDGE('',*,*,#9868,.T.);
#9868 = EDGE_CURVE('',#7941,#8745,#9869,.T.);
#9869 = LINE('',#9870,#9871);
#9870 = CARTESIAN_POINT('',(132.525,-50.45,-4.5E-02));
#9871 = VECTOR('',#9872,1.);
#9872 = DIRECTION('',(0.,0.,1.));
#9873 = ORIENTED_EDGE('',*,*,#8744,.F.);
#9874 = ORIENTED_EDGE('',*,*,#9868,.F.);
#9875 = CYLINDRICAL_SURFACE('',#9876,0.5);
#9876 = AXIS2_PLACEMENT_3D('',#9877,#9878,#9879);
#9877 = CARTESIAN_POINT('',(132.525,-49.95,-4.5E-02));
#9878 = DIRECTION('',(-0.,-0.,-1.));
#9879 = DIRECTION('',(-0.,-1.,0.));
#9880 = ADVANCED_FACE('',(#9881),#9892,.F.);
#9881 = FACE_BOUND('',#9882,.T.);
#9882 = EDGE_LOOP('',(#9883,#9884,#9890,#9891));
#9883 = ORIENTED_EDGE('',*,*,#7951,.T.);
#9884 = ORIENTED_EDGE('',*,*,#9885,.T.);
#9885 = EDGE_CURVE('',#7952,#8756,#9886,.T.);
#9886 = LINE('',#9887,#9888);
#9887 = CARTESIAN_POINT('',(127.66,-74.14,-4.5E-02));
#9888 = VECTOR('',#9889,1.);
#9889 = DIRECTION('',(0.,0.,1.));
#9890 = ORIENTED_EDGE('',*,*,#8755,.F.);
#9891 = ORIENTED_EDGE('',*,*,#9885,.F.);
#9892 = CYLINDRICAL_SURFACE('',#9893,2.);
#9893 = AXIS2_PLACEMENT_3D('',#9894,#9895,#9896);
#9894 = CARTESIAN_POINT('',(127.66,-72.14,-4.5E-02));
#9895 = DIRECTION('',(-0.,-0.,-1.));
#9896 = DIRECTION('',(-0.,-1.,0.));
#9897 = ADVANCED_FACE('',(#9898),#9909,.F.);
#9898 = FACE_BOUND('',#9899,.T.);
#9899 = EDGE_LOOP('',(#9900,#9901,#9907,#9908));
#9900 = ORIENTED_EDGE('',*,*,#7962,.T.);
#9901 = ORIENTED_EDGE('',*,*,#9902,.T.);
#9902 = EDGE_CURVE('',#7963,#8767,#9903,.T.);
#9903 = LINE('',#9904,#9905);
#9904 = CARTESIAN_POINT('',(122.58,-72.99,-4.5E-02));
#9905 = VECTOR('',#9906,1.);
#9906 = DIRECTION('',(0.,0.,1.));
#9907 = ORIENTED_EDGE('',*,*,#8766,.F.);
#9908 = ORIENTED_EDGE('',*,*,#9902,.F.);
#9909 = CYLINDRICAL_SURFACE('',#9910,0.85);
#9910 = AXIS2_PLACEMENT_3D('',#9911,#9912,#9913);
#9911 = CARTESIAN_POINT('',(122.58,-72.14,-4.5E-02));
#9912 = DIRECTION('',(-0.,-0.,-1.));
#9913 = DIRECTION('',(-1.671865260612E-14,-1.,0.));
#9914 = ADVANCED_FACE('',(#9915),#9926,.F.);
#9915 = FACE_BOUND('',#9916,.T.);
#9916 = EDGE_LOOP('',(#9917,#9918,#9924,#9925));
#9917 = ORIENTED_EDGE('',*,*,#7973,.T.);
#9918 = ORIENTED_EDGE('',*,*,#9919,.T.);
#9919 = EDGE_CURVE('',#7974,#8778,#9920,.T.);
#9920 = LINE('',#9921,#9922);
#9921 = CARTESIAN_POINT('',(123.85,-70.35,-4.5E-02));
#9922 = VECTOR('',#9923,1.);
#9923 = DIRECTION('',(0.,0.,1.));
#9924 = ORIENTED_EDGE('',*,*,#8777,.F.);
#9925 = ORIENTED_EDGE('',*,*,#9919,.F.);
#9926 = CYLINDRICAL_SURFACE('',#9927,0.75);
#9927 = AXIS2_PLACEMENT_3D('',#9928,#9929,#9930);
#9928 = CARTESIAN_POINT('',(123.85,-69.6,-4.5E-02));
#9929 = DIRECTION('',(-0.,-0.,-1.));
#9930 = DIRECTION('',(-0.,-1.,0.));
#9931 = ADVANCED_FACE('',(#9932),#9943,.F.);
#9932 = FACE_BOUND('',#9933,.T.);
#9933 = EDGE_LOOP('',(#9934,#9935,#9941,#9942));
#9934 = ORIENTED_EDGE('',*,*,#7984,.T.);
#9935 = ORIENTED_EDGE('',*,*,#9936,.T.);
#9936 = EDGE_CURVE('',#7985,#8789,#9937,.T.);
#9937 = LINE('',#9938,#9939);
#9938 = CARTESIAN_POINT('',(130.2,-67.81,-4.5E-02));
#9939 = VECTOR('',#9940,1.);
#9940 = DIRECTION('',(0.,0.,1.));
#9941 = ORIENTED_EDGE('',*,*,#8788,.F.);
#9942 = ORIENTED_EDGE('',*,*,#9936,.F.);
#9943 = CYLINDRICAL_SURFACE('',#9944,0.75);
#9944 = AXIS2_PLACEMENT_3D('',#9945,#9946,#9947);
#9945 = CARTESIAN_POINT('',(130.2,-67.06,-4.5E-02));
#9946 = DIRECTION('',(-0.,-0.,-1.));
#9947 = DIRECTION('',(-0.,-1.,0.));
#9948 = ADVANCED_FACE('',(#9949),#9960,.F.);
#9949 = FACE_BOUND('',#9950,.T.);
#9950 = EDGE_LOOP('',(#9951,#9952,#9958,#9959));
#9951 = ORIENTED_EDGE('',*,*,#7995,.T.);
#9952 = ORIENTED_EDGE('',*,*,#9953,.T.);
#9953 = EDGE_CURVE('',#7996,#8800,#9954,.T.);
#9954 = LINE('',#9955,#9956);
#9955 = CARTESIAN_POINT('',(131.31,-62.4,-4.5E-02));
#9956 = VECTOR('',#9957,1.);
#9957 = DIRECTION('',(0.,0.,1.));
#9958 = ORIENTED_EDGE('',*,*,#8799,.F.);
#9959 = ORIENTED_EDGE('',*,*,#9953,.F.);
#9960 = CYLINDRICAL_SURFACE('',#9961,0.4);
#9961 = AXIS2_PLACEMENT_3D('',#9962,#9963,#9964);
#9962 = CARTESIAN_POINT('',(131.31,-62.,-4.5E-02));
#9963 = DIRECTION('',(-0.,-0.,-1.));
#9964 = DIRECTION('',(-0.,-1.,0.));
#9965 = ADVANCED_FACE('',(#9966),#9977,.F.);
#9966 = FACE_BOUND('',#9967,.T.);
#9967 = EDGE_LOOP('',(#9968,#9969,#9975,#9976));
#9968 = ORIENTED_EDGE('',*,*,#8006,.T.);
#9969 = ORIENTED_EDGE('',*,*,#9970,.T.);
#9970 = EDGE_CURVE('',#8007,#8811,#9971,.T.);
#9971 = LINE('',#9972,#9973);
#9972 = CARTESIAN_POINT('',(123.69,-62.4,-4.5E-02));
#9973 = VECTOR('',#9974,1.);
#9974 = DIRECTION('',(0.,0.,1.));
#9975 = ORIENTED_EDGE('',*,*,#8810,.F.);
#9976 = ORIENTED_EDGE('',*,*,#9970,.F.);
#9977 = CYLINDRICAL_SURFACE('',#9978,0.4);
#9978 = AXIS2_PLACEMENT_3D('',#9979,#9980,#9981);
#9979 = CARTESIAN_POINT('',(123.69,-62.,-4.5E-02));
#9980 = DIRECTION('',(-0.,-0.,-1.));
#9981 = DIRECTION('',(-0.,-1.,0.));
#9982 = ADVANCED_FACE('',(#9983),#9999,.F.);
#9983 = FACE_BOUND('',#9984,.T.);
#9984 = EDGE_LOOP('',(#9985,#9986,#9992,#9993));
#9985 = ORIENTED_EDGE('',*,*,#8017,.T.);
#9986 = ORIENTED_EDGE('',*,*,#9987,.T.);
#9987 = EDGE_CURVE('',#8020,#8824,#9988,.T.);
#9988 = LINE('',#9989,#9990);
#9989 = CARTESIAN_POINT('',(108.35,-70.35,-4.5E-02));
#9990 = VECTOR('',#9991,1.);
#9991 = DIRECTION('',(0.,0.,1.));
#9992 = ORIENTED_EDGE('',*,*,#8821,.F.);
#9993 = ORIENTED_EDGE('',*,*,#9994,.F.);
#9994 = EDGE_CURVE('',#8018,#8822,#9995,.T.);
#9995 = LINE('',#9996,#9997);
#9996 = CARTESIAN_POINT('',(108.35,-71.85,-4.5E-02));
#9997 = VECTOR('',#9998,1.);
#9998 = DIRECTION('',(0.,0.,1.));
#9999 = CYLINDRICAL_SURFACE('',#10000,0.75);
#10000 = AXIS2_PLACEMENT_3D('',#10001,#10002,#10003);
#10001 = CARTESIAN_POINT('',(108.35,-71.1,-4.5E-02));
#10002 = DIRECTION('',(-0.,0.,-1.));
#10003 = DIRECTION('',(0.,1.,0.));
#10004 = ADVANCED_FACE('',(#10005),#10016,.T.);
#10005 = FACE_BOUND('',#10006,.T.);
#10006 = EDGE_LOOP('',(#10007,#10008,#10014,#10015));
#10007 = ORIENTED_EDGE('',*,*,#8045,.F.);
#10008 = ORIENTED_EDGE('',*,*,#10009,.T.);
#10009 = EDGE_CURVE('',#8037,#8841,#10010,.T.);
#10010 = LINE('',#10011,#10012);
#10011 = CARTESIAN_POINT('',(109.65,-70.35,-4.5E-02));
#10012 = VECTOR('',#10013,1.);
#10013 = DIRECTION('',(0.,0.,1.));
#10014 = ORIENTED_EDGE('',*,*,#8849,.T.);
#10015 = ORIENTED_EDGE('',*,*,#9987,.F.);
#10016 = PLANE('',#10017);
#10017 = AXIS2_PLACEMENT_3D('',#10018,#10019,#10020);
#10018 = CARTESIAN_POINT('',(109.65,-70.35,-4.5E-02));
#10019 = DIRECTION('',(0.,-1.,0.));
#10020 = DIRECTION('',(-1.,0.,0.));
#10021 = ADVANCED_FACE('',(#10022),#10033,.F.);
#10022 = FACE_BOUND('',#10023,.T.);
#10023 = EDGE_LOOP('',(#10024,#10025,#10031,#10032));
#10024 = ORIENTED_EDGE('',*,*,#8036,.T.);
#10025 = ORIENTED_EDGE('',*,*,#10026,.T.);
#10026 = EDGE_CURVE('',#8029,#8833,#10027,.T.);
#10027 = LINE('',#10028,#10029);
#10028 = CARTESIAN_POINT('',(109.65,-71.85,-4.5E-02));
#10029 = VECTOR('',#10030,1.);
#10030 = DIRECTION('',(0.,0.,1.));
#10031 = ORIENTED_EDGE('',*,*,#8840,.F.);
#10032 = ORIENTED_EDGE('',*,*,#10009,.F.);
#10033 = CYLINDRICAL_SURFACE('',#10034,0.75);
#10034 = AXIS2_PLACEMENT_3D('',#10035,#10036,#10037);
#10035 = CARTESIAN_POINT('',(109.65,-71.1,-4.5E-02));
#10036 = DIRECTION('',(-0.,-0.,-1.));
#10037 = DIRECTION('',(-0.,-1.,0.));
#10038 = ADVANCED_FACE('',(#10039),#10045,.T.);
#10039 = FACE_BOUND('',#10040,.T.);
#10040 = EDGE_LOOP('',(#10041,#10042,#10043,#10044));
#10041 = ORIENTED_EDGE('',*,*,#8028,.F.);
#10042 = ORIENTED_EDGE('',*,*,#9994,.T.);
#10043 = ORIENTED_EDGE('',*,*,#8832,.T.);
#10044 = ORIENTED_EDGE('',*,*,#10026,.F.);
#10045 = PLANE('',#10046);
#10046 = AXIS2_PLACEMENT_3D('',#10047,#10048,#10049);
#10047 = CARTESIAN_POINT('',(108.35,-71.85,-4.5E-02));
#10048 = DIRECTION('',(0.,1.,0.));
#10049 = DIRECTION('',(1.,0.,0.));
#10050 = ADVANCED_FACE('',(#10051),#10062,.F.);
#10051 = FACE_BOUND('',#10052,.T.);
#10052 = EDGE_LOOP('',(#10053,#10054,#10060,#10061));
#10053 = ORIENTED_EDGE('',*,*,#8053,.T.);
#10054 = ORIENTED_EDGE('',*,*,#10055,.T.);
#10055 = EDGE_CURVE('',#8054,#8858,#10056,.T.);
#10056 = LINE('',#10057,#10058);
#10057 = CARTESIAN_POINT('',(116.,-68.5,-4.5E-02));
#10058 = VECTOR('',#10059,1.);
#10059 = DIRECTION('',(0.,0.,1.));
#10060 = ORIENTED_EDGE('',*,*,#8857,.F.);
#10061 = ORIENTED_EDGE('',*,*,#10055,.F.);
#10062 = CYLINDRICAL_SURFACE('',#10063,0.5);
#10063 = AXIS2_PLACEMENT_3D('',#10064,#10065,#10066);
#10064 = CARTESIAN_POINT('',(116.,-68.,-4.5E-02));
#10065 = DIRECTION('',(-0.,-0.,-1.));
#10066 = DIRECTION('',(-0.,-1.,0.));
#10067 = ADVANCED_FACE('',(#10068),#10079,.F.);
#10068 = FACE_BOUND('',#10069,.T.);
#10069 = EDGE_LOOP('',(#10070,#10071,#10077,#10078));
#10070 = ORIENTED_EDGE('',*,*,#8064,.T.);
#10071 = ORIENTED_EDGE('',*,*,#10072,.T.);
#10072 = EDGE_CURVE('',#8065,#8869,#10073,.T.);
#10073 = LINE('',#10074,#10075);
#10074 = CARTESIAN_POINT('',(101.5,-68.5,-4.5E-02));
#10075 = VECTOR('',#10076,1.);
#10076 = DIRECTION('',(0.,0.,1.));
#10077 = ORIENTED_EDGE('',*,*,#8868,.F.);
#10078 = ORIENTED_EDGE('',*,*,#10072,.F.);
#10079 = CYLINDRICAL_SURFACE('',#10080,0.5);
#10080 = AXIS2_PLACEMENT_3D('',#10081,#10082,#10083);
#10081 = CARTESIAN_POINT('',(101.5,-68.,-4.5E-02));
#10082 = DIRECTION('',(-0.,-0.,-1.));
#10083 = DIRECTION('',(-0.,-1.,0.));
#10084 = ADVANCED_FACE('',(#10085),#10096,.F.);
#10085 = FACE_BOUND('',#10086,.T.);
#10086 = EDGE_LOOP('',(#10087,#10088,#10094,#10095));
#10087 = ORIENTED_EDGE('',*,*,#8075,.T.);
#10088 = ORIENTED_EDGE('',*,*,#10089,.T.);
#10089 = EDGE_CURVE('',#8076,#8880,#10090,.T.);
#10090 = LINE('',#10091,#10092);
#10091 = CARTESIAN_POINT('',(116.,-63.5,-4.5E-02));
#10092 = VECTOR('',#10093,1.);
#10093 = DIRECTION('',(0.,0.,1.));
#10094 = ORIENTED_EDGE('',*,*,#8879,.F.);
#10095 = ORIENTED_EDGE('',*,*,#10089,.F.);
#10096 = CYLINDRICAL_SURFACE('',#10097,0.5);
#10097 = AXIS2_PLACEMENT_3D('',#10098,#10099,#10100);
#10098 = CARTESIAN_POINT('',(116.,-63.,-4.5E-02));
#10099 = DIRECTION('',(-0.,-0.,-1.));
#10100 = DIRECTION('',(-0.,-1.,0.));
#10101 = ADVANCED_FACE('',(#10102),#10113,.F.);
#10102 = FACE_BOUND('',#10103,.T.);
#10103 = EDGE_LOOP('',(#10104,#10105,#10111,#10112));
#10104 = ORIENTED_EDGE('',*,*,#8086,.T.);
#10105 = ORIENTED_EDGE('',*,*,#10106,.T.);
#10106 = EDGE_CURVE('',#8087,#8891,#10107,.T.);
#10107 = LINE('',#10108,#10109);
#10108 = CARTESIAN_POINT('',(101.5,-66.,-4.5E-02));
#10109 = VECTOR('',#10110,1.);
#10110 = DIRECTION('',(0.,0.,1.));
#10111 = ORIENTED_EDGE('',*,*,#8890,.F.);
#10112 = ORIENTED_EDGE('',*,*,#10106,.F.);
#10113 = CYLINDRICAL_SURFACE('',#10114,0.5);
#10114 = AXIS2_PLACEMENT_3D('',#10115,#10116,#10117);
#10115 = CARTESIAN_POINT('',(101.5,-65.5,-4.5E-02));
#10116 = DIRECTION('',(-0.,-0.,-1.));
#10117 = DIRECTION('',(-0.,-1.,0.));
#10118 = ADVANCED_FACE('',(#10119),#10130,.F.);
#10119 = FACE_BOUND('',#10120,.T.);
#10120 = EDGE_LOOP('',(#10121,#10122,#10128,#10129));
#10121 = ORIENTED_EDGE('',*,*,#8097,.T.);
#10122 = ORIENTED_EDGE('',*,*,#10123,.T.);
#10123 = EDGE_CURVE('',#8098,#8902,#10124,.T.);
#10124 = LINE('',#10125,#10126);
#10125 = CARTESIAN_POINT('',(101.5,-63.5,-4.5E-02));
#10126 = VECTOR('',#10127,1.);
#10127 = DIRECTION('',(0.,0.,1.));
#10128 = ORIENTED_EDGE('',*,*,#8901,.F.);
#10129 = ORIENTED_EDGE('',*,*,#10123,.F.);
#10130 = CYLINDRICAL_SURFACE('',#10131,0.5);
#10131 = AXIS2_PLACEMENT_3D('',#10132,#10133,#10134);
#10132 = CARTESIAN_POINT('',(101.5,-63.,-4.5E-02));
#10133 = DIRECTION('',(-0.,-0.,-1.));
#10134 = DIRECTION('',(-0.,-1.,0.));
#10135 = ADVANCED_FACE('',(#10136),#10152,.F.);
#10136 = FACE_BOUND('',#10137,.T.);
#10137 = EDGE_LOOP('',(#10138,#10139,#10145,#10146));
#10138 = ORIENTED_EDGE('',*,*,#8108,.T.);
#10139 = ORIENTED_EDGE('',*,*,#10140,.T.);
#10140 = EDGE_CURVE('',#8111,#8915,#10141,.T.);
#10141 = LINE('',#10142,#10143);
#10142 = CARTESIAN_POINT('',(108.35,-59.15,-4.5E-02));
#10143 = VECTOR('',#10144,1.);
#10144 = DIRECTION('',(0.,0.,1.));
#10145 = ORIENTED_EDGE('',*,*,#8912,.F.);
#10146 = ORIENTED_EDGE('',*,*,#10147,.F.);
#10147 = EDGE_CURVE('',#8109,#8913,#10148,.T.);
#10148 = LINE('',#10149,#10150);
#10149 = CARTESIAN_POINT('',(108.35,-60.65,-4.5E-02));
#10150 = VECTOR('',#10151,1.);
#10151 = DIRECTION('',(0.,0.,1.));
#10152 = CYLINDRICAL_SURFACE('',#10153,0.75);
#10153 = AXIS2_PLACEMENT_3D('',#10154,#10155,#10156);
#10154 = CARTESIAN_POINT('',(108.35,-59.9,-4.5E-02));
#10155 = DIRECTION('',(-0.,0.,-1.));
#10156 = DIRECTION('',(0.,1.,0.));
#10157 = ADVANCED_FACE('',(#10158),#10169,.T.);
#10158 = FACE_BOUND('',#10159,.T.);
#10159 = EDGE_LOOP('',(#10160,#10161,#10167,#10168));
#10160 = ORIENTED_EDGE('',*,*,#8136,.F.);
#10161 = ORIENTED_EDGE('',*,*,#10162,.T.);
#10162 = EDGE_CURVE('',#8128,#8932,#10163,.T.);
#10163 = LINE('',#10164,#10165);
#10164 = CARTESIAN_POINT('',(109.65,-59.15,-4.5E-02));
#10165 = VECTOR('',#10166,1.);
#10166 = DIRECTION('',(0.,0.,1.));
#10167 = ORIENTED_EDGE('',*,*,#8940,.T.);
#10168 = ORIENTED_EDGE('',*,*,#10140,.F.);
#10169 = PLANE('',#10170);
#10170 = AXIS2_PLACEMENT_3D('',#10171,#10172,#10173);
#10171 = CARTESIAN_POINT('',(109.65,-59.15,-4.5E-02));
#10172 = DIRECTION('',(0.,-1.,0.));
#10173 = DIRECTION('',(-1.,0.,0.));
#10174 = ADVANCED_FACE('',(#10175),#10186,.F.);
#10175 = FACE_BOUND('',#10176,.T.);
#10176 = EDGE_LOOP('',(#10177,#10178,#10184,#10185));
#10177 = ORIENTED_EDGE('',*,*,#8127,.T.);
#10178 = ORIENTED_EDGE('',*,*,#10179,.T.);
#10179 = EDGE_CURVE('',#8120,#8924,#10180,.T.);
#10180 = LINE('',#10181,#10182);
#10181 = CARTESIAN_POINT('',(109.65,-60.65,-4.5E-02));
#10182 = VECTOR('',#10183,1.);
#10183 = DIRECTION('',(0.,0.,1.));
#10184 = ORIENTED_EDGE('',*,*,#8931,.F.);
#10185 = ORIENTED_EDGE('',*,*,#10162,.F.);
#10186 = CYLINDRICAL_SURFACE('',#10187,0.75);
#10187 = AXIS2_PLACEMENT_3D('',#10188,#10189,#10190);
#10188 = CARTESIAN_POINT('',(109.65,-59.9,-4.5E-02));
#10189 = DIRECTION('',(-0.,-0.,-1.));
#10190 = DIRECTION('',(-0.,-1.,0.));
#10191 = ADVANCED_FACE('',(#10192),#10198,.T.);
#10192 = FACE_BOUND('',#10193,.T.);
#10193 = EDGE_LOOP('',(#10194,#10195,#10196,#10197));
#10194 = ORIENTED_EDGE('',*,*,#8119,.F.);
#10195 = ORIENTED_EDGE('',*,*,#10147,.T.);
#10196 = ORIENTED_EDGE('',*,*,#8923,.T.);
#10197 = ORIENTED_EDGE('',*,*,#10179,.F.);
#10198 = PLANE('',#10199);
#10199 = AXIS2_PLACEMENT_3D('',#10200,#10201,#10202);
#10200 = CARTESIAN_POINT('',(108.35,-60.65,-4.5E-02));
#10201 = DIRECTION('',(0.,1.,0.));
#10202 = DIRECTION('',(1.,0.,0.));
#10203 = ( GEOMETRIC_REPRESENTATION_CONTEXT(3) 
GLOBAL_UNCERTAINTY_ASSIGNED_CONTEXT((#10207)) 
GLOBAL_UNIT_ASSIGNED_CONTEXT((#10204,#10205,#10206)) 
REPRESENTATION_CONTEXT('Context #1',
  '3D Context with UNIT and UNCERTAINTY') );
#10204 = ( LENGTH_UNIT() NAMED_UNIT(*) SI_UNIT(.MILLI.,.METRE.) );
#10205 = ( NAMED_UNIT(*) PLANE_ANGLE_UNIT() SI_UNIT($,.RADIAN.) );
#10206 = ( NAMED_UNIT(*) SI_UNIT($,.STERADIAN.) SOLID_ANGLE_UNIT() );
#10207 = UNCERTAINTY_MEASURE_WITH_UNIT(LENGTH_MEASURE(2.E-05),#10204,
  'distance_accuracy_value','confusion accuracy');
#10208 = CONTEXT_DEPENDENT_SHAPE_REPRESENTATION(#10209,#10211);
#10209 = ( REPRESENTATION_RELATIONSHIP('','',#7237,#10) 
REPRESENTATION_RELATIONSHIP_WITH_TRANSFORMATION(#10210) 
SHAPE_REPRESENTATION_RELATIONSHIP() );
#10210 = ITEM_DEFINED_TRANSFORMATION('','',#11,#59);
#10211 = PRODUCT_DEFINITION_SHAPE('Placement','Placement of an item',
  #10212);
#10212 = NEXT_ASSEMBLY_USAGE_OCCURRENCE('16','=>[0:1:1:10]','',#5,#7232,
  $);
#10213 = PRODUCT_RELATED_PRODUCT_CATEGORY('part',$,(#7234));
#10214 = MECHANICAL_DESIGN_GEOMETRIC_PRESENTATION_REPRESENTATION('',(
    #10215,#10223,#10230,#10237,#10244,#10251,#10258,#10265,#10273,
    #10280,#10287,#10295,#10302,#10309,#10316,#10323),#450);
#10215 = STYLED_ITEM('color',(#10216),#102);
#10216 = PRESENTATION_STYLE_ASSIGNMENT((#10217));
#10217 = SURFACE_STYLE_USAGE(.BOTH.,#10218);
#10218 = SURFACE_SIDE_STYLE('',(#10219));
#10219 = SURFACE_STYLE_FILL_AREA(#10220);
#10220 = FILL_AREA_STYLE('',(#10221));
#10221 = FILL_AREA_STYLE_COLOUR('',#10222);
#10222 = COLOUR_RGB('',0.823999987314,0.819999987296,0.781000009244);
#10223 = STYLED_ITEM('color',(#10224),#135);
#10224 = PRESENTATION_STYLE_ASSIGNMENT((#10225));
#10225 = SURFACE_STYLE_USAGE(.BOTH.,#10226);
#10226 = SURFACE_SIDE_STYLE('',(#10227));
#10227 = SURFACE_STYLE_FILL_AREA(#10228);
#10228 = FILL_AREA_STYLE('',(#10229));
#10229 = FILL_AREA_STYLE_COLOUR('',#10222);
#10230 = STYLED_ITEM('color',(#10231),#161);
#10231 = PRESENTATION_STYLE_ASSIGNMENT((#10232));
#10232 = SURFACE_STYLE_USAGE(.BOTH.,#10233);
#10233 = SURFACE_SIDE_STYLE('',(#10234));
#10234 = SURFACE_STYLE_FILL_AREA(#10235);
#10235 = FILL_AREA_STYLE('',(#10236));
#10236 = FILL_AREA_STYLE_COLOUR('',#10222);
#10237 = STYLED_ITEM('color',(#10238),#186);
#10238 = PRESENTATION_STYLE_ASSIGNMENT((#10239));
#10239 = SURFACE_STYLE_USAGE(.BOTH.,#10240);
#10240 = SURFACE_SIDE_STYLE('',(#10241));
#10241 = SURFACE_STYLE_FILL_AREA(#10242);
#10242 = FILL_AREA_STYLE('',(#10243));
#10243 = FILL_AREA_STYLE_COLOUR('',#10222);
#10244 = STYLED_ITEM('color',(#10245),#212);
#10245 = PRESENTATION_STYLE_ASSIGNMENT((#10246));
#10246 = SURFACE_STYLE_USAGE(.BOTH.,#10247);
#10247 = SURFACE_SIDE_STYLE('',(#10248));
#10248 = SURFACE_STYLE_FILL_AREA(#10249);
#10249 = FILL_AREA_STYLE('',(#10250));
#10250 = FILL_AREA_STYLE_COLOUR('',#10222);
#10251 = STYLED_ITEM('color',(#10252),#237);
#10252 = PRESENTATION_STYLE_ASSIGNMENT((#10253));
#10253 = SURFACE_STYLE_USAGE(.BOTH.,#10254);
#10254 = SURFACE_SIDE_STYLE('',(#10255));
#10255 = SURFACE_STYLE_FILL_AREA(#10256);
#10256 = FILL_AREA_STYLE('',(#10257));
#10257 = FILL_AREA_STYLE_COLOUR('',#10222);
#10258 = STYLED_ITEM('color',(#10259),#246);
#10259 = PRESENTATION_STYLE_ASSIGNMENT((#10260));
#10260 = SURFACE_STYLE_USAGE(.BOTH.,#10261);
#10261 = SURFACE_SIDE_STYLE('',(#10262));
#10262 = SURFACE_STYLE_FILL_AREA(#10263);
#10263 = FILL_AREA_STYLE('',(#10264));
#10264 = FILL_AREA_STYLE_COLOUR('',#10222);
#10265 = STYLED_ITEM('color',(#10266),#257);
#10266 = PRESENTATION_STYLE_ASSIGNMENT((#10267));
#10267 = SURFACE_STYLE_USAGE(.BOTH.,#10268);
#10268 = SURFACE_SIDE_STYLE('',(#10269));
#10269 = SURFACE_STYLE_FILL_AREA(#10270);
#10270 = FILL_AREA_STYLE('',(#10271));
#10271 = FILL_AREA_STYLE_COLOUR('',#10272);
#10272 = COLOUR_RGB('',0.699999984889,9.999999991362E-02,
  5.000000142576E-02);
#10273 = STYLED_ITEM('color',(#10274),#290);
#10274 = PRESENTATION_STYLE_ASSIGNMENT((#10275));
#10275 = SURFACE_STYLE_USAGE(.BOTH.,#10276);
#10276 = SURFACE_SIDE_STYLE('',(#10277));
#10277 = SURFACE_STYLE_FILL_AREA(#10278);
#10278 = FILL_AREA_STYLE('',(#10279));
#10279 = FILL_AREA_STYLE_COLOUR('',#10272);
#10280 = STYLED_ITEM('color',(#10281),#310);
#10281 = PRESENTATION_STYLE_ASSIGNMENT((#10282));
#10282 = SURFACE_STYLE_USAGE(.BOTH.,#10283);
#10283 = SURFACE_SIDE_STYLE('',(#10284));
#10284 = SURFACE_STYLE_FILL_AREA(#10285);
#10285 = FILL_AREA_STYLE('',(#10286));
#10286 = FILL_AREA_STYLE_COLOUR('',#10272);
#10287 = STYLED_ITEM('color',(#10288),#330);
#10288 = PRESENTATION_STYLE_ASSIGNMENT((#10289));
#10289 = SURFACE_STYLE_USAGE(.BOTH.,#10290);
#10290 = SURFACE_SIDE_STYLE('',(#10291));
#10291 = SURFACE_STYLE_FILL_AREA(#10292);
#10292 = FILL_AREA_STYLE('',(#10293));
#10293 = FILL_AREA_STYLE_COLOUR('',#10294);
#10294 = COLOUR_RGB('',0.,0.631244006163,0.748016017657);
#10295 = STYLED_ITEM('color',(#10296),#355);
#10296 = PRESENTATION_STYLE_ASSIGNMENT((#10297));
#10297 = SURFACE_STYLE_USAGE(.BOTH.,#10298);
#10298 = SURFACE_SIDE_STYLE('',(#10299));
#10299 = SURFACE_STYLE_FILL_AREA(#10300);
#10300 = FILL_AREA_STYLE('',(#10301));
#10301 = FILL_AREA_STYLE_COLOUR('',#10294);
#10302 = STYLED_ITEM('color',(#10303),#380);
#10303 = PRESENTATION_STYLE_ASSIGNMENT((#10304));
#10304 = SURFACE_STYLE_USAGE(.BOTH.,#10305);
#10305 = SURFACE_SIDE_STYLE('',(#10306));
#10306 = SURFACE_STYLE_FILL_AREA(#10307);
#10307 = FILL_AREA_STYLE('',(#10308));
#10308 = FILL_AREA_STYLE_COLOUR('',#10294);
#10309 = STYLED_ITEM('color',(#10310),#406);
#10310 = PRESENTATION_STYLE_ASSIGNMENT((#10311));
#10311 = SURFACE_STYLE_USAGE(.BOTH.,#10312);
#10312 = SURFACE_SIDE_STYLE('',(#10313));
#10313 = SURFACE_STYLE_FILL_AREA(#10314);
#10314 = FILL_AREA_STYLE('',(#10315));
#10315 = FILL_AREA_STYLE_COLOUR('',#10294);
#10316 = STYLED_ITEM('color',(#10317),#432);
#10317 = PRESENTATION_STYLE_ASSIGNMENT((#10318));
#10318 = SURFACE_STYLE_USAGE(.BOTH.,#10319);
#10319 = SURFACE_SIDE_STYLE('',(#10320));
#10320 = SURFACE_STYLE_FILL_AREA(#10321);
#10321 = FILL_AREA_STYLE('',(#10322));
#10322 = FILL_AREA_STYLE_COLOUR('',#10294);
#10323 = STYLED_ITEM('color',(#10324),#441);
#10324 = PRESENTATION_STYLE_ASSIGNMENT((#10325));
#10325 = SURFACE_STYLE_USAGE(.BOTH.,#10326);
#10326 = SURFACE_SIDE_STYLE('',(#10327));
#10327 = SURFACE_STYLE_FILL_AREA(#10328);
#10328 = FILL_AREA_STYLE('',(#10329));
#10329 = FILL_AREA_STYLE_COLOUR('',#10294);
#10330 = MECHANICAL_DESIGN_GEOMETRIC_PRESENTATION_REPRESENTATION('',(
    #10331,#10339,#10346,#10353,#10360,#10367,#10374,#10381,#10388,
    #10395,#10402,#10409,#10416,#10423,#10430,#10437,#10444,#10451,
    #10458,#10465,#10472,#10479,#10486,#10493,#10500,#10507,#10514,
    #10522,#10529,#10536,#10543,#10550,#10557,#10564,#10571,#10578,
    #10585,#10592,#10599,#10606,#10613,#10620,#10627,#10634,#10641,
    #10648,#10655,#10662,#10669,#10676,#10683,#10690,#10697,#10704,
    #10711,#10718,#10725,#10732,#10739,#10746,#10753,#10760,#10767,
    #10774,#10781,#10788,#10795,#10802,#10809,#10816,#10823,#10830,
    #10837,#10844,#10851,#10858,#10865,#10872,#10879,#10886,#10893,
    #10900,#10907,#10914,#10921,#10928,#10935,#10942,#10949,#10956,
    #10963,#10970,#10977,#10984,#10991,#10998,#11005,#11012,#11019,
    #11026,#11033,#11040,#11047,#11054,#11061,#11068,#11075,#11082,
    #11089,#11096,#11103,#11110,#11117,#11124,#11131,#11138,#11145,
    #11152,#11159,#11166,#11173,#11180,#11187,#11194,#11201,#11208,
    #11215,#11222,#11229,#11236,#11243,#11250,#11257,#11264),#4890);
#10331 = STYLED_ITEM('color',(#10332),#938);
#10332 = PRESENTATION_STYLE_ASSIGNMENT((#10333));
#10333 = SURFACE_STYLE_USAGE(.BOTH.,#10334);
#10334 = SURFACE_SIDE_STYLE('',(#10335));
#10335 = SURFACE_STYLE_FILL_AREA(#10336);
#10336 = FILL_AREA_STYLE('',(#10337));
#10337 = FILL_AREA_STYLE_COLOUR('',#10338);
#10338 = COLOUR_RGB('',0.147999998088,0.144999993226,0.144999993226);
#10339 = STYLED_ITEM('color',(#10340),#978);
#10340 = PRESENTATION_STYLE_ASSIGNMENT((#10341));
#10341 = SURFACE_STYLE_USAGE(.BOTH.,#10342);
#10342 = SURFACE_SIDE_STYLE('',(#10343));
#10343 = SURFACE_STYLE_FILL_AREA(#10344);
#10344 = FILL_AREA_STYLE('',(#10345));
#10345 = FILL_AREA_STYLE_COLOUR('',#10338);
#10346 = STYLED_ITEM('color',(#10347),#1041);
#10347 = PRESENTATION_STYLE_ASSIGNMENT((#10348));
#10348 = SURFACE_STYLE_USAGE(.BOTH.,#10349);
#10349 = SURFACE_SIDE_STYLE('',(#10350));
#10350 = SURFACE_STYLE_FILL_AREA(#10351);
#10351 = FILL_AREA_STYLE('',(#10352));
#10352 = FILL_AREA_STYLE_COLOUR('',#10338);
#10353 = STYLED_ITEM('color',(#10354),#1104);
#10354 = PRESENTATION_STYLE_ASSIGNMENT((#10355));
#10355 = SURFACE_STYLE_USAGE(.BOTH.,#10356);
#10356 = SURFACE_SIDE_STYLE('',(#10357));
#10357 = SURFACE_STYLE_FILL_AREA(#10358);
#10358 = FILL_AREA_STYLE('',(#10359));
#10359 = FILL_AREA_STYLE_COLOUR('',#10338);
#10360 = STYLED_ITEM('color',(#10361),#1121);
#10361 = PRESENTATION_STYLE_ASSIGNMENT((#10362));
#10362 = SURFACE_STYLE_USAGE(.BOTH.,#10363);
#10363 = SURFACE_SIDE_STYLE('',(#10364));
#10364 = SURFACE_STYLE_FILL_AREA(#10365);
#10365 = FILL_AREA_STYLE('',(#10366));
#10366 = FILL_AREA_STYLE_COLOUR('',#10338);
#10367 = STYLED_ITEM('color',(#10368),#1274);
#10368 = PRESENTATION_STYLE_ASSIGNMENT((#10369));
#10369 = SURFACE_STYLE_USAGE(.BOTH.,#10370);
#10370 = SURFACE_SIDE_STYLE('',(#10371));
#10371 = SURFACE_STYLE_FILL_AREA(#10372);
#10372 = FILL_AREA_STYLE('',(#10373));
#10373 = FILL_AREA_STYLE_COLOUR('',#10338);
#10374 = STYLED_ITEM('color',(#10375),#1296);
#10375 = PRESENTATION_STYLE_ASSIGNMENT((#10376));
#10376 = SURFACE_STYLE_USAGE(.BOTH.,#10377);
#10377 = SURFACE_SIDE_STYLE('',(#10378));
#10378 = SURFACE_STYLE_FILL_AREA(#10379);
#10379 = FILL_AREA_STYLE('',(#10380));
#10380 = FILL_AREA_STYLE_COLOUR('',#10338);
#10381 = STYLED_ITEM('color',(#10382),#1313);
#10382 = PRESENTATION_STYLE_ASSIGNMENT((#10383));
#10383 = SURFACE_STYLE_USAGE(.BOTH.,#10384);
#10384 = SURFACE_SIDE_STYLE('',(#10385));
#10385 = SURFACE_STYLE_FILL_AREA(#10386);
#10386 = FILL_AREA_STYLE('',(#10387));
#10387 = FILL_AREA_STYLE_COLOUR('',#10338);
#10388 = STYLED_ITEM('color',(#10389),#1594);
#10389 = PRESENTATION_STYLE_ASSIGNMENT((#10390));
#10390 = SURFACE_STYLE_USAGE(.BOTH.,#10391);
#10391 = SURFACE_SIDE_STYLE('',(#10392));
#10392 = SURFACE_STYLE_FILL_AREA(#10393);
#10393 = FILL_AREA_STYLE('',(#10394));
#10394 = FILL_AREA_STYLE_COLOUR('',#10338);
#10395 = STYLED_ITEM('color',(#10396),#1606);
#10396 = PRESENTATION_STYLE_ASSIGNMENT((#10397));
#10397 = SURFACE_STYLE_USAGE(.BOTH.,#10398);
#10398 = SURFACE_SIDE_STYLE('',(#10399));
#10399 = SURFACE_STYLE_FILL_AREA(#10400);
#10400 = FILL_AREA_STYLE('',(#10401));
#10401 = FILL_AREA_STYLE_COLOUR('',#10338);
#10402 = STYLED_ITEM('color',(#10403),#1618);
#10403 = PRESENTATION_STYLE_ASSIGNMENT((#10404));
#10404 = SURFACE_STYLE_USAGE(.BOTH.,#10405);
#10405 = SURFACE_SIDE_STYLE('',(#10406));
#10406 = SURFACE_STYLE_FILL_AREA(#10407);
#10407 = FILL_AREA_STYLE('',(#10408));
#10408 = FILL_AREA_STYLE_COLOUR('',#10338);
#10409 = STYLED_ITEM('color',(#10410),#1649);
#10410 = PRESENTATION_STYLE_ASSIGNMENT((#10411));
#10411 = SURFACE_STYLE_USAGE(.BOTH.,#10412);
#10412 = SURFACE_SIDE_STYLE('',(#10413));
#10413 = SURFACE_STYLE_FILL_AREA(#10414);
#10414 = FILL_AREA_STYLE('',(#10415));
#10415 = FILL_AREA_STYLE_COLOUR('',#10338);
#10416 = STYLED_ITEM('color',(#10417),#1673);
#10417 = PRESENTATION_STYLE_ASSIGNMENT((#10418));
#10418 = SURFACE_STYLE_USAGE(.BOTH.,#10419);
#10419 = SURFACE_SIDE_STYLE('',(#10420));
#10420 = SURFACE_STYLE_FILL_AREA(#10421);
#10421 = FILL_AREA_STYLE('',(#10422));
#10422 = FILL_AREA_STYLE_COLOUR('',#10338);
#10423 = STYLED_ITEM('color',(#10424),#1697);
#10424 = PRESENTATION_STYLE_ASSIGNMENT((#10425));
#10425 = SURFACE_STYLE_USAGE(.BOTH.,#10426);
#10426 = SURFACE_SIDE_STYLE('',(#10427));
#10427 = SURFACE_STYLE_FILL_AREA(#10428);
#10428 = FILL_AREA_STYLE('',(#10429));
#10429 = FILL_AREA_STYLE_COLOUR('',#10338);
#10430 = STYLED_ITEM('color',(#10431),#1714);
#10431 = PRESENTATION_STYLE_ASSIGNMENT((#10432));
#10432 = SURFACE_STYLE_USAGE(.BOTH.,#10433);
#10433 = SURFACE_SIDE_STYLE('',(#10434));
#10434 = SURFACE_STYLE_FILL_AREA(#10435);
#10435 = FILL_AREA_STYLE('',(#10436));
#10436 = FILL_AREA_STYLE_COLOUR('',#10338);
#10437 = STYLED_ITEM('color',(#10438),#1745);
#10438 = PRESENTATION_STYLE_ASSIGNMENT((#10439));
#10439 = SURFACE_STYLE_USAGE(.BOTH.,#10440);
#10440 = SURFACE_SIDE_STYLE('',(#10441));
#10441 = SURFACE_STYLE_FILL_AREA(#10442);
#10442 = FILL_AREA_STYLE('',(#10443));
#10443 = FILL_AREA_STYLE_COLOUR('',#10338);
#10444 = STYLED_ITEM('color',(#10445),#1769);
#10445 = PRESENTATION_STYLE_ASSIGNMENT((#10446));
#10446 = SURFACE_STYLE_USAGE(.BOTH.,#10447);
#10447 = SURFACE_SIDE_STYLE('',(#10448));
#10448 = SURFACE_STYLE_FILL_AREA(#10449);
#10449 = FILL_AREA_STYLE('',(#10450));
#10450 = FILL_AREA_STYLE_COLOUR('',#10338);
#10451 = STYLED_ITEM('color',(#10452),#1793);
#10452 = PRESENTATION_STYLE_ASSIGNMENT((#10453));
#10453 = SURFACE_STYLE_USAGE(.BOTH.,#10454);
#10454 = SURFACE_SIDE_STYLE('',(#10455));
#10455 = SURFACE_STYLE_FILL_AREA(#10456);
#10456 = FILL_AREA_STYLE('',(#10457));
#10457 = FILL_AREA_STYLE_COLOUR('',#10338);
#10458 = STYLED_ITEM('color',(#10459),#1810);
#10459 = PRESENTATION_STYLE_ASSIGNMENT((#10460));
#10460 = SURFACE_STYLE_USAGE(.BOTH.,#10461);
#10461 = SURFACE_SIDE_STYLE('',(#10462));
#10462 = SURFACE_STYLE_FILL_AREA(#10463);
#10463 = FILL_AREA_STYLE('',(#10464));
#10464 = FILL_AREA_STYLE_COLOUR('',#10338);
#10465 = STYLED_ITEM('color',(#10466),#1841);
#10466 = PRESENTATION_STYLE_ASSIGNMENT((#10467));
#10467 = SURFACE_STYLE_USAGE(.BOTH.,#10468);
#10468 = SURFACE_SIDE_STYLE('',(#10469));
#10469 = SURFACE_STYLE_FILL_AREA(#10470);
#10470 = FILL_AREA_STYLE('',(#10471));
#10471 = FILL_AREA_STYLE_COLOUR('',#10338);
#10472 = STYLED_ITEM('color',(#10473),#1865);
#10473 = PRESENTATION_STYLE_ASSIGNMENT((#10474));
#10474 = SURFACE_STYLE_USAGE(.BOTH.,#10475);
#10475 = SURFACE_SIDE_STYLE('',(#10476));
#10476 = SURFACE_STYLE_FILL_AREA(#10477);
#10477 = FILL_AREA_STYLE('',(#10478));
#10478 = FILL_AREA_STYLE_COLOUR('',#10338);
#10479 = STYLED_ITEM('color',(#10480),#1889);
#10480 = PRESENTATION_STYLE_ASSIGNMENT((#10481));
#10481 = SURFACE_STYLE_USAGE(.BOTH.,#10482);
#10482 = SURFACE_SIDE_STYLE('',(#10483));
#10483 = SURFACE_STYLE_FILL_AREA(#10484);
#10484 = FILL_AREA_STYLE('',(#10485));
#10485 = FILL_AREA_STYLE_COLOUR('',#10338);
#10486 = STYLED_ITEM('color',(#10487),#1906);
#10487 = PRESENTATION_STYLE_ASSIGNMENT((#10488));
#10488 = SURFACE_STYLE_USAGE(.BOTH.,#10489);
#10489 = SURFACE_SIDE_STYLE('',(#10490));
#10490 = SURFACE_STYLE_FILL_AREA(#10491);
#10491 = FILL_AREA_STYLE('',(#10492));
#10492 = FILL_AREA_STYLE_COLOUR('',#10338);
#10493 = STYLED_ITEM('color',(#10494),#1937);
#10494 = PRESENTATION_STYLE_ASSIGNMENT((#10495));
#10495 = SURFACE_STYLE_USAGE(.BOTH.,#10496);
#10496 = SURFACE_SIDE_STYLE('',(#10497));
#10497 = SURFACE_STYLE_FILL_AREA(#10498);
#10498 = FILL_AREA_STYLE('',(#10499));
#10499 = FILL_AREA_STYLE_COLOUR('',#10338);
#10500 = STYLED_ITEM('color',(#10501),#1961);
#10501 = PRESENTATION_STYLE_ASSIGNMENT((#10502));
#10502 = SURFACE_STYLE_USAGE(.BOTH.,#10503);
#10503 = SURFACE_SIDE_STYLE('',(#10504));
#10504 = SURFACE_STYLE_FILL_AREA(#10505);
#10505 = FILL_AREA_STYLE('',(#10506));
#10506 = FILL_AREA_STYLE_COLOUR('',#10338);
#10507 = STYLED_ITEM('color',(#10508),#1985);
#10508 = PRESENTATION_STYLE_ASSIGNMENT((#10509));
#10509 = SURFACE_STYLE_USAGE(.BOTH.,#10510);
#10510 = SURFACE_SIDE_STYLE('',(#10511));
#10511 = SURFACE_STYLE_FILL_AREA(#10512);
#10512 = FILL_AREA_STYLE('',(#10513));
#10513 = FILL_AREA_STYLE_COLOUR('',#10338);
#10514 = STYLED_ITEM('color',(#10515),#2002);
#10515 = PRESENTATION_STYLE_ASSIGNMENT((#10516));
#10516 = SURFACE_STYLE_USAGE(.BOTH.,#10517);
#10517 = SURFACE_SIDE_STYLE('',(#10518));
#10518 = SURFACE_STYLE_FILL_AREA(#10519);
#10519 = FILL_AREA_STYLE('',(#10520));
#10520 = FILL_AREA_STYLE_COLOUR('',#10521);
#10521 = COLOUR_RGB('',0.859000020776,0.737999965183,0.495999988746);
#10522 = STYLED_ITEM('color',(#10523),#2049);
#10523 = PRESENTATION_STYLE_ASSIGNMENT((#10524));
#10524 = SURFACE_STYLE_USAGE(.BOTH.,#10525);
#10525 = SURFACE_SIDE_STYLE('',(#10526));
#10526 = SURFACE_STYLE_FILL_AREA(#10527);
#10527 = FILL_AREA_STYLE('',(#10528));
#10528 = FILL_AREA_STYLE_COLOUR('',#10521);
#10529 = STYLED_ITEM('color',(#10530),#2066);
#10530 = PRESENTATION_STYLE_ASSIGNMENT((#10531));
#10531 = SURFACE_STYLE_USAGE(.BOTH.,#10532);
#10532 = SURFACE_SIDE_STYLE('',(#10533));
#10533 = SURFACE_STYLE_FILL_AREA(#10534);
#10534 = FILL_AREA_STYLE('',(#10535));
#10535 = FILL_AREA_STYLE_COLOUR('',#10521);
#10536 = STYLED_ITEM('color',(#10537),#2113);
#10537 = PRESENTATION_STYLE_ASSIGNMENT((#10538));
#10538 = SURFACE_STYLE_USAGE(.BOTH.,#10539);
#10539 = SURFACE_SIDE_STYLE('',(#10540));
#10540 = SURFACE_STYLE_FILL_AREA(#10541);
#10541 = FILL_AREA_STYLE('',(#10542));
#10542 = FILL_AREA_STYLE_COLOUR('',#10521);
#10543 = STYLED_ITEM('color',(#10544),#2130);
#10544 = PRESENTATION_STYLE_ASSIGNMENT((#10545));
#10545 = SURFACE_STYLE_USAGE(.BOTH.,#10546);
#10546 = SURFACE_SIDE_STYLE('',(#10547));
#10547 = SURFACE_STYLE_FILL_AREA(#10548);
#10548 = FILL_AREA_STYLE('',(#10549));
#10549 = FILL_AREA_STYLE_COLOUR('',#10521);
#10550 = STYLED_ITEM('color',(#10551),#2177);
#10551 = PRESENTATION_STYLE_ASSIGNMENT((#10552));
#10552 = SURFACE_STYLE_USAGE(.BOTH.,#10553);
#10553 = SURFACE_SIDE_STYLE('',(#10554));
#10554 = SURFACE_STYLE_FILL_AREA(#10555);
#10555 = FILL_AREA_STYLE('',(#10556));
#10556 = FILL_AREA_STYLE_COLOUR('',#10521);
#10557 = STYLED_ITEM('color',(#10558),#2194);
#10558 = PRESENTATION_STYLE_ASSIGNMENT((#10559));
#10559 = SURFACE_STYLE_USAGE(.BOTH.,#10560);
#10560 = SURFACE_SIDE_STYLE('',(#10561));
#10561 = SURFACE_STYLE_FILL_AREA(#10562);
#10562 = FILL_AREA_STYLE('',(#10563));
#10563 = FILL_AREA_STYLE_COLOUR('',#10521);
#10564 = STYLED_ITEM('color',(#10565),#2241);
#10565 = PRESENTATION_STYLE_ASSIGNMENT((#10566));
#10566 = SURFACE_STYLE_USAGE(.BOTH.,#10567);
#10567 = SURFACE_SIDE_STYLE('',(#10568));
#10568 = SURFACE_STYLE_FILL_AREA(#10569);
#10569 = FILL_AREA_STYLE('',(#10570));
#10570 = FILL_AREA_STYLE_COLOUR('',#10521);
#10571 = STYLED_ITEM('color',(#10572),#2258);
#10572 = PRESENTATION_STYLE_ASSIGNMENT((#10573));
#10573 = SURFACE_STYLE_USAGE(.BOTH.,#10574);
#10574 = SURFACE_SIDE_STYLE('',(#10575));
#10575 = SURFACE_STYLE_FILL_AREA(#10576);
#10576 = FILL_AREA_STYLE('',(#10577));
#10577 = FILL_AREA_STYLE_COLOUR('',#10521);
#10578 = STYLED_ITEM('color',(#10579),#2305);
#10579 = PRESENTATION_STYLE_ASSIGNMENT((#10580));
#10580 = SURFACE_STYLE_USAGE(.BOTH.,#10581);
#10581 = SURFACE_SIDE_STYLE('',(#10582));
#10582 = SURFACE_STYLE_FILL_AREA(#10583);
#10583 = FILL_AREA_STYLE('',(#10584));
#10584 = FILL_AREA_STYLE_COLOUR('',#10521);
#10585 = STYLED_ITEM('color',(#10586),#2322);
#10586 = PRESENTATION_STYLE_ASSIGNMENT((#10587));
#10587 = SURFACE_STYLE_USAGE(.BOTH.,#10588);
#10588 = SURFACE_SIDE_STYLE('',(#10589));
#10589 = SURFACE_STYLE_FILL_AREA(#10590);
#10590 = FILL_AREA_STYLE('',(#10591));
#10591 = FILL_AREA_STYLE_COLOUR('',#10521);
#10592 = STYLED_ITEM('color',(#10593),#2369);
#10593 = PRESENTATION_STYLE_ASSIGNMENT((#10594));
#10594 = SURFACE_STYLE_USAGE(.BOTH.,#10595);
#10595 = SURFACE_SIDE_STYLE('',(#10596));
#10596 = SURFACE_STYLE_FILL_AREA(#10597);
#10597 = FILL_AREA_STYLE('',(#10598));
#10598 = FILL_AREA_STYLE_COLOUR('',#10521);
#10599 = STYLED_ITEM('color',(#10600),#2386);
#10600 = PRESENTATION_STYLE_ASSIGNMENT((#10601));
#10601 = SURFACE_STYLE_USAGE(.BOTH.,#10602);
#10602 = SURFACE_SIDE_STYLE('',(#10603));
#10603 = SURFACE_STYLE_FILL_AREA(#10604);
#10604 = FILL_AREA_STYLE('',(#10605));
#10605 = FILL_AREA_STYLE_COLOUR('',#10521);
#10606 = STYLED_ITEM('color',(#10607),#2433);
#10607 = PRESENTATION_STYLE_ASSIGNMENT((#10608));
#10608 = SURFACE_STYLE_USAGE(.BOTH.,#10609);
#10609 = SURFACE_SIDE_STYLE('',(#10610));
#10610 = SURFACE_STYLE_FILL_AREA(#10611);
#10611 = FILL_AREA_STYLE('',(#10612));
#10612 = FILL_AREA_STYLE_COLOUR('',#10521);
#10613 = STYLED_ITEM('color',(#10614),#2450);
#10614 = PRESENTATION_STYLE_ASSIGNMENT((#10615));
#10615 = SURFACE_STYLE_USAGE(.BOTH.,#10616);
#10616 = SURFACE_SIDE_STYLE('',(#10617));
#10617 = SURFACE_STYLE_FILL_AREA(#10618);
#10618 = FILL_AREA_STYLE('',(#10619));
#10619 = FILL_AREA_STYLE_COLOUR('',#10521);
#10620 = STYLED_ITEM('color',(#10621),#2497);
#10621 = PRESENTATION_STYLE_ASSIGNMENT((#10622));
#10622 = SURFACE_STYLE_USAGE(.BOTH.,#10623);
#10623 = SURFACE_SIDE_STYLE('',(#10624));
#10624 = SURFACE_STYLE_FILL_AREA(#10625);
#10625 = FILL_AREA_STYLE('',(#10626));
#10626 = FILL_AREA_STYLE_COLOUR('',#10521);
#10627 = STYLED_ITEM('color',(#10628),#2514);
#10628 = PRESENTATION_STYLE_ASSIGNMENT((#10629));
#10629 = SURFACE_STYLE_USAGE(.BOTH.,#10630);
#10630 = SURFACE_SIDE_STYLE('',(#10631));
#10631 = SURFACE_STYLE_FILL_AREA(#10632);
#10632 = FILL_AREA_STYLE('',(#10633));
#10633 = FILL_AREA_STYLE_COLOUR('',#10338);
#10634 = STYLED_ITEM('color',(#10635),#2545);
#10635 = PRESENTATION_STYLE_ASSIGNMENT((#10636));
#10636 = SURFACE_STYLE_USAGE(.BOTH.,#10637);
#10637 = SURFACE_SIDE_STYLE('',(#10638));
#10638 = SURFACE_STYLE_FILL_AREA(#10639);
#10639 = FILL_AREA_STYLE('',(#10640));
#10640 = FILL_AREA_STYLE_COLOUR('',#10338);
#10641 = STYLED_ITEM('color',(#10642),#2569);
#10642 = PRESENTATION_STYLE_ASSIGNMENT((#10643));
#10643 = SURFACE_STYLE_USAGE(.BOTH.,#10644);
#10644 = SURFACE_SIDE_STYLE('',(#10645));
#10645 = SURFACE_STYLE_FILL_AREA(#10646);
#10646 = FILL_AREA_STYLE('',(#10647));
#10647 = FILL_AREA_STYLE_COLOUR('',#10338);
#10648 = STYLED_ITEM('color',(#10649),#2593);
#10649 = PRESENTATION_STYLE_ASSIGNMENT((#10650));
#10650 = SURFACE_STYLE_USAGE(.BOTH.,#10651);
#10651 = SURFACE_SIDE_STYLE('',(#10652));
#10652 = SURFACE_STYLE_FILL_AREA(#10653);
#10653 = FILL_AREA_STYLE('',(#10654));
#10654 = FILL_AREA_STYLE_COLOUR('',#10338);
#10655 = STYLED_ITEM('color',(#10656),#2610);
#10656 = PRESENTATION_STYLE_ASSIGNMENT((#10657));
#10657 = SURFACE_STYLE_USAGE(.BOTH.,#10658);
#10658 = SURFACE_SIDE_STYLE('',(#10659));
#10659 = SURFACE_STYLE_FILL_AREA(#10660);
#10660 = FILL_AREA_STYLE('',(#10661));
#10661 = FILL_AREA_STYLE_COLOUR('',#10338);
#10662 = STYLED_ITEM('color',(#10663),#2641);
#10663 = PRESENTATION_STYLE_ASSIGNMENT((#10664));
#10664 = SURFACE_STYLE_USAGE(.BOTH.,#10665);
#10665 = SURFACE_SIDE_STYLE('',(#10666));
#10666 = SURFACE_STYLE_FILL_AREA(#10667);
#10667 = FILL_AREA_STYLE('',(#10668));
#10668 = FILL_AREA_STYLE_COLOUR('',#10338);
#10669 = STYLED_ITEM('color',(#10670),#2665);
#10670 = PRESENTATION_STYLE_ASSIGNMENT((#10671));
#10671 = SURFACE_STYLE_USAGE(.BOTH.,#10672);
#10672 = SURFACE_SIDE_STYLE('',(#10673));
#10673 = SURFACE_STYLE_FILL_AREA(#10674);
#10674 = FILL_AREA_STYLE('',(#10675));
#10675 = FILL_AREA_STYLE_COLOUR('',#10338);
#10676 = STYLED_ITEM('color',(#10677),#2689);
#10677 = PRESENTATION_STYLE_ASSIGNMENT((#10678));
#10678 = SURFACE_STYLE_USAGE(.BOTH.,#10679);
#10679 = SURFACE_SIDE_STYLE('',(#10680));
#10680 = SURFACE_STYLE_FILL_AREA(#10681);
#10681 = FILL_AREA_STYLE('',(#10682));
#10682 = FILL_AREA_STYLE_COLOUR('',#10338);
#10683 = STYLED_ITEM('color',(#10684),#2706);
#10684 = PRESENTATION_STYLE_ASSIGNMENT((#10685));
#10685 = SURFACE_STYLE_USAGE(.BOTH.,#10686);
#10686 = SURFACE_SIDE_STYLE('',(#10687));
#10687 = SURFACE_STYLE_FILL_AREA(#10688);
#10688 = FILL_AREA_STYLE('',(#10689));
#10689 = FILL_AREA_STYLE_COLOUR('',#10338);
#10690 = STYLED_ITEM('color',(#10691),#2737);
#10691 = PRESENTATION_STYLE_ASSIGNMENT((#10692));
#10692 = SURFACE_STYLE_USAGE(.BOTH.,#10693);
#10693 = SURFACE_SIDE_STYLE('',(#10694));
#10694 = SURFACE_STYLE_FILL_AREA(#10695);
#10695 = FILL_AREA_STYLE('',(#10696));
#10696 = FILL_AREA_STYLE_COLOUR('',#10338);
#10697 = STYLED_ITEM('color',(#10698),#2761);
#10698 = PRESENTATION_STYLE_ASSIGNMENT((#10699));
#10699 = SURFACE_STYLE_USAGE(.BOTH.,#10700);
#10700 = SURFACE_SIDE_STYLE('',(#10701));
#10701 = SURFACE_STYLE_FILL_AREA(#10702);
#10702 = FILL_AREA_STYLE('',(#10703));
#10703 = FILL_AREA_STYLE_COLOUR('',#10338);
#10704 = STYLED_ITEM('color',(#10705),#2785);
#10705 = PRESENTATION_STYLE_ASSIGNMENT((#10706));
#10706 = SURFACE_STYLE_USAGE(.BOTH.,#10707);
#10707 = SURFACE_SIDE_STYLE('',(#10708));
#10708 = SURFACE_STYLE_FILL_AREA(#10709);
#10709 = FILL_AREA_STYLE('',(#10710));
#10710 = FILL_AREA_STYLE_COLOUR('',#10338);
#10711 = STYLED_ITEM('color',(#10712),#2802);
#10712 = PRESENTATION_STYLE_ASSIGNMENT((#10713));
#10713 = SURFACE_STYLE_USAGE(.BOTH.,#10714);
#10714 = SURFACE_SIDE_STYLE('',(#10715));
#10715 = SURFACE_STYLE_FILL_AREA(#10716);
#10716 = FILL_AREA_STYLE('',(#10717));
#10717 = FILL_AREA_STYLE_COLOUR('',#10338);
#10718 = STYLED_ITEM('color',(#10719),#2833);
#10719 = PRESENTATION_STYLE_ASSIGNMENT((#10720));
#10720 = SURFACE_STYLE_USAGE(.BOTH.,#10721);
#10721 = SURFACE_SIDE_STYLE('',(#10722));
#10722 = SURFACE_STYLE_FILL_AREA(#10723);
#10723 = FILL_AREA_STYLE('',(#10724));
#10724 = FILL_AREA_STYLE_COLOUR('',#10338);
#10725 = STYLED_ITEM('color',(#10726),#2857);
#10726 = PRESENTATION_STYLE_ASSIGNMENT((#10727));
#10727 = SURFACE_STYLE_USAGE(.BOTH.,#10728);
#10728 = SURFACE_SIDE_STYLE('',(#10729));
#10729 = SURFACE_STYLE_FILL_AREA(#10730);
#10730 = FILL_AREA_STYLE('',(#10731));
#10731 = FILL_AREA_STYLE_COLOUR('',#10338);
#10732 = STYLED_ITEM('color',(#10733),#2881);
#10733 = PRESENTATION_STYLE_ASSIGNMENT((#10734));
#10734 = SURFACE_STYLE_USAGE(.BOTH.,#10735);
#10735 = SURFACE_SIDE_STYLE('',(#10736));
#10736 = SURFACE_STYLE_FILL_AREA(#10737);
#10737 = FILL_AREA_STYLE('',(#10738));
#10738 = FILL_AREA_STYLE_COLOUR('',#10338);
#10739 = STYLED_ITEM('color',(#10740),#2898);
#10740 = PRESENTATION_STYLE_ASSIGNMENT((#10741));
#10741 = SURFACE_STYLE_USAGE(.BOTH.,#10742);
#10742 = SURFACE_SIDE_STYLE('',(#10743));
#10743 = SURFACE_STYLE_FILL_AREA(#10744);
#10744 = FILL_AREA_STYLE('',(#10745));
#10745 = FILL_AREA_STYLE_COLOUR('',#10521);
#10746 = STYLED_ITEM('color',(#10747),#2915);
#10747 = PRESENTATION_STYLE_ASSIGNMENT((#10748));
#10748 = SURFACE_STYLE_USAGE(.BOTH.,#10749);
#10749 = SURFACE_SIDE_STYLE('',(#10750));
#10750 = SURFACE_STYLE_FILL_AREA(#10751);
#10751 = FILL_AREA_STYLE('',(#10752));
#10752 = FILL_AREA_STYLE_COLOUR('',#10521);
#10753 = STYLED_ITEM('color',(#10754),#2932);
#10754 = PRESENTATION_STYLE_ASSIGNMENT((#10755));
#10755 = SURFACE_STYLE_USAGE(.BOTH.,#10756);
#10756 = SURFACE_SIDE_STYLE('',(#10757));
#10757 = SURFACE_STYLE_FILL_AREA(#10758);
#10758 = FILL_AREA_STYLE('',(#10759));
#10759 = FILL_AREA_STYLE_COLOUR('',#10521);
#10760 = STYLED_ITEM('color',(#10761),#2949);
#10761 = PRESENTATION_STYLE_ASSIGNMENT((#10762));
#10762 = SURFACE_STYLE_USAGE(.BOTH.,#10763);
#10763 = SURFACE_SIDE_STYLE('',(#10764));
#10764 = SURFACE_STYLE_FILL_AREA(#10765);
#10765 = FILL_AREA_STYLE('',(#10766));
#10766 = FILL_AREA_STYLE_COLOUR('',#10521);
#10767 = STYLED_ITEM('color',(#10768),#2966);
#10768 = PRESENTATION_STYLE_ASSIGNMENT((#10769));
#10769 = SURFACE_STYLE_USAGE(.BOTH.,#10770);
#10770 = SURFACE_SIDE_STYLE('',(#10771));
#10771 = SURFACE_STYLE_FILL_AREA(#10772);
#10772 = FILL_AREA_STYLE('',(#10773));
#10773 = FILL_AREA_STYLE_COLOUR('',#10521);
#10774 = STYLED_ITEM('color',(#10775),#2978);
#10775 = PRESENTATION_STYLE_ASSIGNMENT((#10776));
#10776 = SURFACE_STYLE_USAGE(.BOTH.,#10777);
#10777 = SURFACE_SIDE_STYLE('',(#10778));
#10778 = SURFACE_STYLE_FILL_AREA(#10779);
#10779 = FILL_AREA_STYLE('',(#10780));
#10780 = FILL_AREA_STYLE_COLOUR('',#10521);
#10781 = STYLED_ITEM('color',(#10782),#2995);
#10782 = PRESENTATION_STYLE_ASSIGNMENT((#10783));
#10783 = SURFACE_STYLE_USAGE(.BOTH.,#10784);
#10784 = SURFACE_SIDE_STYLE('',(#10785));
#10785 = SURFACE_STYLE_FILL_AREA(#10786);
#10786 = FILL_AREA_STYLE('',(#10787));
#10787 = FILL_AREA_STYLE_COLOUR('',#10521);
#10788 = STYLED_ITEM('color',(#10789),#3012);
#10789 = PRESENTATION_STYLE_ASSIGNMENT((#10790));
#10790 = SURFACE_STYLE_USAGE(.BOTH.,#10791);
#10791 = SURFACE_SIDE_STYLE('',(#10792));
#10792 = SURFACE_STYLE_FILL_AREA(#10793);
#10793 = FILL_AREA_STYLE('',(#10794));
#10794 = FILL_AREA_STYLE_COLOUR('',#10521);
#10795 = STYLED_ITEM('color',(#10796),#3029);
#10796 = PRESENTATION_STYLE_ASSIGNMENT((#10797));
#10797 = SURFACE_STYLE_USAGE(.BOTH.,#10798);
#10798 = SURFACE_SIDE_STYLE('',(#10799));
#10799 = SURFACE_STYLE_FILL_AREA(#10800);
#10800 = FILL_AREA_STYLE('',(#10801));
#10801 = FILL_AREA_STYLE_COLOUR('',#10521);
#10802 = STYLED_ITEM('color',(#10803),#3046);
#10803 = PRESENTATION_STYLE_ASSIGNMENT((#10804));
#10804 = SURFACE_STYLE_USAGE(.BOTH.,#10805);
#10805 = SURFACE_SIDE_STYLE('',(#10806));
#10806 = SURFACE_STYLE_FILL_AREA(#10807);
#10807 = FILL_AREA_STYLE('',(#10808));
#10808 = FILL_AREA_STYLE_COLOUR('',#10521);
#10809 = STYLED_ITEM('color',(#10810),#3058);
#10810 = PRESENTATION_STYLE_ASSIGNMENT((#10811));
#10811 = SURFACE_STYLE_USAGE(.BOTH.,#10812);
#10812 = SURFACE_SIDE_STYLE('',(#10813));
#10813 = SURFACE_STYLE_FILL_AREA(#10814);
#10814 = FILL_AREA_STYLE('',(#10815));
#10815 = FILL_AREA_STYLE_COLOUR('',#10521);
#10816 = STYLED_ITEM('color',(#10817),#3075);
#10817 = PRESENTATION_STYLE_ASSIGNMENT((#10818));
#10818 = SURFACE_STYLE_USAGE(.BOTH.,#10819);
#10819 = SURFACE_SIDE_STYLE('',(#10820));
#10820 = SURFACE_STYLE_FILL_AREA(#10821);
#10821 = FILL_AREA_STYLE('',(#10822));
#10822 = FILL_AREA_STYLE_COLOUR('',#10521);
#10823 = STYLED_ITEM('color',(#10824),#3092);
#10824 = PRESENTATION_STYLE_ASSIGNMENT((#10825));
#10825 = SURFACE_STYLE_USAGE(.BOTH.,#10826);
#10826 = SURFACE_SIDE_STYLE('',(#10827));
#10827 = SURFACE_STYLE_FILL_AREA(#10828);
#10828 = FILL_AREA_STYLE('',(#10829));
#10829 = FILL_AREA_STYLE_COLOUR('',#10521);
#10830 = STYLED_ITEM('color',(#10831),#3109);
#10831 = PRESENTATION_STYLE_ASSIGNMENT((#10832));
#10832 = SURFACE_STYLE_USAGE(.BOTH.,#10833);
#10833 = SURFACE_SIDE_STYLE('',(#10834));
#10834 = SURFACE_STYLE_FILL_AREA(#10835);
#10835 = FILL_AREA_STYLE('',(#10836));
#10836 = FILL_AREA_STYLE_COLOUR('',#10521);
#10837 = STYLED_ITEM('color',(#10838),#3126);
#10838 = PRESENTATION_STYLE_ASSIGNMENT((#10839));
#10839 = SURFACE_STYLE_USAGE(.BOTH.,#10840);
#10840 = SURFACE_SIDE_STYLE('',(#10841));
#10841 = SURFACE_STYLE_FILL_AREA(#10842);
#10842 = FILL_AREA_STYLE('',(#10843));
#10843 = FILL_AREA_STYLE_COLOUR('',#10521);
#10844 = STYLED_ITEM('color',(#10845),#3138);
#10845 = PRESENTATION_STYLE_ASSIGNMENT((#10846));
#10846 = SURFACE_STYLE_USAGE(.BOTH.,#10847);
#10847 = SURFACE_SIDE_STYLE('',(#10848));
#10848 = SURFACE_STYLE_FILL_AREA(#10849);
#10849 = FILL_AREA_STYLE('',(#10850));
#10850 = FILL_AREA_STYLE_COLOUR('',#10521);
#10851 = STYLED_ITEM('color',(#10852),#3155);
#10852 = PRESENTATION_STYLE_ASSIGNMENT((#10853));
#10853 = SURFACE_STYLE_USAGE(.BOTH.,#10854);
#10854 = SURFACE_SIDE_STYLE('',(#10855));
#10855 = SURFACE_STYLE_FILL_AREA(#10856);
#10856 = FILL_AREA_STYLE('',(#10857));
#10857 = FILL_AREA_STYLE_COLOUR('',#10521);
#10858 = STYLED_ITEM('color',(#10859),#3172);
#10859 = PRESENTATION_STYLE_ASSIGNMENT((#10860));
#10860 = SURFACE_STYLE_USAGE(.BOTH.,#10861);
#10861 = SURFACE_SIDE_STYLE('',(#10862));
#10862 = SURFACE_STYLE_FILL_AREA(#10863);
#10863 = FILL_AREA_STYLE('',(#10864));
#10864 = FILL_AREA_STYLE_COLOUR('',#10521);
#10865 = STYLED_ITEM('color',(#10866),#3189);
#10866 = PRESENTATION_STYLE_ASSIGNMENT((#10867));
#10867 = SURFACE_STYLE_USAGE(.BOTH.,#10868);
#10868 = SURFACE_SIDE_STYLE('',(#10869));
#10869 = SURFACE_STYLE_FILL_AREA(#10870);
#10870 = FILL_AREA_STYLE('',(#10871));
#10871 = FILL_AREA_STYLE_COLOUR('',#10521);
#10872 = STYLED_ITEM('color',(#10873),#3206);
#10873 = PRESENTATION_STYLE_ASSIGNMENT((#10874));
#10874 = SURFACE_STYLE_USAGE(.BOTH.,#10875);
#10875 = SURFACE_SIDE_STYLE('',(#10876));
#10876 = SURFACE_STYLE_FILL_AREA(#10877);
#10877 = FILL_AREA_STYLE('',(#10878));
#10878 = FILL_AREA_STYLE_COLOUR('',#10521);
#10879 = STYLED_ITEM('color',(#10880),#3218);
#10880 = PRESENTATION_STYLE_ASSIGNMENT((#10881));
#10881 = SURFACE_STYLE_USAGE(.BOTH.,#10882);
#10882 = SURFACE_SIDE_STYLE('',(#10883));
#10883 = SURFACE_STYLE_FILL_AREA(#10884);
#10884 = FILL_AREA_STYLE('',(#10885));
#10885 = FILL_AREA_STYLE_COLOUR('',#10338);
#10886 = STYLED_ITEM('color',(#10887),#3264);
#10887 = PRESENTATION_STYLE_ASSIGNMENT((#10888));
#10888 = SURFACE_STYLE_USAGE(.BOTH.,#10889);
#10889 = SURFACE_SIDE_STYLE('',(#10890));
#10890 = SURFACE_STYLE_FILL_AREA(#10891);
#10891 = FILL_AREA_STYLE('',(#10892));
#10892 = FILL_AREA_STYLE_COLOUR('',#10338);
#10893 = STYLED_ITEM('color',(#10894),#3310);
#10894 = PRESENTATION_STYLE_ASSIGNMENT((#10895));
#10895 = SURFACE_STYLE_USAGE(.BOTH.,#10896);
#10896 = SURFACE_SIDE_STYLE('',(#10897));
#10897 = SURFACE_STYLE_FILL_AREA(#10898);
#10898 = FILL_AREA_STYLE('',(#10899));
#10899 = FILL_AREA_STYLE_COLOUR('',#10338);
#10900 = STYLED_ITEM('color',(#10901),#3356);
#10901 = PRESENTATION_STYLE_ASSIGNMENT((#10902));
#10902 = SURFACE_STYLE_USAGE(.BOTH.,#10903);
#10903 = SURFACE_SIDE_STYLE('',(#10904));
#10904 = SURFACE_STYLE_FILL_AREA(#10905);
#10905 = FILL_AREA_STYLE('',(#10906));
#10906 = FILL_AREA_STYLE_COLOUR('',#10338);
#10907 = STYLED_ITEM('color',(#10908),#3402);
#10908 = PRESENTATION_STYLE_ASSIGNMENT((#10909));
#10909 = SURFACE_STYLE_USAGE(.BOTH.,#10910);
#10910 = SURFACE_SIDE_STYLE('',(#10911));
#10911 = SURFACE_STYLE_FILL_AREA(#10912);
#10912 = FILL_AREA_STYLE('',(#10913));
#10913 = FILL_AREA_STYLE_COLOUR('',#10338);
#10914 = STYLED_ITEM('color',(#10915),#3465);
#10915 = PRESENTATION_STYLE_ASSIGNMENT((#10916));
#10916 = SURFACE_STYLE_USAGE(.BOTH.,#10917);
#10917 = SURFACE_SIDE_STYLE('',(#10918));
#10918 = SURFACE_STYLE_FILL_AREA(#10919);
#10919 = FILL_AREA_STYLE('',(#10920));
#10920 = FILL_AREA_STYLE_COLOUR('',#10338);
#10921 = STYLED_ITEM('color',(#10922),#3489);
#10922 = PRESENTATION_STYLE_ASSIGNMENT((#10923));
#10923 = SURFACE_STYLE_USAGE(.BOTH.,#10924);
#10924 = SURFACE_SIDE_STYLE('',(#10925));
#10925 = SURFACE_STYLE_FILL_AREA(#10926);
#10926 = FILL_AREA_STYLE('',(#10927));
#10927 = FILL_AREA_STYLE_COLOUR('',#10338);
#10928 = STYLED_ITEM('color',(#10929),#3545);
#10929 = PRESENTATION_STYLE_ASSIGNMENT((#10930));
#10930 = SURFACE_STYLE_USAGE(.BOTH.,#10931);
#10931 = SURFACE_SIDE_STYLE('',(#10932));
#10932 = SURFACE_STYLE_FILL_AREA(#10933);
#10933 = FILL_AREA_STYLE('',(#10934));
#10934 = FILL_AREA_STYLE_COLOUR('',#10338);
#10935 = STYLED_ITEM('color',(#10936),#3562);
#10936 = PRESENTATION_STYLE_ASSIGNMENT((#10937));
#10937 = SURFACE_STYLE_USAGE(.BOTH.,#10938);
#10938 = SURFACE_SIDE_STYLE('',(#10939));
#10939 = SURFACE_STYLE_FILL_AREA(#10940);
#10940 = FILL_AREA_STYLE('',(#10941));
#10941 = FILL_AREA_STYLE_COLOUR('',#10338);
#10942 = STYLED_ITEM('color',(#10943),#3625);
#10943 = PRESENTATION_STYLE_ASSIGNMENT((#10944));
#10944 = SURFACE_STYLE_USAGE(.BOTH.,#10945);
#10945 = SURFACE_SIDE_STYLE('',(#10946));
#10946 = SURFACE_STYLE_FILL_AREA(#10947);
#10947 = FILL_AREA_STYLE('',(#10948));
#10948 = FILL_AREA_STYLE_COLOUR('',#10338);
#10949 = STYLED_ITEM('color',(#10950),#3649);
#10950 = PRESENTATION_STYLE_ASSIGNMENT((#10951));
#10951 = SURFACE_STYLE_USAGE(.BOTH.,#10952);
#10952 = SURFACE_SIDE_STYLE('',(#10953));
#10953 = SURFACE_STYLE_FILL_AREA(#10954);
#10954 = FILL_AREA_STYLE('',(#10955));
#10955 = FILL_AREA_STYLE_COLOUR('',#10338);
#10956 = STYLED_ITEM('color',(#10957),#3705);
#10957 = PRESENTATION_STYLE_ASSIGNMENT((#10958));
#10958 = SURFACE_STYLE_USAGE(.BOTH.,#10959);
#10959 = SURFACE_SIDE_STYLE('',(#10960));
#10960 = SURFACE_STYLE_FILL_AREA(#10961);
#10961 = FILL_AREA_STYLE('',(#10962));
#10962 = FILL_AREA_STYLE_COLOUR('',#10338);
#10963 = STYLED_ITEM('color',(#10964),#3722);
#10964 = PRESENTATION_STYLE_ASSIGNMENT((#10965));
#10965 = SURFACE_STYLE_USAGE(.BOTH.,#10966);
#10966 = SURFACE_SIDE_STYLE('',(#10967));
#10967 = SURFACE_STYLE_FILL_AREA(#10968);
#10968 = FILL_AREA_STYLE('',(#10969));
#10969 = FILL_AREA_STYLE_COLOUR('',#10338);
#10970 = STYLED_ITEM('color',(#10971),#3785);
#10971 = PRESENTATION_STYLE_ASSIGNMENT((#10972));
#10972 = SURFACE_STYLE_USAGE(.BOTH.,#10973);
#10973 = SURFACE_SIDE_STYLE('',(#10974));
#10974 = SURFACE_STYLE_FILL_AREA(#10975);
#10975 = FILL_AREA_STYLE('',(#10976));
#10976 = FILL_AREA_STYLE_COLOUR('',#10338);
#10977 = STYLED_ITEM('color',(#10978),#3809);
#10978 = PRESENTATION_STYLE_ASSIGNMENT((#10979));
#10979 = SURFACE_STYLE_USAGE(.BOTH.,#10980);
#10980 = SURFACE_SIDE_STYLE('',(#10981));
#10981 = SURFACE_STYLE_FILL_AREA(#10982);
#10982 = FILL_AREA_STYLE('',(#10983));
#10983 = FILL_AREA_STYLE_COLOUR('',#10338);
#10984 = STYLED_ITEM('color',(#10985),#3865);
#10985 = PRESENTATION_STYLE_ASSIGNMENT((#10986));
#10986 = SURFACE_STYLE_USAGE(.BOTH.,#10987);
#10987 = SURFACE_SIDE_STYLE('',(#10988));
#10988 = SURFACE_STYLE_FILL_AREA(#10989);
#10989 = FILL_AREA_STYLE('',(#10990));
#10990 = FILL_AREA_STYLE_COLOUR('',#10338);
#10991 = STYLED_ITEM('color',(#10992),#3882);
#10992 = PRESENTATION_STYLE_ASSIGNMENT((#10993));
#10993 = SURFACE_STYLE_USAGE(.BOTH.,#10994);
#10994 = SURFACE_SIDE_STYLE('',(#10995));
#10995 = SURFACE_STYLE_FILL_AREA(#10996);
#10996 = FILL_AREA_STYLE('',(#10997));
#10997 = FILL_AREA_STYLE_COLOUR('',#10338);
#10998 = STYLED_ITEM('color',(#10999),#3945);
#10999 = PRESENTATION_STYLE_ASSIGNMENT((#11000));
#11000 = SURFACE_STYLE_USAGE(.BOTH.,#11001);
#11001 = SURFACE_SIDE_STYLE('',(#11002));
#11002 = SURFACE_STYLE_FILL_AREA(#11003);
#11003 = FILL_AREA_STYLE('',(#11004));
#11004 = FILL_AREA_STYLE_COLOUR('',#10338);
#11005 = STYLED_ITEM('color',(#11006),#3969);
#11006 = PRESENTATION_STYLE_ASSIGNMENT((#11007));
#11007 = SURFACE_STYLE_USAGE(.BOTH.,#11008);
#11008 = SURFACE_SIDE_STYLE('',(#11009));
#11009 = SURFACE_STYLE_FILL_AREA(#11010);
#11010 = FILL_AREA_STYLE('',(#11011));
#11011 = FILL_AREA_STYLE_COLOUR('',#10338);
#11012 = STYLED_ITEM('color',(#11013),#4025);
#11013 = PRESENTATION_STYLE_ASSIGNMENT((#11014));
#11014 = SURFACE_STYLE_USAGE(.BOTH.,#11015);
#11015 = SURFACE_SIDE_STYLE('',(#11016));
#11016 = SURFACE_STYLE_FILL_AREA(#11017);
#11017 = FILL_AREA_STYLE('',(#11018));
#11018 = FILL_AREA_STYLE_COLOUR('',#10338);
#11019 = STYLED_ITEM('color',(#11020),#4042);
#11020 = PRESENTATION_STYLE_ASSIGNMENT((#11021));
#11021 = SURFACE_STYLE_USAGE(.BOTH.,#11022);
#11022 = SURFACE_SIDE_STYLE('',(#11023));
#11023 = SURFACE_STYLE_FILL_AREA(#11024);
#11024 = FILL_AREA_STYLE('',(#11025));
#11025 = FILL_AREA_STYLE_COLOUR('',#10338);
#11026 = STYLED_ITEM('color',(#11027),#4059);
#11027 = PRESENTATION_STYLE_ASSIGNMENT((#11028));
#11028 = SURFACE_STYLE_USAGE(.BOTH.,#11029);
#11029 = SURFACE_SIDE_STYLE('',(#11030));
#11030 = SURFACE_STYLE_FILL_AREA(#11031);
#11031 = FILL_AREA_STYLE('',(#11032));
#11032 = FILL_AREA_STYLE_COLOUR('',#10521);
#11033 = STYLED_ITEM('color',(#11034),#4108);
#11034 = PRESENTATION_STYLE_ASSIGNMENT((#11035));
#11035 = SURFACE_STYLE_USAGE(.BOTH.,#11036);
#11036 = SURFACE_SIDE_STYLE('',(#11037));
#11037 = SURFACE_STYLE_FILL_AREA(#11038);
#11038 = FILL_AREA_STYLE('',(#11039));
#11039 = FILL_AREA_STYLE_COLOUR('',#10521);
#11040 = STYLED_ITEM('color',(#11041),#4132);
#11041 = PRESENTATION_STYLE_ASSIGNMENT((#11042));
#11042 = SURFACE_STYLE_USAGE(.BOTH.,#11043);
#11043 = SURFACE_SIDE_STYLE('',(#11044));
#11044 = SURFACE_STYLE_FILL_AREA(#11045);
#11045 = FILL_AREA_STYLE('',(#11046));
#11046 = FILL_AREA_STYLE_COLOUR('',#10521);
#11047 = STYLED_ITEM('color',(#11048),#4179);
#11048 = PRESENTATION_STYLE_ASSIGNMENT((#11049));
#11049 = SURFACE_STYLE_USAGE(.BOTH.,#11050);
#11050 = SURFACE_SIDE_STYLE('',(#11051));
#11051 = SURFACE_STYLE_FILL_AREA(#11052);
#11052 = FILL_AREA_STYLE('',(#11053));
#11053 = FILL_AREA_STYLE_COLOUR('',#10338);
#11054 = STYLED_ITEM('color',(#11055),#4191);
#11055 = PRESENTATION_STYLE_ASSIGNMENT((#11056));
#11056 = SURFACE_STYLE_USAGE(.BOTH.,#11057);
#11057 = SURFACE_SIDE_STYLE('',(#11058));
#11058 = SURFACE_STYLE_FILL_AREA(#11059);
#11059 = FILL_AREA_STYLE('',(#11060));
#11060 = FILL_AREA_STYLE_COLOUR('',#10521);
#11061 = STYLED_ITEM('color',(#11062),#4208);
#11062 = PRESENTATION_STYLE_ASSIGNMENT((#11063));
#11063 = SURFACE_STYLE_USAGE(.BOTH.,#11064);
#11064 = SURFACE_SIDE_STYLE('',(#11065));
#11065 = SURFACE_STYLE_FILL_AREA(#11066);
#11066 = FILL_AREA_STYLE('',(#11067));
#11067 = FILL_AREA_STYLE_COLOUR('',#10338);
#11068 = STYLED_ITEM('color',(#11069),#4225);
#11069 = PRESENTATION_STYLE_ASSIGNMENT((#11070));
#11070 = SURFACE_STYLE_USAGE(.BOTH.,#11071);
#11071 = SURFACE_SIDE_STYLE('',(#11072));
#11072 = SURFACE_STYLE_FILL_AREA(#11073);
#11073 = FILL_AREA_STYLE('',(#11074));
#11074 = FILL_AREA_STYLE_COLOUR('',#10521);
#11075 = STYLED_ITEM('color',(#11076),#4274);
#11076 = PRESENTATION_STYLE_ASSIGNMENT((#11077));
#11077 = SURFACE_STYLE_USAGE(.BOTH.,#11078);
#11078 = SURFACE_SIDE_STYLE('',(#11079));
#11079 = SURFACE_STYLE_FILL_AREA(#11080);
#11080 = FILL_AREA_STYLE('',(#11081));
#11081 = FILL_AREA_STYLE_COLOUR('',#10521);
#11082 = STYLED_ITEM('color',(#11083),#4298);
#11083 = PRESENTATION_STYLE_ASSIGNMENT((#11084));
#11084 = SURFACE_STYLE_USAGE(.BOTH.,#11085);
#11085 = SURFACE_SIDE_STYLE('',(#11086));
#11086 = SURFACE_STYLE_FILL_AREA(#11087);
#11087 = FILL_AREA_STYLE('',(#11088));
#11088 = FILL_AREA_STYLE_COLOUR('',#10521);
#11089 = STYLED_ITEM('color',(#11090),#4345);
#11090 = PRESENTATION_STYLE_ASSIGNMENT((#11091));
#11091 = SURFACE_STYLE_USAGE(.BOTH.,#11092);
#11092 = SURFACE_SIDE_STYLE('',(#11093));
#11093 = SURFACE_STYLE_FILL_AREA(#11094);
#11094 = FILL_AREA_STYLE('',(#11095));
#11095 = FILL_AREA_STYLE_COLOUR('',#10338);
#11096 = STYLED_ITEM('color',(#11097),#4357);
#11097 = PRESENTATION_STYLE_ASSIGNMENT((#11098));
#11098 = SURFACE_STYLE_USAGE(.BOTH.,#11099);
#11099 = SURFACE_SIDE_STYLE('',(#11100));
#11100 = SURFACE_STYLE_FILL_AREA(#11101);
#11101 = FILL_AREA_STYLE('',(#11102));
#11102 = FILL_AREA_STYLE_COLOUR('',#10521);
#11103 = STYLED_ITEM('color',(#11104),#4374);
#11104 = PRESENTATION_STYLE_ASSIGNMENT((#11105));
#11105 = SURFACE_STYLE_USAGE(.BOTH.,#11106);
#11106 = SURFACE_SIDE_STYLE('',(#11107));
#11107 = SURFACE_STYLE_FILL_AREA(#11108);
#11108 = FILL_AREA_STYLE('',(#11109));
#11109 = FILL_AREA_STYLE_COLOUR('',#10338);
#11110 = STYLED_ITEM('color',(#11111),#4391);
#11111 = PRESENTATION_STYLE_ASSIGNMENT((#11112));
#11112 = SURFACE_STYLE_USAGE(.BOTH.,#11113);
#11113 = SURFACE_SIDE_STYLE('',(#11114));
#11114 = SURFACE_STYLE_FILL_AREA(#11115);
#11115 = FILL_AREA_STYLE('',(#11116));
#11116 = FILL_AREA_STYLE_COLOUR('',#10521);
#11117 = STYLED_ITEM('color',(#11118),#4440);
#11118 = PRESENTATION_STYLE_ASSIGNMENT((#11119));
#11119 = SURFACE_STYLE_USAGE(.BOTH.,#11120);
#11120 = SURFACE_SIDE_STYLE('',(#11121));
#11121 = SURFACE_STYLE_FILL_AREA(#11122);
#11122 = FILL_AREA_STYLE('',(#11123));
#11123 = FILL_AREA_STYLE_COLOUR('',#10521);
#11124 = STYLED_ITEM('color',(#11125),#4464);
#11125 = PRESENTATION_STYLE_ASSIGNMENT((#11126));
#11126 = SURFACE_STYLE_USAGE(.BOTH.,#11127);
#11127 = SURFACE_SIDE_STYLE('',(#11128));
#11128 = SURFACE_STYLE_FILL_AREA(#11129);
#11129 = FILL_AREA_STYLE('',(#11130));
#11130 = FILL_AREA_STYLE_COLOUR('',#10521);
#11131 = STYLED_ITEM('color',(#11132),#4511);
#11132 = PRESENTATION_STYLE_ASSIGNMENT((#11133));
#11133 = SURFACE_STYLE_USAGE(.BOTH.,#11134);
#11134 = SURFACE_SIDE_STYLE('',(#11135));
#11135 = SURFACE_STYLE_FILL_AREA(#11136);
#11136 = FILL_AREA_STYLE('',(#11137));
#11137 = FILL_AREA_STYLE_COLOUR('',#10338);
#11138 = STYLED_ITEM('color',(#11139),#4523);
#11139 = PRESENTATION_STYLE_ASSIGNMENT((#11140));
#11140 = SURFACE_STYLE_USAGE(.BOTH.,#11141);
#11141 = SURFACE_SIDE_STYLE('',(#11142));
#11142 = SURFACE_STYLE_FILL_AREA(#11143);
#11143 = FILL_AREA_STYLE('',(#11144));
#11144 = FILL_AREA_STYLE_COLOUR('',#10521);
#11145 = STYLED_ITEM('color',(#11146),#4540);
#11146 = PRESENTATION_STYLE_ASSIGNMENT((#11147));
#11147 = SURFACE_STYLE_USAGE(.BOTH.,#11148);
#11148 = SURFACE_SIDE_STYLE('',(#11149));
#11149 = SURFACE_STYLE_FILL_AREA(#11150);
#11150 = FILL_AREA_STYLE('',(#11151));
#11151 = FILL_AREA_STYLE_COLOUR('',#10338);
#11152 = STYLED_ITEM('color',(#11153),#4557);
#11153 = PRESENTATION_STYLE_ASSIGNMENT((#11154));
#11154 = SURFACE_STYLE_USAGE(.BOTH.,#11155);
#11155 = SURFACE_SIDE_STYLE('',(#11156));
#11156 = SURFACE_STYLE_FILL_AREA(#11157);
#11157 = FILL_AREA_STYLE('',(#11158));
#11158 = FILL_AREA_STYLE_COLOUR('',#10521);
#11159 = STYLED_ITEM('color',(#11160),#4606);
#11160 = PRESENTATION_STYLE_ASSIGNMENT((#11161));
#11161 = SURFACE_STYLE_USAGE(.BOTH.,#11162);
#11162 = SURFACE_SIDE_STYLE('',(#11163));
#11163 = SURFACE_STYLE_FILL_AREA(#11164);
#11164 = FILL_AREA_STYLE('',(#11165));
#11165 = FILL_AREA_STYLE_COLOUR('',#10521);
#11166 = STYLED_ITEM('color',(#11167),#4630);
#11167 = PRESENTATION_STYLE_ASSIGNMENT((#11168));
#11168 = SURFACE_STYLE_USAGE(.BOTH.,#11169);
#11169 = SURFACE_SIDE_STYLE('',(#11170));
#11170 = SURFACE_STYLE_FILL_AREA(#11171);
#11171 = FILL_AREA_STYLE('',(#11172));
#11172 = FILL_AREA_STYLE_COLOUR('',#10521);
#11173 = STYLED_ITEM('color',(#11174),#4677);
#11174 = PRESENTATION_STYLE_ASSIGNMENT((#11175));
#11175 = SURFACE_STYLE_USAGE(.BOTH.,#11176);
#11176 = SURFACE_SIDE_STYLE('',(#11177));
#11177 = SURFACE_STYLE_FILL_AREA(#11178);
#11178 = FILL_AREA_STYLE('',(#11179));
#11179 = FILL_AREA_STYLE_COLOUR('',#10338);
#11180 = STYLED_ITEM('color',(#11181),#4689);
#11181 = PRESENTATION_STYLE_ASSIGNMENT((#11182));
#11182 = SURFACE_STYLE_USAGE(.BOTH.,#11183);
#11183 = SURFACE_SIDE_STYLE('',(#11184));
#11184 = SURFACE_STYLE_FILL_AREA(#11185);
#11185 = FILL_AREA_STYLE('',(#11186));
#11186 = FILL_AREA_STYLE_COLOUR('',#10521);
#11187 = STYLED_ITEM('color',(#11188),#4706);
#11188 = PRESENTATION_STYLE_ASSIGNMENT((#11189));
#11189 = SURFACE_STYLE_USAGE(.BOTH.,#11190);
#11190 = SURFACE_SIDE_STYLE('',(#11191));
#11191 = SURFACE_STYLE_FILL_AREA(#11192);
#11192 = FILL_AREA_STYLE('',(#11193));
#11193 = FILL_AREA_STYLE_COLOUR('',#10521);
#11194 = STYLED_ITEM('color',(#11195),#4723);
#11195 = PRESENTATION_STYLE_ASSIGNMENT((#11196));
#11196 = SURFACE_STYLE_USAGE(.BOTH.,#11197);
#11197 = SURFACE_SIDE_STYLE('',(#11198));
#11198 = SURFACE_STYLE_FILL_AREA(#11199);
#11199 = FILL_AREA_STYLE('',(#11200));
#11200 = FILL_AREA_STYLE_COLOUR('',#10521);
#11201 = STYLED_ITEM('color',(#11202),#4740);
#11202 = PRESENTATION_STYLE_ASSIGNMENT((#11203));
#11203 = SURFACE_STYLE_USAGE(.BOTH.,#11204);
#11204 = SURFACE_SIDE_STYLE('',(#11205));
#11205 = SURFACE_STYLE_FILL_AREA(#11206);
#11206 = FILL_AREA_STYLE('',(#11207));
#11207 = FILL_AREA_STYLE_COLOUR('',#10521);
#11208 = STYLED_ITEM('color',(#11209),#4752);
#11209 = PRESENTATION_STYLE_ASSIGNMENT((#11210));
#11210 = SURFACE_STYLE_USAGE(.BOTH.,#11211);
#11211 = SURFACE_SIDE_STYLE('',(#11212));
#11212 = SURFACE_STYLE_FILL_AREA(#11213);
#11213 = FILL_AREA_STYLE('',(#11214));
#11214 = FILL_AREA_STYLE_COLOUR('',#10521);
#11215 = STYLED_ITEM('color',(#11216),#4769);
#11216 = PRESENTATION_STYLE_ASSIGNMENT((#11217));
#11217 = SURFACE_STYLE_USAGE(.BOTH.,#11218);
#11218 = SURFACE_SIDE_STYLE('',(#11219));
#11219 = SURFACE_STYLE_FILL_AREA(#11220);
#11220 = FILL_AREA_STYLE('',(#11221));
#11221 = FILL_AREA_STYLE_COLOUR('',#10521);
#11222 = STYLED_ITEM('color',(#11223),#4786);
#11223 = PRESENTATION_STYLE_ASSIGNMENT((#11224));
#11224 = SURFACE_STYLE_USAGE(.BOTH.,#11225);
#11225 = SURFACE_SIDE_STYLE('',(#11226));
#11226 = SURFACE_STYLE_FILL_AREA(#11227);
#11227 = FILL_AREA_STYLE('',(#11228));
#11228 = FILL_AREA_STYLE_COLOUR('',#10521);
#11229 = STYLED_ITEM('color',(#11230),#4798);
#11230 = PRESENTATION_STYLE_ASSIGNMENT((#11231));
#11231 = SURFACE_STYLE_USAGE(.BOTH.,#11232);
#11232 = SURFACE_SIDE_STYLE('',(#11233));
#11233 = SURFACE_STYLE_FILL_AREA(#11234);
#11234 = FILL_AREA_STYLE('',(#11235));
#11235 = FILL_AREA_STYLE_COLOUR('',#10521);
#11236 = STYLED_ITEM('color',(#11237),#4815);
#11237 = PRESENTATION_STYLE_ASSIGNMENT((#11238));
#11238 = SURFACE_STYLE_USAGE(.BOTH.,#11239);
#11239 = SURFACE_SIDE_STYLE('',(#11240));
#11240 = SURFACE_STYLE_FILL_AREA(#11241);
#11241 = FILL_AREA_STYLE('',(#11242));
#11242 = FILL_AREA_STYLE_COLOUR('',#10521);
#11243 = STYLED_ITEM('color',(#11244),#4832);
#11244 = PRESENTATION_STYLE_ASSIGNMENT((#11245));
#11245 = SURFACE_STYLE_USAGE(.BOTH.,#11246);
#11246 = SURFACE_SIDE_STYLE('',(#11247));
#11247 = SURFACE_STYLE_FILL_AREA(#11248);
#11248 = FILL_AREA_STYLE('',(#11249));
#11249 = FILL_AREA_STYLE_COLOUR('',#10521);
#11250 = STYLED_ITEM('color',(#11251),#4844);
#11251 = PRESENTATION_STYLE_ASSIGNMENT((#11252));
#11252 = SURFACE_STYLE_USAGE(.BOTH.,#11253);
#11253 = SURFACE_SIDE_STYLE('',(#11254));
#11254 = SURFACE_STYLE_FILL_AREA(#11255);
#11255 = FILL_AREA_STYLE('',(#11256));
#11256 = FILL_AREA_STYLE_COLOUR('',#10521);
#11257 = STYLED_ITEM('color',(#11258),#4861);
#11258 = PRESENTATION_STYLE_ASSIGNMENT((#11259));
#11259 = SURFACE_STYLE_USAGE(.BOTH.,#11260);
#11260 = SURFACE_SIDE_STYLE('',(#11261));
#11261 = SURFACE_STYLE_FILL_AREA(#11262);
#11262 = FILL_AREA_STYLE('',(#11263));
#11263 = FILL_AREA_STYLE_COLOUR('',#10521);
#11264 = STYLED_ITEM('color',(#11265),#4878);
#11265 = PRESENTATION_STYLE_ASSIGNMENT((#11266));
#11266 = SURFACE_STYLE_USAGE(.BOTH.,#11267);
#11267 = SURFACE_SIDE_STYLE('',(#11268));
#11268 = SURFACE_STYLE_FILL_AREA(#11269);
#11269 = FILL_AREA_STYLE('',(#11270));
#11270 = FILL_AREA_STYLE_COLOUR('',#10521);
#11271 = MECHANICAL_DESIGN_GEOMETRIC_PRESENTATION_REPRESENTATION('',(
    #11272),#10203);
#11272 = STYLED_ITEM('color',(#11273),#7238);
#11273 = PRESENTATION_STYLE_ASSIGNMENT((#11274));
#11274 = SURFACE_STYLE_USAGE(.BOTH.,#11275);
#11275 = SURFACE_SIDE_STYLE('',(#11276));
#11276 = SURFACE_STYLE_FILL_AREA(#11277);
#11277 = FILL_AREA_STYLE('',(#11278));
#11278 = FILL_AREA_STYLE_COLOUR('',#11279);
#11279 = COLOUR_RGB('',0.313304153717,0.484529207832,0.410020903123);
#11280 = MECHANICAL_DESIGN_GEOMETRIC_PRESENTATION_REPRESENTATION('',(
    #11281,#11288,#11295,#11302,#11309,#11316,#11323,#11330,#11337,
    #11344,#11351,#11358,#11365,#11372,#11379,#11386,#11393),#884);
#11281 = STYLED_ITEM('color',(#11282),#499);
#11282 = PRESENTATION_STYLE_ASSIGNMENT((#11283));
#11283 = SURFACE_STYLE_USAGE(.BOTH.,#11284);
#11284 = SURFACE_SIDE_STYLE('',(#11285));
#11285 = SURFACE_STYLE_FILL_AREA(#11286);
#11286 = FILL_AREA_STYLE('',(#11287));
#11287 = FILL_AREA_STYLE_COLOUR('',#10272);
#11288 = STYLED_ITEM('color',(#11289),#532);
#11289 = PRESENTATION_STYLE_ASSIGNMENT((#11290));
#11290 = SURFACE_STYLE_USAGE(.BOTH.,#11291);
#11291 = SURFACE_SIDE_STYLE('',(#11292));
#11292 = SURFACE_STYLE_FILL_AREA(#11293);
#11293 = FILL_AREA_STYLE('',(#11294));
#11294 = FILL_AREA_STYLE_COLOUR('',#10272);
#11295 = STYLED_ITEM('color',(#11296),#552);
#11296 = PRESENTATION_STYLE_ASSIGNMENT((#11297));
#11297 = SURFACE_STYLE_USAGE(.BOTH.,#11298);
#11298 = SURFACE_SIDE_STYLE('',(#11299));
#11299 = SURFACE_STYLE_FILL_AREA(#11300);
#11300 = FILL_AREA_STYLE('',(#11301));
#11301 = FILL_AREA_STYLE_COLOUR('',#10272);
#11302 = STYLED_ITEM('color',(#11303),#572);
#11303 = PRESENTATION_STYLE_ASSIGNMENT((#11304));
#11304 = SURFACE_STYLE_USAGE(.BOTH.,#11305);
#11305 = SURFACE_SIDE_STYLE('',(#11306));
#11306 = SURFACE_STYLE_FILL_AREA(#11307);
#11307 = FILL_AREA_STYLE('',(#11308));
#11308 = FILL_AREA_STYLE_COLOUR('',#10294);
#11309 = STYLED_ITEM('color',(#11310),#597);
#11310 = PRESENTATION_STYLE_ASSIGNMENT((#11311));
#11311 = SURFACE_STYLE_USAGE(.BOTH.,#11312);
#11312 = SURFACE_SIDE_STYLE('',(#11313));
#11313 = SURFACE_STYLE_FILL_AREA(#11314);
#11314 = FILL_AREA_STYLE('',(#11315));
#11315 = FILL_AREA_STYLE_COLOUR('',#10294);
#11316 = STYLED_ITEM('color',(#11317),#622);
#11317 = PRESENTATION_STYLE_ASSIGNMENT((#11318));
#11318 = SURFACE_STYLE_USAGE(.BOTH.,#11319);
#11319 = SURFACE_SIDE_STYLE('',(#11320));
#11320 = SURFACE_STYLE_FILL_AREA(#11321);
#11321 = FILL_AREA_STYLE('',(#11322));
#11322 = FILL_AREA_STYLE_COLOUR('',#10294);
#11323 = STYLED_ITEM('color',(#11324),#648);
#11324 = PRESENTATION_STYLE_ASSIGNMENT((#11325));
#11325 = SURFACE_STYLE_USAGE(.BOTH.,#11326);
#11326 = SURFACE_SIDE_STYLE('',(#11327));
#11327 = SURFACE_STYLE_FILL_AREA(#11328);
#11328 = FILL_AREA_STYLE('',(#11329));
#11329 = FILL_AREA_STYLE_COLOUR('',#10294);
#11330 = STYLED_ITEM('color',(#11331),#674);
#11331 = PRESENTATION_STYLE_ASSIGNMENT((#11332));
#11332 = SURFACE_STYLE_USAGE(.BOTH.,#11333);
#11333 = SURFACE_SIDE_STYLE('',(#11334));
#11334 = SURFACE_STYLE_FILL_AREA(#11335);
#11335 = FILL_AREA_STYLE('',(#11336));
#11336 = FILL_AREA_STYLE_COLOUR('',#10294);
#11337 = STYLED_ITEM('color',(#11338),#694);
#11338 = PRESENTATION_STYLE_ASSIGNMENT((#11339));
#11339 = SURFACE_STYLE_USAGE(.BOTH.,#11340);
#11340 = SURFACE_SIDE_STYLE('',(#11341));
#11341 = SURFACE_STYLE_FILL_AREA(#11342);
#11342 = FILL_AREA_STYLE('',(#11343));
#11343 = FILL_AREA_STYLE_COLOUR('',#10294);
#11344 = STYLED_ITEM('color',(#11345),#714);
#11345 = PRESENTATION_STYLE_ASSIGNMENT((#11346));
#11346 = SURFACE_STYLE_USAGE(.BOTH.,#11347);
#11347 = SURFACE_SIDE_STYLE('',(#11348));
#11348 = SURFACE_STYLE_FILL_AREA(#11349);
#11349 = FILL_AREA_STYLE('',(#11350));
#11350 = FILL_AREA_STYLE_COLOUR('',#10222);
#11351 = STYLED_ITEM('color',(#11352),#739);
#11352 = PRESENTATION_STYLE_ASSIGNMENT((#11353));
#11353 = SURFACE_STYLE_USAGE(.BOTH.,#11354);
#11354 = SURFACE_SIDE_STYLE('',(#11355));
#11355 = SURFACE_STYLE_FILL_AREA(#11356);
#11356 = FILL_AREA_STYLE('',(#11357));
#11357 = FILL_AREA_STYLE_COLOUR('',#10222);
#11358 = STYLED_ITEM('color',(#11359),#764);
#11359 = PRESENTATION_STYLE_ASSIGNMENT((#11360));
#11360 = SURFACE_STYLE_USAGE(.BOTH.,#11361);
#11361 = SURFACE_SIDE_STYLE('',(#11362));
#11362 = SURFACE_STYLE_FILL_AREA(#11363);
#11363 = FILL_AREA_STYLE('',(#11364));
#11364 = FILL_AREA_STYLE_COLOUR('',#10222);
#11365 = STYLED_ITEM('color',(#11366),#790);
#11366 = PRESENTATION_STYLE_ASSIGNMENT((#11367));
#11367 = SURFACE_STYLE_USAGE(.BOTH.,#11368);
#11368 = SURFACE_SIDE_STYLE('',(#11369));
#11369 = SURFACE_STYLE_FILL_AREA(#11370);
#11370 = FILL_AREA_STYLE('',(#11371));
#11371 = FILL_AREA_STYLE_COLOUR('',#10222);
#11372 = STYLED_ITEM('color',(#11373),#816);
#11373 = PRESENTATION_STYLE_ASSIGNMENT((#11374));
#11374 = SURFACE_STYLE_USAGE(.BOTH.,#11375);
#11375 = SURFACE_SIDE_STYLE('',(#11376));
#11376 = SURFACE_STYLE_FILL_AREA(#11377);
#11377 = FILL_AREA_STYLE('',(#11378));
#11378 = FILL_AREA_STYLE_COLOUR('',#10222);
#11379 = STYLED_ITEM('color',(#11380),#841);
#11380 = PRESENTATION_STYLE_ASSIGNMENT((#11381));
#11381 = SURFACE_STYLE_USAGE(.BOTH.,#11382);
#11382 = SURFACE_SIDE_STYLE('',(#11383));
#11383 = SURFACE_STYLE_FILL_AREA(#11384);
#11384 = FILL_AREA_STYLE('',(#11385));
#11385 = FILL_AREA_STYLE_COLOUR('',#10222);
#11386 = STYLED_ITEM('color',(#11387),#866);
#11387 = PRESENTATION_STYLE_ASSIGNMENT((#11388));
#11388 = SURFACE_STYLE_USAGE(.BOTH.,#11389);
#11389 = SURFACE_SIDE_STYLE('',(#11390));
#11390 = SURFACE_STYLE_FILL_AREA(#11391);
#11391 = FILL_AREA_STYLE('',(#11392));
#11392 = FILL_AREA_STYLE_COLOUR('',#10222);
#11393 = STYLED_ITEM('color',(#11394),#875);
#11394 = PRESENTATION_STYLE_ASSIGNMENT((#11395));
#11395 = SURFACE_STYLE_USAGE(.BOTH.,#11396);
#11396 = SURFACE_SIDE_STYLE('',(#11397));
#11397 = SURFACE_STYLE_FILL_AREA(#11398);
#11398 = FILL_AREA_STYLE('',(#11399));
#11399 = FILL_AREA_STYLE_COLOUR('',#10222);
#11400 = MECHANICAL_DESIGN_GEOMETRIC_PRESENTATION_REPRESENTATION('',(
    #11401,#11409,#11416,#11423,#11430,#11437,#11444,#11451,#11458,
    #11465,#11472,#11479,#11486,#11493,#11501,#11508,#11515,#11522,
    #11529,#11536,#11543,#11550,#11557,#11564,#11571,#11578,#11585,
    #11592,#11599,#11606,#11613,#11620,#11627,#11634,#11641,#11648,
    #11655,#11662,#11669,#11676,#11683,#11690,#11697,#11704,#11711,
    #11718,#11725,#11732,#11739,#11746,#11753,#11760,#11767,#11774,
    #11781,#11788,#11795,#11802,#11809,#11816,#11823,#11830,#11837,
    #11844,#11851,#11858,#11865,#11872),#7204);
#11401 = STYLED_ITEM('color',(#11402),#4939);
#11402 = PRESENTATION_STYLE_ASSIGNMENT((#11403));
#11403 = SURFACE_STYLE_USAGE(.BOTH.,#11404);
#11404 = SURFACE_SIDE_STYLE('',(#11405));
#11405 = SURFACE_STYLE_FILL_AREA(#11406);
#11406 = FILL_AREA_STYLE('',(#11407));
#11407 = FILL_AREA_STYLE_COLOUR('',#11408);
#11408 = COLOUR_RGB('',0.894999966383,0.890999961016,0.813000030345);
#11409 = STYLED_ITEM('color',(#11410),#4998);
#11410 = PRESENTATION_STYLE_ASSIGNMENT((#11411));
#11411 = SURFACE_STYLE_USAGE(.BOTH.,#11412);
#11412 = SURFACE_SIDE_STYLE('',(#11413));
#11413 = SURFACE_STYLE_FILL_AREA(#11414);
#11414 = FILL_AREA_STYLE('',(#11415));
#11415 = FILL_AREA_STYLE_COLOUR('',#11408);
#11416 = STYLED_ITEM('color',(#11417),#5023);
#11417 = PRESENTATION_STYLE_ASSIGNMENT((#11418));
#11418 = SURFACE_STYLE_USAGE(.BOTH.,#11419);
#11419 = SURFACE_SIDE_STYLE('',(#11420));
#11420 = SURFACE_STYLE_FILL_AREA(#11421);
#11421 = FILL_AREA_STYLE('',(#11422));
#11422 = FILL_AREA_STYLE_COLOUR('',#11408);
#11423 = STYLED_ITEM('color',(#11424),#5056);
#11424 = PRESENTATION_STYLE_ASSIGNMENT((#11425));
#11425 = SURFACE_STYLE_USAGE(.BOTH.,#11426);
#11426 = SURFACE_SIDE_STYLE('',(#11427));
#11427 = SURFACE_STYLE_FILL_AREA(#11428);
#11428 = FILL_AREA_STYLE('',(#11429));
#11429 = FILL_AREA_STYLE_COLOUR('',#11408);
#11430 = STYLED_ITEM('color',(#11431),#5081);
#11431 = PRESENTATION_STYLE_ASSIGNMENT((#11432));
#11432 = SURFACE_STYLE_USAGE(.BOTH.,#11433);
#11433 = SURFACE_SIDE_STYLE('',(#11434));
#11434 = SURFACE_STYLE_FILL_AREA(#11435);
#11435 = FILL_AREA_STYLE('',(#11436));
#11436 = FILL_AREA_STYLE_COLOUR('',#11408);
#11437 = STYLED_ITEM('color',(#11438),#5106);
#11438 = PRESENTATION_STYLE_ASSIGNMENT((#11439));
#11439 = SURFACE_STYLE_USAGE(.BOTH.,#11440);
#11440 = SURFACE_SIDE_STYLE('',(#11441));
#11441 = SURFACE_STYLE_FILL_AREA(#11442);
#11442 = FILL_AREA_STYLE('',(#11443));
#11443 = FILL_AREA_STYLE_COLOUR('',#11408);
#11444 = STYLED_ITEM('color',(#11445),#5131);
#11445 = PRESENTATION_STYLE_ASSIGNMENT((#11446));
#11446 = SURFACE_STYLE_USAGE(.BOTH.,#11447);
#11447 = SURFACE_SIDE_STYLE('',(#11448));
#11448 = SURFACE_STYLE_FILL_AREA(#11449);
#11449 = FILL_AREA_STYLE('',(#11450));
#11450 = FILL_AREA_STYLE_COLOUR('',#11408);
#11451 = STYLED_ITEM('color',(#11452),#5148);
#11452 = PRESENTATION_STYLE_ASSIGNMENT((#11453));
#11453 = SURFACE_STYLE_USAGE(.BOTH.,#11454);
#11454 = SURFACE_SIDE_STYLE('',(#11455));
#11455 = SURFACE_STYLE_FILL_AREA(#11456);
#11456 = FILL_AREA_STYLE('',(#11457));
#11457 = FILL_AREA_STYLE_COLOUR('',#11408);
#11458 = STYLED_ITEM('color',(#11459),#5173);
#11459 = PRESENTATION_STYLE_ASSIGNMENT((#11460));
#11460 = SURFACE_STYLE_USAGE(.BOTH.,#11461);
#11461 = SURFACE_SIDE_STYLE('',(#11462));
#11462 = SURFACE_STYLE_FILL_AREA(#11463);
#11463 = FILL_AREA_STYLE('',(#11464));
#11464 = FILL_AREA_STYLE_COLOUR('',#11408);
#11465 = STYLED_ITEM('color',(#11466),#5204);
#11466 = PRESENTATION_STYLE_ASSIGNMENT((#11467));
#11467 = SURFACE_STYLE_USAGE(.BOTH.,#11468);
#11468 = SURFACE_SIDE_STYLE('',(#11469));
#11469 = SURFACE_STYLE_FILL_AREA(#11470);
#11470 = FILL_AREA_STYLE('',(#11471));
#11471 = FILL_AREA_STYLE_COLOUR('',#11408);
#11472 = STYLED_ITEM('color',(#11473),#5244);
#11473 = PRESENTATION_STYLE_ASSIGNMENT((#11474));
#11474 = SURFACE_STYLE_USAGE(.BOTH.,#11475);
#11475 = SURFACE_SIDE_STYLE('',(#11476));
#11476 = SURFACE_STYLE_FILL_AREA(#11477);
#11477 = FILL_AREA_STYLE('',(#11478));
#11478 = FILL_AREA_STYLE_COLOUR('',#11408);
#11479 = STYLED_ITEM('color',(#11480),#5375);
#11480 = PRESENTATION_STYLE_ASSIGNMENT((#11481));
#11481 = SURFACE_STYLE_USAGE(.BOTH.,#11482);
#11482 = SURFACE_SIDE_STYLE('',(#11483));
#11483 = SURFACE_STYLE_FILL_AREA(#11484);
#11484 = FILL_AREA_STYLE('',(#11485));
#11485 = FILL_AREA_STYLE_COLOUR('',#11408);
#11486 = STYLED_ITEM('color',(#11487),#5499);
#11487 = PRESENTATION_STYLE_ASSIGNMENT((#11488));
#11488 = SURFACE_STYLE_USAGE(.BOTH.,#11489);
#11489 = SURFACE_SIDE_STYLE('',(#11490));
#11490 = SURFACE_STYLE_FILL_AREA(#11491);
#11491 = FILL_AREA_STYLE('',(#11492));
#11492 = FILL_AREA_STYLE_COLOUR('',#11408);
#11493 = STYLED_ITEM('color',(#11494),#5516);
#11494 = PRESENTATION_STYLE_ASSIGNMENT((#11495));
#11495 = SURFACE_STYLE_USAGE(.BOTH.,#11496);
#11496 = SURFACE_SIDE_STYLE('',(#11497));
#11497 = SURFACE_STYLE_FILL_AREA(#11498);
#11498 = FILL_AREA_STYLE('',(#11499));
#11499 = FILL_AREA_STYLE_COLOUR('',#11500);
#11500 = COLOUR_RGB('',0.136999991899,0.40200001271,0.726999997272);
#11501 = STYLED_ITEM('color',(#11502),#5525);
#11502 = PRESENTATION_STYLE_ASSIGNMENT((#11503));
#11503 = SURFACE_STYLE_USAGE(.BOTH.,#11504);
#11504 = SURFACE_SIDE_STYLE('',(#11505));
#11505 = SURFACE_STYLE_FILL_AREA(#11506);
#11506 = FILL_AREA_STYLE('',(#11507));
#11507 = FILL_AREA_STYLE_COLOUR('',#11408);
#11508 = STYLED_ITEM('color',(#11509),#5536);
#11509 = PRESENTATION_STYLE_ASSIGNMENT((#11510));
#11510 = SURFACE_STYLE_USAGE(.BOTH.,#11511);
#11511 = SURFACE_SIDE_STYLE('',(#11512));
#11512 = SURFACE_STYLE_FILL_AREA(#11513);
#11513 = FILL_AREA_STYLE('',(#11514));
#11514 = FILL_AREA_STYLE_COLOUR('',#11408);
#11515 = STYLED_ITEM('color',(#11516),#5704);
#11516 = PRESENTATION_STYLE_ASSIGNMENT((#11517));
#11517 = SURFACE_STYLE_USAGE(.BOTH.,#11518);
#11518 = SURFACE_SIDE_STYLE('',(#11519));
#11519 = SURFACE_STYLE_FILL_AREA(#11520);
#11520 = FILL_AREA_STYLE('',(#11521));
#11521 = FILL_AREA_STYLE_COLOUR('',#10222);
#11522 = STYLED_ITEM('color',(#11523),#5735);
#11523 = PRESENTATION_STYLE_ASSIGNMENT((#11524));
#11524 = SURFACE_STYLE_USAGE(.BOTH.,#11525);
#11525 = SURFACE_SIDE_STYLE('',(#11526));
#11526 = SURFACE_STYLE_FILL_AREA(#11527);
#11527 = FILL_AREA_STYLE('',(#11528));
#11528 = FILL_AREA_STYLE_COLOUR('',#10222);
#11529 = STYLED_ITEM('color',(#11530),#5766);
#11530 = PRESENTATION_STYLE_ASSIGNMENT((#11531));
#11531 = SURFACE_STYLE_USAGE(.BOTH.,#11532);
#11532 = SURFACE_SIDE_STYLE('',(#11533));
#11533 = SURFACE_STYLE_FILL_AREA(#11534);
#11534 = FILL_AREA_STYLE('',(#11535));
#11535 = FILL_AREA_STYLE_COLOUR('',#10222);
#11536 = STYLED_ITEM('color',(#11537),#5797);
#11537 = PRESENTATION_STYLE_ASSIGNMENT((#11538));
#11538 = SURFACE_STYLE_USAGE(.BOTH.,#11539);
#11539 = SURFACE_SIDE_STYLE('',(#11540));
#11540 = SURFACE_STYLE_FILL_AREA(#11541);
#11541 = FILL_AREA_STYLE('',(#11542));
#11542 = FILL_AREA_STYLE_COLOUR('',#10222);
#11543 = STYLED_ITEM('color',(#11544),#5882);
#11544 = PRESENTATION_STYLE_ASSIGNMENT((#11545));
#11545 = SURFACE_STYLE_USAGE(.BOTH.,#11546);
#11546 = SURFACE_SIDE_STYLE('',(#11547));
#11547 = SURFACE_STYLE_FILL_AREA(#11548);
#11548 = FILL_AREA_STYLE('',(#11549));
#11549 = FILL_AREA_STYLE_COLOUR('',#10222);
#11550 = STYLED_ITEM('color',(#11551),#5906);
#11551 = PRESENTATION_STYLE_ASSIGNMENT((#11552));
#11552 = SURFACE_STYLE_USAGE(.BOTH.,#11553);
#11553 = SURFACE_SIDE_STYLE('',(#11554));
#11554 = SURFACE_STYLE_FILL_AREA(#11555);
#11555 = FILL_AREA_STYLE('',(#11556));
#11556 = FILL_AREA_STYLE_COLOUR('',#10222);
#11557 = STYLED_ITEM('color',(#11558),#5984);
#11558 = PRESENTATION_STYLE_ASSIGNMENT((#11559));
#11559 = SURFACE_STYLE_USAGE(.BOTH.,#11560);
#11560 = SURFACE_SIDE_STYLE('',(#11561));
#11561 = SURFACE_STYLE_FILL_AREA(#11562);
#11562 = FILL_AREA_STYLE('',(#11563));
#11563 = FILL_AREA_STYLE_COLOUR('',#10222);
#11564 = STYLED_ITEM('color',(#11565),#6015);
#11565 = PRESENTATION_STYLE_ASSIGNMENT((#11566));
#11566 = SURFACE_STYLE_USAGE(.BOTH.,#11567);
#11567 = SURFACE_SIDE_STYLE('',(#11568));
#11568 = SURFACE_STYLE_FILL_AREA(#11569);
#11569 = FILL_AREA_STYLE('',(#11570));
#11570 = FILL_AREA_STYLE_COLOUR('',#10222);
#11571 = STYLED_ITEM('color',(#11572),#6100);
#11572 = PRESENTATION_STYLE_ASSIGNMENT((#11573));
#11573 = SURFACE_STYLE_USAGE(.BOTH.,#11574);
#11574 = SURFACE_SIDE_STYLE('',(#11575));
#11575 = SURFACE_STYLE_FILL_AREA(#11576);
#11576 = FILL_AREA_STYLE('',(#11577));
#11577 = FILL_AREA_STYLE_COLOUR('',#10222);
#11578 = STYLED_ITEM('color',(#11579),#6124);
#11579 = PRESENTATION_STYLE_ASSIGNMENT((#11580));
#11580 = SURFACE_STYLE_USAGE(.BOTH.,#11581);
#11581 = SURFACE_SIDE_STYLE('',(#11582));
#11582 = SURFACE_STYLE_FILL_AREA(#11583);
#11583 = FILL_AREA_STYLE('',(#11584));
#11584 = FILL_AREA_STYLE_COLOUR('',#10222);
#11585 = STYLED_ITEM('color',(#11586),#6202);
#11586 = PRESENTATION_STYLE_ASSIGNMENT((#11587));
#11587 = SURFACE_STYLE_USAGE(.BOTH.,#11588);
#11588 = SURFACE_SIDE_STYLE('',(#11589));
#11589 = SURFACE_STYLE_FILL_AREA(#11590);
#11590 = FILL_AREA_STYLE('',(#11591));
#11591 = FILL_AREA_STYLE_COLOUR('',#10222);
#11592 = STYLED_ITEM('color',(#11593),#6233);
#11593 = PRESENTATION_STYLE_ASSIGNMENT((#11594));
#11594 = SURFACE_STYLE_USAGE(.BOTH.,#11595);
#11595 = SURFACE_SIDE_STYLE('',(#11596));
#11596 = SURFACE_STYLE_FILL_AREA(#11597);
#11597 = FILL_AREA_STYLE('',(#11598));
#11598 = FILL_AREA_STYLE_COLOUR('',#10222);
#11599 = STYLED_ITEM('color',(#11600),#6264);
#11600 = PRESENTATION_STYLE_ASSIGNMENT((#11601));
#11601 = SURFACE_STYLE_USAGE(.BOTH.,#11602);
#11602 = SURFACE_SIDE_STYLE('',(#11603));
#11603 = SURFACE_STYLE_FILL_AREA(#11604);
#11604 = FILL_AREA_STYLE('',(#11605));
#11605 = FILL_AREA_STYLE_COLOUR('',#10222);
#11606 = STYLED_ITEM('color',(#11607),#6295);
#11607 = PRESENTATION_STYLE_ASSIGNMENT((#11608));
#11608 = SURFACE_STYLE_USAGE(.BOTH.,#11609);
#11609 = SURFACE_SIDE_STYLE('',(#11610));
#11610 = SURFACE_STYLE_FILL_AREA(#11611);
#11611 = FILL_AREA_STYLE('',(#11612));
#11612 = FILL_AREA_STYLE_COLOUR('',#10222);
#11613 = STYLED_ITEM('color',(#11614),#6380);
#11614 = PRESENTATION_STYLE_ASSIGNMENT((#11615));
#11615 = SURFACE_STYLE_USAGE(.BOTH.,#11616);
#11616 = SURFACE_SIDE_STYLE('',(#11617));
#11617 = SURFACE_STYLE_FILL_AREA(#11618);
#11618 = FILL_AREA_STYLE('',(#11619));
#11619 = FILL_AREA_STYLE_COLOUR('',#10222);
#11620 = STYLED_ITEM('color',(#11621),#6404);
#11621 = PRESENTATION_STYLE_ASSIGNMENT((#11622));
#11622 = SURFACE_STYLE_USAGE(.BOTH.,#11623);
#11623 = SURFACE_SIDE_STYLE('',(#11624));
#11624 = SURFACE_STYLE_FILL_AREA(#11625);
#11625 = FILL_AREA_STYLE('',(#11626));
#11626 = FILL_AREA_STYLE_COLOUR('',#10222);
#11627 = STYLED_ITEM('color',(#11628),#6482);
#11628 = PRESENTATION_STYLE_ASSIGNMENT((#11629));
#11629 = SURFACE_STYLE_USAGE(.BOTH.,#11630);
#11630 = SURFACE_SIDE_STYLE('',(#11631));
#11631 = SURFACE_STYLE_FILL_AREA(#11632);
#11632 = FILL_AREA_STYLE('',(#11633));
#11633 = FILL_AREA_STYLE_COLOUR('',#10222);
#11634 = STYLED_ITEM('color',(#11635),#6513);
#11635 = PRESENTATION_STYLE_ASSIGNMENT((#11636));
#11636 = SURFACE_STYLE_USAGE(.BOTH.,#11637);
#11637 = SURFACE_SIDE_STYLE('',(#11638));
#11638 = SURFACE_STYLE_FILL_AREA(#11639);
#11639 = FILL_AREA_STYLE('',(#11640));
#11640 = FILL_AREA_STYLE_COLOUR('',#10222);
#11641 = STYLED_ITEM('color',(#11642),#6598);
#11642 = PRESENTATION_STYLE_ASSIGNMENT((#11643));
#11643 = SURFACE_STYLE_USAGE(.BOTH.,#11644);
#11644 = SURFACE_SIDE_STYLE('',(#11645));
#11645 = SURFACE_STYLE_FILL_AREA(#11646);
#11646 = FILL_AREA_STYLE('',(#11647));
#11647 = FILL_AREA_STYLE_COLOUR('',#10222);
#11648 = STYLED_ITEM('color',(#11649),#6622);
#11649 = PRESENTATION_STYLE_ASSIGNMENT((#11650));
#11650 = SURFACE_STYLE_USAGE(.BOTH.,#11651);
#11651 = SURFACE_SIDE_STYLE('',(#11652));
#11652 = SURFACE_STYLE_FILL_AREA(#11653);
#11653 = FILL_AREA_STYLE('',(#11654));
#11654 = FILL_AREA_STYLE_COLOUR('',#10222);
#11655 = STYLED_ITEM('color',(#11656),#6700);
#11656 = PRESENTATION_STYLE_ASSIGNMENT((#11657));
#11657 = SURFACE_STYLE_USAGE(.BOTH.,#11658);
#11658 = SURFACE_SIDE_STYLE('',(#11659));
#11659 = SURFACE_STYLE_FILL_AREA(#11660);
#11660 = FILL_AREA_STYLE('',(#11661));
#11661 = FILL_AREA_STYLE_COLOUR('',#10222);
#11662 = STYLED_ITEM('color',(#11663),#6717);
#11663 = PRESENTATION_STYLE_ASSIGNMENT((#11664));
#11664 = SURFACE_STYLE_USAGE(.BOTH.,#11665);
#11665 = SURFACE_SIDE_STYLE('',(#11666));
#11666 = SURFACE_STYLE_FILL_AREA(#11667);
#11667 = FILL_AREA_STYLE('',(#11668));
#11668 = FILL_AREA_STYLE_COLOUR('',#10222);
#11669 = STYLED_ITEM('color',(#11670),#6734);
#11670 = PRESENTATION_STYLE_ASSIGNMENT((#11671));
#11671 = SURFACE_STYLE_USAGE(.BOTH.,#11672);
#11672 = SURFACE_SIDE_STYLE('',(#11673));
#11673 = SURFACE_STYLE_FILL_AREA(#11674);
#11674 = FILL_AREA_STYLE('',(#11675));
#11675 = FILL_AREA_STYLE_COLOUR('',#10222);
#11676 = STYLED_ITEM('color',(#11677),#6751);
#11677 = PRESENTATION_STYLE_ASSIGNMENT((#11678));
#11678 = SURFACE_STYLE_USAGE(.BOTH.,#11679);
#11679 = SURFACE_SIDE_STYLE('',(#11680));
#11680 = SURFACE_STYLE_FILL_AREA(#11681);
#11681 = FILL_AREA_STYLE('',(#11682));
#11682 = FILL_AREA_STYLE_COLOUR('',#10222);
#11683 = STYLED_ITEM('color',(#11684),#6768);
#11684 = PRESENTATION_STYLE_ASSIGNMENT((#11685));
#11685 = SURFACE_STYLE_USAGE(.BOTH.,#11686);
#11686 = SURFACE_SIDE_STYLE('',(#11687));
#11687 = SURFACE_STYLE_FILL_AREA(#11688);
#11688 = FILL_AREA_STYLE('',(#11689));
#11689 = FILL_AREA_STYLE_COLOUR('',#10222);
#11690 = STYLED_ITEM('color',(#11691),#6785);
#11691 = PRESENTATION_STYLE_ASSIGNMENT((#11692));
#11692 = SURFACE_STYLE_USAGE(.BOTH.,#11693);
#11693 = SURFACE_SIDE_STYLE('',(#11694));
#11694 = SURFACE_STYLE_FILL_AREA(#11695);
#11695 = FILL_AREA_STYLE('',(#11696));
#11696 = FILL_AREA_STYLE_COLOUR('',#10222);
#11697 = STYLED_ITEM('color',(#11698),#6802);
#11698 = PRESENTATION_STYLE_ASSIGNMENT((#11699));
#11699 = SURFACE_STYLE_USAGE(.BOTH.,#11700);
#11700 = SURFACE_SIDE_STYLE('',(#11701));
#11701 = SURFACE_STYLE_FILL_AREA(#11702);
#11702 = FILL_AREA_STYLE('',(#11703));
#11703 = FILL_AREA_STYLE_COLOUR('',#10222);
#11704 = STYLED_ITEM('color',(#11705),#6819);
#11705 = PRESENTATION_STYLE_ASSIGNMENT((#11706));
#11706 = SURFACE_STYLE_USAGE(.BOTH.,#11707);
#11707 = SURFACE_SIDE_STYLE('',(#11708));
#11708 = SURFACE_STYLE_FILL_AREA(#11709);
#11709 = FILL_AREA_STYLE('',(#11710));
#11710 = FILL_AREA_STYLE_COLOUR('',#10222);
#11711 = STYLED_ITEM('color',(#11712),#6841);
#11712 = PRESENTATION_STYLE_ASSIGNMENT((#11713));
#11713 = SURFACE_STYLE_USAGE(.BOTH.,#11714);
#11714 = SURFACE_SIDE_STYLE('',(#11715));
#11715 = SURFACE_STYLE_FILL_AREA(#11716);
#11716 = FILL_AREA_STYLE('',(#11717));
#11717 = FILL_AREA_STYLE_COLOUR('',#10222);
#11718 = STYLED_ITEM('color',(#11719),#6853);
#11719 = PRESENTATION_STYLE_ASSIGNMENT((#11720));
#11720 = SURFACE_STYLE_USAGE(.BOTH.,#11721);
#11721 = SURFACE_SIDE_STYLE('',(#11722));
#11722 = SURFACE_STYLE_FILL_AREA(#11723);
#11723 = FILL_AREA_STYLE('',(#11724));
#11724 = FILL_AREA_STYLE_COLOUR('',#10222);
#11725 = STYLED_ITEM('color',(#11726),#6870);
#11726 = PRESENTATION_STYLE_ASSIGNMENT((#11727));
#11727 = SURFACE_STYLE_USAGE(.BOTH.,#11728);
#11728 = SURFACE_SIDE_STYLE('',(#11729));
#11729 = SURFACE_STYLE_FILL_AREA(#11730);
#11730 = FILL_AREA_STYLE('',(#11731));
#11731 = FILL_AREA_STYLE_COLOUR('',#10222);
#11732 = STYLED_ITEM('color',(#11733),#6882);
#11733 = PRESENTATION_STYLE_ASSIGNMENT((#11734));
#11734 = SURFACE_STYLE_USAGE(.BOTH.,#11735);
#11735 = SURFACE_SIDE_STYLE('',(#11736));
#11736 = SURFACE_STYLE_FILL_AREA(#11737);
#11737 = FILL_AREA_STYLE('',(#11738));
#11738 = FILL_AREA_STYLE_COLOUR('',#10222);
#11739 = STYLED_ITEM('color',(#11740),#6894);
#11740 = PRESENTATION_STYLE_ASSIGNMENT((#11741));
#11741 = SURFACE_STYLE_USAGE(.BOTH.,#11742);
#11742 = SURFACE_SIDE_STYLE('',(#11743));
#11743 = SURFACE_STYLE_FILL_AREA(#11744);
#11744 = FILL_AREA_STYLE('',(#11745));
#11745 = FILL_AREA_STYLE_COLOUR('',#10222);
#11746 = STYLED_ITEM('color',(#11747),#6911);
#11747 = PRESENTATION_STYLE_ASSIGNMENT((#11748));
#11748 = SURFACE_STYLE_USAGE(.BOTH.,#11749);
#11749 = SURFACE_SIDE_STYLE('',(#11750));
#11750 = SURFACE_STYLE_FILL_AREA(#11751);
#11751 = FILL_AREA_STYLE('',(#11752));
#11752 = FILL_AREA_STYLE_COLOUR('',#10222);
#11753 = STYLED_ITEM('color',(#11754),#6933);
#11754 = PRESENTATION_STYLE_ASSIGNMENT((#11755));
#11755 = SURFACE_STYLE_USAGE(.BOTH.,#11756);
#11756 = SURFACE_SIDE_STYLE('',(#11757));
#11757 = SURFACE_STYLE_FILL_AREA(#11758);
#11758 = FILL_AREA_STYLE('',(#11759));
#11759 = FILL_AREA_STYLE_COLOUR('',#10222);
#11760 = STYLED_ITEM('color',(#11761),#6945);
#11761 = PRESENTATION_STYLE_ASSIGNMENT((#11762));
#11762 = SURFACE_STYLE_USAGE(.BOTH.,#11763);
#11763 = SURFACE_SIDE_STYLE('',(#11764));
#11764 = SURFACE_STYLE_FILL_AREA(#11765);
#11765 = FILL_AREA_STYLE('',(#11766));
#11766 = FILL_AREA_STYLE_COLOUR('',#10222);
#11767 = STYLED_ITEM('color',(#11768),#6957);
#11768 = PRESENTATION_STYLE_ASSIGNMENT((#11769));
#11769 = SURFACE_STYLE_USAGE(.BOTH.,#11770);
#11770 = SURFACE_SIDE_STYLE('',(#11771));
#11771 = SURFACE_STYLE_FILL_AREA(#11772);
#11772 = FILL_AREA_STYLE('',(#11773));
#11773 = FILL_AREA_STYLE_COLOUR('',#10222);
#11774 = STYLED_ITEM('color',(#11775),#6974);
#11775 = PRESENTATION_STYLE_ASSIGNMENT((#11776));
#11776 = SURFACE_STYLE_USAGE(.BOTH.,#11777);
#11777 = SURFACE_SIDE_STYLE('',(#11778));
#11778 = SURFACE_STYLE_FILL_AREA(#11779);
#11779 = FILL_AREA_STYLE('',(#11780));
#11780 = FILL_AREA_STYLE_COLOUR('',#10222);
#11781 = STYLED_ITEM('color',(#11782),#6986);
#11782 = PRESENTATION_STYLE_ASSIGNMENT((#11783));
#11783 = SURFACE_STYLE_USAGE(.BOTH.,#11784);
#11784 = SURFACE_SIDE_STYLE('',(#11785));
#11785 = SURFACE_STYLE_FILL_AREA(#11786);
#11786 = FILL_AREA_STYLE('',(#11787));
#11787 = FILL_AREA_STYLE_COLOUR('',#10222);
#11788 = STYLED_ITEM('color',(#11789),#7003);
#11789 = PRESENTATION_STYLE_ASSIGNMENT((#11790));
#11790 = SURFACE_STYLE_USAGE(.BOTH.,#11791);
#11791 = SURFACE_SIDE_STYLE('',(#11792));
#11792 = SURFACE_STYLE_FILL_AREA(#11793);
#11793 = FILL_AREA_STYLE('',(#11794));
#11794 = FILL_AREA_STYLE_COLOUR('',#10222);
#11795 = STYLED_ITEM('color',(#11796),#7020);
#11796 = PRESENTATION_STYLE_ASSIGNMENT((#11797));
#11797 = SURFACE_STYLE_USAGE(.BOTH.,#11798);
#11798 = SURFACE_SIDE_STYLE('',(#11799));
#11799 = SURFACE_STYLE_FILL_AREA(#11800);
#11800 = FILL_AREA_STYLE('',(#11801));
#11801 = FILL_AREA_STYLE_COLOUR('',#10222);
#11802 = STYLED_ITEM('color',(#11803),#7037);
#11803 = PRESENTATION_STYLE_ASSIGNMENT((#11804));
#11804 = SURFACE_STYLE_USAGE(.BOTH.,#11805);
#11805 = SURFACE_SIDE_STYLE('',(#11806));
#11806 = SURFACE_STYLE_FILL_AREA(#11807);
#11807 = FILL_AREA_STYLE('',(#11808));
#11808 = FILL_AREA_STYLE_COLOUR('',#10222);
#11809 = STYLED_ITEM('color',(#11810),#7059);
#11810 = PRESENTATION_STYLE_ASSIGNMENT((#11811));
#11811 = SURFACE_STYLE_USAGE(.BOTH.,#11812);
#11812 = SURFACE_SIDE_STYLE('',(#11813));
#11813 = SURFACE_STYLE_FILL_AREA(#11814);
#11814 = FILL_AREA_STYLE('',(#11815));
#11815 = FILL_AREA_STYLE_COLOUR('',#10222);
#11816 = STYLED_ITEM('color',(#11817),#7071);
#11817 = PRESENTATION_STYLE_ASSIGNMENT((#11818));
#11818 = SURFACE_STYLE_USAGE(.BOTH.,#11819);
#11819 = SURFACE_SIDE_STYLE('',(#11820));
#11820 = SURFACE_STYLE_FILL_AREA(#11821);
#11821 = FILL_AREA_STYLE('',(#11822));
#11822 = FILL_AREA_STYLE_COLOUR('',#10222);
#11823 = STYLED_ITEM('color',(#11824),#7083);
#11824 = PRESENTATION_STYLE_ASSIGNMENT((#11825));
#11825 = SURFACE_STYLE_USAGE(.BOTH.,#11826);
#11826 = SURFACE_SIDE_STYLE('',(#11827));
#11827 = SURFACE_STYLE_FILL_AREA(#11828);
#11828 = FILL_AREA_STYLE('',(#11829));
#11829 = FILL_AREA_STYLE_COLOUR('',#10222);
#11830 = STYLED_ITEM('color',(#11831),#7100);
#11831 = PRESENTATION_STYLE_ASSIGNMENT((#11832));
#11832 = SURFACE_STYLE_USAGE(.BOTH.,#11833);
#11833 = SURFACE_SIDE_STYLE('',(#11834));
#11834 = SURFACE_STYLE_FILL_AREA(#11835);
#11835 = FILL_AREA_STYLE('',(#11836));
#11836 = FILL_AREA_STYLE_COLOUR('',#10222);
#11837 = STYLED_ITEM('color',(#11838),#7112);
#11838 = PRESENTATION_STYLE_ASSIGNMENT((#11839));
#11839 = SURFACE_STYLE_USAGE(.BOTH.,#11840);
#11840 = SURFACE_SIDE_STYLE('',(#11841));
#11841 = SURFACE_STYLE_FILL_AREA(#11842);
#11842 = FILL_AREA_STYLE('',(#11843));
#11843 = FILL_AREA_STYLE_COLOUR('',#10222);
#11844 = STYLED_ITEM('color',(#11845),#7129);
#11845 = PRESENTATION_STYLE_ASSIGNMENT((#11846));
#11846 = SURFACE_STYLE_USAGE(.BOTH.,#11847);
#11847 = SURFACE_SIDE_STYLE('',(#11848));
#11848 = SURFACE_STYLE_FILL_AREA(#11849);
#11849 = FILL_AREA_STYLE('',(#11850));
#11850 = FILL_AREA_STYLE_COLOUR('',#10222);
#11851 = STYLED_ITEM('color',(#11852),#7151);
#11852 = PRESENTATION_STYLE_ASSIGNMENT((#11853));
#11853 = SURFACE_STYLE_USAGE(.BOTH.,#11854);
#11854 = SURFACE_SIDE_STYLE('',(#11855));
#11855 = SURFACE_STYLE_FILL_AREA(#11856);
#11856 = FILL_AREA_STYLE('',(#11857));
#11857 = FILL_AREA_STYLE_COLOUR('',#10222);
#11858 = STYLED_ITEM('color',(#11859),#7163);
#11859 = PRESENTATION_STYLE_ASSIGNMENT((#11860));
#11860 = SURFACE_STYLE_USAGE(.BOTH.,#11861);
#11861 = SURFACE_SIDE_STYLE('',(#11862));
#11862 = SURFACE_STYLE_FILL_AREA(#11863);
#11863 = FILL_AREA_STYLE('',(#11864));
#11864 = FILL_AREA_STYLE_COLOUR('',#10222);
#11865 = STYLED_ITEM('color',(#11866),#7180);
#11866 = PRESENTATION_STYLE_ASSIGNMENT((#11867));
#11867 = SURFACE_STYLE_USAGE(.BOTH.,#11868);
#11868 = SURFACE_SIDE_STYLE('',(#11869));
#11869 = SURFACE_STYLE_FILL_AREA(#11870);
#11870 = FILL_AREA_STYLE('',(#11871));
#11871 = FILL_AREA_STYLE_COLOUR('',#10222);
#11872 = STYLED_ITEM('color',(#11873),#7192);
#11873 = PRESENTATION_STYLE_ASSIGNMENT((#11874));
#11874 = SURFACE_STYLE_USAGE(.BOTH.,#11875);
#11875 = SURFACE_SIDE_STYLE('',(#11876));
#11876 = SURFACE_STYLE_FILL_AREA(#11877);
#11877 = FILL_AREA_STYLE('',(#11878));
#11878 = FILL_AREA_STYLE_COLOUR('',#10222);
ENDSEC;
END-ISO-10303-21;
